2026-02-16T09:32:26.756+05:30  INFO 18440 --- [arihant-grc-tool] [main] com.grctool.ArihantGrcToolApplication    : Starting ArihantGrcToolApplication using Java 21.0.10 with PID 18440 (D:\Company_Projects\arihant-grc-tool\arihant-grc-tool\target\classes started by prathameshpawar in D:\Company_Projects\arihant-grc-tool\arihant-grc-tool)
2026-02-16T09:32:26.765+05:30  INFO 18440 --- [arihant-grc-tool] [main] com.grctool.ArihantGrcToolApplication    : No active profile set, falling back to 1 default profile: "default"
2026-02-16T09:32:27.560+05:30  INFO 18440 --- [arihant-grc-tool] [main] .s.d.r.c.RepositoryConfigurationDelegate : Bootstrapping Spring Data JPA repositories in DEFAULT mode.
2026-02-16T09:32:27.654+05:30  INFO 18440 --- [arihant-grc-tool] [main] .s.d.r.c.RepositoryConfigurationDelegate : Finished Spring Data repository scanning in 73 ms. Found 11 JPA repository interfaces.
2026-02-16T09:32:28.301+05:30  INFO 18440 --- [arihant-grc-tool] [main] o.s.boot.tomcat.TomcatWebServer          : Tomcat initialized with port 8085 (http)
2026-02-16T09:32:28.315+05:30  INFO 18440 --- [arihant-grc-tool] [main] o.apache.catalina.core.StandardService   : Starting service [Tomcat]
2026-02-16T09:32:28.316+05:30  INFO 18440 --- [arihant-grc-tool] [main] o.apache.catalina.core.StandardEngine    : Starting Servlet engine: [Apache Tomcat/11.0.18]
2026-02-16T09:32:28.378+05:30  INFO 18440 --- [arihant-grc-tool] [main] b.w.c.s.WebApplicationContextInitializer : Root WebApplicationContext: initialization completed in 1557 ms
2026-02-16T09:32:28.526+05:30 DEBUG 18440 --- [arihant-grc-tool] [main] o.s.w.f.ServerHttpObservationFilter      : Filter 'webMvcObservationFilter' configured for use
2026-02-16T09:32:28.823+05:30  INFO 18440 --- [arihant-grc-tool] [main] com.zaxxer.hikari.HikariDataSource       : HikariPool-1 - Starting...
2026-02-16T09:32:29.021+05:30  INFO 18440 --- [arihant-grc-tool] [main] com.zaxxer.hikari.pool.HikariPool        : HikariPool-1 - Added connection org.postgresql.jdbc.PgConnection@603d25db
2026-02-16T09:32:29.021+05:30  INFO 18440 --- [arihant-grc-tool] [main] com.zaxxer.hikari.HikariDataSource       : HikariPool-1 - Start completed.
2026-02-16T09:32:29.063+05:30  INFO 18440 --- [arihant-grc-tool] [main] org.flywaydb.core.FlywayExecutor         : Database: jdbc:postgresql://localhost:5432/grc_db (PostgreSQL 18.1)
2026-02-16T09:32:29.081+05:30  INFO 18440 --- [arihant-grc-tool] [main] o.f.c.i.resource.ResourceNameValidator   : 1 SQL migrations were detected but not run because they did not follow the filename convention.
2026-02-16T09:32:29.081+05:30  INFO 18440 --- [arihant-grc-tool] [main] o.f.c.i.resource.ResourceNameValidator   : Set 'validateMigrationNaming' to true to fail fast and see a list of the invalid file names.
2026-02-16T09:32:29.192+05:30  INFO 18440 --- [arihant-grc-tool] [main] o.f.core.internal.command.DbValidate     : Successfully validated 18 migrations (execution time 00:00.049s)
2026-02-16T09:32:29.224+05:30  INFO 18440 --- [arihant-grc-tool] [main] o.f.core.internal.command.DbMigrate      : Current version of schema "public": 19
2026-02-16T09:32:29.224+05:30  WARN 18440 --- [arihant-grc-tool] [main] o.f.core.internal.command.DbMigrate      : outOfOrder mode is active. Migration of schema "public" may not be reproducible.
2026-02-16T09:32:29.229+05:30  INFO 18440 --- [arihant-grc-tool] [main] o.f.core.internal.command.DbMigrate      : Schema "public" is up to date. No migration necessary.
2026-02-16T09:32:29.866+05:30  INFO 18440 --- [arihant-grc-tool] [main] o.s.o.j.p.SpringPersistenceUnitInfo      : No LoadTimeWeaver setup: ignoring JPA class transformer
2026-02-16T09:32:31.124+05:30  INFO 18440 --- [arihant-grc-tool] [main] j.LocalContainerEntityManagerFactoryBean : Initialized JPA EntityManagerFactory for persistence unit 'default'
2026-02-16T09:32:31.203+05:30  INFO 18440 --- [arihant-grc-tool] [main] o.s.d.j.r.query.QueryEnhancerFactories   : Hibernate is in classpath; If applicable, HQL parser will be used.
2026-02-16T09:32:32.264+05:30  WARN 18440 --- [arihant-grc-tool] [main] JpaBaseConfiguration$JpaWebConfiguration : spring.jpa.open-in-view is enabled by default. Therefore, database queries may be performed during view rendering. Explicitly configure spring.jpa.open-in-view to disable this warning
2026-02-16T09:32:32.625+05:30 DEBUG 18440 --- [arihant-grc-tool] [main] s.w.s.m.m.a.RequestMappingHandlerMapping : 40 mappings in 'requestMappingHandlerMapping'
2026-02-16T09:32:32.648+05:30 DEBUG 18440 --- [arihant-grc-tool] [main] o.s.w.s.handler.SimpleUrlHandlerMapping  : Patterns [/webjars/**, /**] in 'resourceHandlerMapping'
2026-02-16T09:32:32.667+05:30 DEBUG 18440 --- [arihant-grc-tool] [main] s.w.s.m.m.a.RequestMappingHandlerAdapter : ControllerAdvice beans: 0 @ModelAttribute, 0 @InitBinder, 2 RequestBodyAdvice, 1 ResponseBodyAdvice
2026-02-16T09:32:32.711+05:30 DEBUG 18440 --- [arihant-grc-tool] [main] .m.m.a.ExceptionHandlerExceptionResolver : ControllerAdvice beans: 1 @ExceptionHandler, 1 ResponseBodyAdvice
2026-02-16T09:32:32.868+05:30  INFO 18440 --- [arihant-grc-tool] [main] o.s.b.a.e.web.EndpointLinksResolver      : Exposing 1 endpoint beneath base path '/actuator'
2026-02-16T09:32:32.931+05:30  INFO 18440 --- [arihant-grc-tool] [main] o.s.boot.tomcat.TomcatWebServer          : Tomcat started on port 8085 (http) with context path '/'
2026-02-16T09:32:32.943+05:30  INFO 18440 --- [arihant-grc-tool] [main] com.grctool.ArihantGrcToolApplication    : Started ArihantGrcToolApplication in 6.668 seconds (process running for 7.088)
2026-02-16T09:32:55.923+05:30  INFO 18440 --- [arihant-grc-tool] [http-nio-8085-exec-1] o.a.c.c.C.[Tomcat].[localhost].[/]       : Initializing Spring DispatcherServlet 'dispatcherServlet'
2026-02-16T09:32:55.923+05:30  INFO 18440 --- [arihant-grc-tool] [http-nio-8085-exec-1] o.s.web.servlet.DispatcherServlet        : Initializing Servlet 'dispatcherServlet'
2026-02-16T09:32:55.923+05:30 DEBUG 18440 --- [arihant-grc-tool] [http-nio-8085-exec-1] o.s.web.servlet.DispatcherServlet        : Detected StandardServletMultipartResolver
2026-02-16T09:32:55.923+05:30 DEBUG 18440 --- [arihant-grc-tool] [http-nio-8085-exec-1] o.s.web.servlet.DispatcherServlet        : Detected AcceptHeaderLocaleResolver
2026-02-16T09:32:55.923+05:30 DEBUG 18440 --- [arihant-grc-tool] [http-nio-8085-exec-1] o.s.web.servlet.DispatcherServlet        : Detected org.springframework.web.servlet.view.DefaultRequestToViewNameTranslator@3228b5a1
2026-02-16T09:32:55.923+05:30 DEBUG 18440 --- [arihant-grc-tool] [http-nio-8085-exec-1] o.s.web.servlet.DispatcherServlet        : Detected org.springframework.web.servlet.support.SessionFlashMapManager@623c62b9
2026-02-16T09:32:55.923+05:30 DEBUG 18440 --- [arihant-grc-tool] [http-nio-8085-exec-1] o.s.web.servlet.DispatcherServlet        : enableLoggingRequestDetails='false': request parameters and headers will be masked to prevent unsafe logging of potentially sensitive data
2026-02-16T09:32:55.923+05:30  INFO 18440 --- [arihant-grc-tool] [http-nio-8085-exec-1] o.s.web.servlet.DispatcherServlet        : Completed initialization in 0 ms
2026-02-16T09:33:18.824+05:30 DEBUG 18440 --- [arihant-grc-tool] [http-nio-8085-exec-2] o.s.web.client.DefaultRestClient         : Writing [{grant_type=[authorization_code], code=[4/0AfrIepBOuHLW-VdIg7WOXHtwkiifR1k5aLqaidPkzTEM4KPesqdfb1pgFMH_rN-OArzdTA], redirect_uri=[http://localhost:8085/login/oauth2/code/google], code_verifier=[EBdCLxP2AofNEmVUDVW3Nrs90qN5XEc7sEY2GQmpo_juMjetp8H6iNAC0iZQAiaCbnImeTRuu_1HQ0VnHIPOzvH5CRHkcUItQu1Vld2ScdZbctvRGNPXzwjB_DZbicee]}] as "application/x-www-form-urlencoded" with org.springframework.http.converter.FormHttpMessageConverter
2026-02-16T09:33:20.199+05:30 DEBUG 18440 --- [arihant-grc-tool] [http-nio-8085-exec-2] o.s.web.client.DefaultRestClient         : Reading to [org.springframework.security.oauth2.core.endpoint.OAuth2AccessTokenResponse] as "application/json;charset=utf-8"
2026-02-16T09:33:20.471+05:30 DEBUG 18440 --- [arihant-grc-tool] [http-nio-8085-exec-2] org.springframework.web.HttpLogging      : HTTP GET https://www.googleapis.com/oauth2/v3/certs
2026-02-16T09:33:20.478+05:30 DEBUG 18440 --- [arihant-grc-tool] [http-nio-8085-exec-2] org.springframework.web.HttpLogging      : Accept=[text/plain, application/json, application/*+json, */*]
2026-02-16T09:33:20.505+05:30 DEBUG 18440 --- [arihant-grc-tool] [http-nio-8085-exec-2] org.springframework.web.HttpLogging      : Response 200 OK
2026-02-16T09:33:20.505+05:30 DEBUG 18440 --- [arihant-grc-tool] [http-nio-8085-exec-2] org.springframework.web.HttpLogging      : Reading to [java.lang.String] as "application/json;charset=UTF-8"
2026-02-16T09:33:20.537+05:30 DEBUG 18440 --- [arihant-grc-tool] [http-nio-8085-exec-2] o.s.web.client.RestTemplate              : HTTP GET https://www.googleapis.com/oauth2/v3/userinfo
2026-02-16T09:33:20.537+05:30 DEBUG 18440 --- [arihant-grc-tool] [http-nio-8085-exec-2] o.s.web.client.RestTemplate              : Accept=[application/json, application/*+json]
2026-02-16T09:33:20.636+05:30 DEBUG 18440 --- [arihant-grc-tool] [http-nio-8085-exec-2] o.s.web.client.RestTemplate              : Response 200 OK
2026-02-16T09:33:20.636+05:30 DEBUG 18440 --- [arihant-grc-tool] [http-nio-8085-exec-2] o.s.web.client.RestTemplate              : Reading to [java.util.Map<java.lang.String, java.lang.Object>]
2026-02-16T09:33:21.208+05:30 DEBUG 18440 --- [arihant-grc-tool] [http-nio-8085-exec-9] o.s.web.servlet.DispatcherServlet        : GET "/api/users/v1/auth/me", parameters={}
2026-02-16T09:33:21.215+05:30 DEBUG 18440 --- [arihant-grc-tool] [http-nio-8085-exec-9] s.w.s.m.m.a.RequestMappingHandlerMapping : Mapped to com.grctool.controller.UserController#getCurrentUser(OidcUser)
2026-02-16T09:33:21.256+05:30 DEBUG 18440 --- [arihant-grc-tool] [http-nio-8085-exec-9] o.s.w.s.m.m.a.HttpEntityMethodProcessor  : Using 'application/json', given [application/json, text/plain, */*] and supported [application/json, application/*+json]
2026-02-16T09:33:21.271+05:30 DEBUG 18440 --- [arihant-grc-tool] [http-nio-8085-exec-9] o.s.w.s.m.m.a.HttpEntityMethodProcessor  : Writing [{role=ADMIN, name=Prathmesh Pawar, email=prathmeshpawar4169@gmail.com, picture=https://lh3.googleuse (truncated)...]
2026-02-16T09:33:21.305+05:30 DEBUG 18440 --- [arihant-grc-tool] [http-nio-8085-exec-9] o.s.web.servlet.DispatcherServlet        : Completed 200 OK
2026-02-16T09:33:21.482+05:30 DEBUG 18440 --- [arihant-grc-tool] [http-nio-8085-exec-1] o.s.web.servlet.DispatcherServlet        : GET "/api/compliance/frameworks", parameters={}
2026-02-16T09:33:21.482+05:30 DEBUG 18440 --- [arihant-grc-tool] [http-nio-8085-exec-5] o.s.web.servlet.DispatcherServlet        : GET "/api/risks", parameters={}
2026-02-16T09:33:21.482+05:30 DEBUG 18440 --- [arihant-grc-tool] [http-nio-8085-exec-7] o.s.web.servlet.DispatcherServlet        : GET "/api/policies", parameters={}
2026-02-16T09:33:21.482+05:30 DEBUG 18440 --- [arihant-grc-tool] [http-nio-8085-exec-4] o.s.web.servlet.DispatcherServlet        : GET "/api/audits", parameters={}
2026-02-16T09:33:21.483+05:30 DEBUG 18440 --- [arihant-grc-tool] [http-nio-8085-exec-5] s.w.s.m.m.a.RequestMappingHandlerMapping : Mapped to com.grctool.controller.RiskController#getAllRisk()
2026-02-16T09:33:21.483+05:30 DEBUG 18440 --- [arihant-grc-tool] [http-nio-8085-exec-7] s.w.s.m.m.a.RequestMappingHandlerMapping : Mapped to com.grctool.controller.PolicyController#getAllPolicies()
2026-02-16T09:33:21.483+05:30 DEBUG 18440 --- [arihant-grc-tool] [http-nio-8085-exec-1] s.w.s.m.m.a.RequestMappingHandlerMapping : Mapped to com.grctool.controller.ComplianceFrameworkController#getAll()
2026-02-16T09:33:21.483+05:30 DEBUG 18440 --- [arihant-grc-tool] [http-nio-8085-exec-4] s.w.s.m.m.a.RequestMappingHandlerMapping : Mapped to com.grctool.controller.AuditController#getAllAudits()
2026-02-16T09:33:21.695+05:30 DEBUG 18440 --- [arihant-grc-tool] [http-nio-8085-exec-4] m.m.a.RequestResponseBodyMethodProcessor : Using 'application/json', given [application/json, text/plain, */*] and supported [application/json, application/*+json]
2026-02-16T09:33:21.696+05:30 DEBUG 18440 --- [arihant-grc-tool] [http-nio-8085-exec-4] m.m.a.RequestResponseBodyMethodProcessor : Writing [[]]
2026-02-16T09:33:21.713+05:30 DEBUG 18440 --- [arihant-grc-tool] [http-nio-8085-exec-1] m.m.a.RequestResponseBodyMethodProcessor : Using 'application/json', given [application/json, text/plain, */*] and supported [application/json, application/*+json]
2026-02-16T09:33:21.713+05:30 DEBUG 18440 --- [arihant-grc-tool] [http-nio-8085-exec-5] m.m.a.RequestResponseBodyMethodProcessor : Using 'application/json', given [application/json, text/plain, */*] and supported [application/json, application/*+json]
2026-02-16T09:33:21.722+05:30 DEBUG 18440 --- [arihant-grc-tool] [http-nio-8085-exec-1] m.m.a.RequestResponseBodyMethodProcessor : Writing [[ComplianceFrameworkResponseDTO[id=c2c31bf9-273b-4011-bcbf-87b500e0d929, name=ISO 27001, version=202 (truncated)...]
2026-02-16T09:33:21.736+05:30 DEBUG 18440 --- [arihant-grc-tool] [http-nio-8085-exec-5] m.m.a.RequestResponseBodyMethodProcessor : Writing [[RiskResponseDTO[id=1c06cb47-2196-477e-bdb4-861765b627bb, title=Malware, description=Active Malware  (truncated)...]
2026-02-16T09:33:21.790+05:30 DEBUG 18440 --- [arihant-grc-tool] [http-nio-8085-exec-4] o.s.web.servlet.DispatcherServlet        : Completed 200 OK
2026-02-16T09:33:21.793+05:30 DEBUG 18440 --- [arihant-grc-tool] [http-nio-8085-exec-1] o.s.web.servlet.DispatcherServlet        : Completed 200 OK
2026-02-16T09:33:21.796+05:30 DEBUG 18440 --- [arihant-grc-tool] [http-nio-8085-exec-5] o.s.web.servlet.DispatcherServlet        : Completed 200 OK
2026-02-16T09:33:21.800+05:30 DEBUG 18440 --- [arihant-grc-tool] [http-nio-8085-exec-7] m.m.a.RequestResponseBodyMethodProcessor : Using 'application/json', given [application/json, text/plain, */*] and supported [application/json, application/*+json]
2026-02-16T09:33:21.813+05:30 DEBUG 18440 --- [arihant-grc-tool] [http-nio-8085-exec-7] m.m.a.RequestResponseBodyMethodProcessor : Writing [[PolicyResponseDTO[id=61b95ec4-dd7d-4b19-8b30-b0188b85baa6, title=Information Security Policy, versi (truncated)...]
2026-02-16T09:33:21.815+05:30 DEBUG 18440 --- [arihant-grc-tool] [http-nio-8085-exec-8] o.s.web.servlet.DispatcherServlet        : GET "/api/audits", parameters={}
2026-02-16T09:33:21.815+05:30 DEBUG 18440 --- [arihant-grc-tool] [http-nio-8085-exec-8] s.w.s.m.m.a.RequestMappingHandlerMapping : Mapped to com.grctool.controller.AuditController#getAllAudits()
2026-02-16T09:33:21.819+05:30 DEBUG 18440 --- [arihant-grc-tool] [http-nio-8085-exec-7] o.s.web.servlet.DispatcherServlet        : Completed 200 OK
2026-02-16T09:33:21.822+05:30 DEBUG 18440 --- [arihant-grc-tool] [http-nio-8085-exec-10] o.s.web.servlet.DispatcherServlet        : GET "/api/compliance/frameworks", parameters={}
2026-02-16T09:33:21.823+05:30 DEBUG 18440 --- [arihant-grc-tool] [http-nio-8085-exec-10] s.w.s.m.m.a.RequestMappingHandlerMapping : Mapped to com.grctool.controller.ComplianceFrameworkController#getAll()
2026-02-16T09:33:21.823+05:30 DEBUG 18440 --- [arihant-grc-tool] [http-nio-8085-exec-8] m.m.a.RequestResponseBodyMethodProcessor : Using 'application/json', given [application/json, text/plain, */*] and supported [application/json, application/*+json]
2026-02-16T09:33:21.824+05:30 DEBUG 18440 --- [arihant-grc-tool] [http-nio-8085-exec-8] m.m.a.RequestResponseBodyMethodProcessor : Writing [[]]
2026-02-16T09:33:21.825+05:30 DEBUG 18440 --- [arihant-grc-tool] [http-nio-8085-exec-8] o.s.web.servlet.DispatcherServlet        : Completed 200 OK
2026-02-16T09:33:21.834+05:30 DEBUG 18440 --- [arihant-grc-tool] [http-nio-8085-exec-10] m.m.a.RequestResponseBodyMethodProcessor : Using 'application/json', given [application/json, text/plain, */*] and supported [application/json, application/*+json]
2026-02-16T09:33:21.834+05:30 DEBUG 18440 --- [arihant-grc-tool] [http-nio-8085-exec-10] m.m.a.RequestResponseBodyMethodProcessor : Writing [[ComplianceFrameworkResponseDTO[id=c2c31bf9-273b-4011-bcbf-87b500e0d929, name=ISO 27001, version=202 (truncated)...]
2026-02-16T09:33:21.835+05:30 DEBUG 18440 --- [arihant-grc-tool] [http-nio-8085-exec-6] o.s.web.servlet.DispatcherServlet        : GET "/api/risks", parameters={}
2026-02-16T09:33:21.837+05:30 DEBUG 18440 --- [arihant-grc-tool] [http-nio-8085-exec-10] o.s.web.servlet.DispatcherServlet        : Completed 200 OK
2026-02-16T09:33:21.838+05:30 DEBUG 18440 --- [arihant-grc-tool] [http-nio-8085-exec-6] s.w.s.m.m.a.RequestMappingHandlerMapping : Mapped to com.grctool.controller.RiskController#getAllRisk()
2026-02-16T09:33:21.842+05:30 DEBUG 18440 --- [arihant-grc-tool] [http-nio-8085-exec-3] o.s.web.servlet.DispatcherServlet        : GET "/api/policies", parameters={}
2026-02-16T09:33:21.843+05:30 DEBUG 18440 --- [arihant-grc-tool] [http-nio-8085-exec-3] s.w.s.m.m.a.RequestMappingHandlerMapping : Mapped to com.grctool.controller.PolicyController#getAllPolicies()
2026-02-16T09:33:21.844+05:30 DEBUG 18440 --- [arihant-grc-tool] [http-nio-8085-exec-6] m.m.a.RequestResponseBodyMethodProcessor : Using 'application/json', given [application/json, text/plain, */*] and supported [application/json, application/*+json]
2026-02-16T09:33:21.845+05:30 DEBUG 18440 --- [arihant-grc-tool] [http-nio-8085-exec-6] m.m.a.RequestResponseBodyMethodProcessor : Writing [[RiskResponseDTO[id=1c06cb47-2196-477e-bdb4-861765b627bb, title=Malware, description=Active Malware  (truncated)...]
2026-02-16T09:33:21.846+05:30 DEBUG 18440 --- [arihant-grc-tool] [http-nio-8085-exec-6] o.s.web.servlet.DispatcherServlet        : Completed 200 OK
2026-02-16T09:33:21.854+05:30 DEBUG 18440 --- [arihant-grc-tool] [http-nio-8085-exec-3] m.m.a.RequestResponseBodyMethodProcessor : Using 'application/json', given [application/json, text/plain, */*] and supported [application/json, application/*+json]
2026-02-16T09:33:21.854+05:30 DEBUG 18440 --- [arihant-grc-tool] [http-nio-8085-exec-3] m.m.a.RequestResponseBodyMethodProcessor : Writing [[PolicyResponseDTO[id=61b95ec4-dd7d-4b19-8b30-b0188b85baa6, title=Information Security Policy, versi (truncated)...]
2026-02-16T09:33:21.854+05:30 DEBUG 18440 --- [arihant-grc-tool] [http-nio-8085-exec-3] o.s.web.servlet.DispatcherServlet        : Completed 200 OK
2026-02-16T09:33:27.172+05:30 DEBUG 18440 --- [arihant-grc-tool] [http-nio-8085-exec-2] o.s.web.servlet.DispatcherServlet        : GET "/api/users/v1/auth/me", parameters={}
2026-02-16T09:33:27.173+05:30 DEBUG 18440 --- [arihant-grc-tool] [http-nio-8085-exec-2] s.w.s.m.m.a.RequestMappingHandlerMapping : Mapped to com.grctool.controller.UserController#getCurrentUser(OidcUser)
2026-02-16T09:33:27.174+05:30 DEBUG 18440 --- [arihant-grc-tool] [http-nio-8085-exec-2] o.s.w.s.m.m.a.HttpEntityMethodProcessor  : Using 'application/json', given [application/json, text/plain, */*] and supported [application/json, application/*+json]
2026-02-16T09:33:27.174+05:30 DEBUG 18440 --- [arihant-grc-tool] [http-nio-8085-exec-2] o.s.w.s.m.m.a.HttpEntityMethodProcessor  : Writing [{role=ADMIN, name=Prathmesh Pawar, email=prathmeshpawar4169@gmail.com, picture=https://lh3.googleuse (truncated)...]
2026-02-16T09:33:27.175+05:30 DEBUG 18440 --- [arihant-grc-tool] [http-nio-8085-exec-2] o.s.web.servlet.DispatcherServlet        : Completed 200 OK
2026-02-16T09:37:17.037+05:30 DEBUG 18440 --- [arihant-grc-tool] [http-nio-8085-exec-7] o.s.web.servlet.DispatcherServlet        : GET "/api/users/v1/auth/me", parameters={}
2026-02-16T09:37:17.037+05:30 DEBUG 18440 --- [arihant-grc-tool] [http-nio-8085-exec-7] s.w.s.m.m.a.RequestMappingHandlerMapping : Mapped to com.grctool.controller.UserController#getCurrentUser(OidcUser)
2026-02-16T09:37:17.038+05:30 DEBUG 18440 --- [arihant-grc-tool] [http-nio-8085-exec-7] o.s.w.s.m.m.a.HttpEntityMethodProcessor  : Using 'application/json', given [application/json, text/plain, */*] and supported [application/json, application/*+json]
2026-02-16T09:37:17.039+05:30 DEBUG 18440 --- [arihant-grc-tool] [http-nio-8085-exec-7] o.s.w.s.m.m.a.HttpEntityMethodProcessor  : Writing [{role=ADMIN, name=Prathmesh Pawar, email=prathmeshpawar4169@gmail.com, picture=https://lh3.googleuse (truncated)...]
2026-02-16T09:37:17.040+05:30 DEBUG 18440 --- [arihant-grc-tool] [http-nio-8085-exec-7] o.s.web.servlet.DispatcherServlet        : Completed 200 OK
2026-02-16T09:37:19.958+05:30 DEBUG 18440 --- [arihant-grc-tool] [http-nio-8085-exec-8] o.s.web.servlet.DispatcherServlet        : GET "/api/users/v1/auth/me", parameters={}
2026-02-16T09:37:19.959+05:30 DEBUG 18440 --- [arihant-grc-tool] [http-nio-8085-exec-8] s.w.s.m.m.a.RequestMappingHandlerMapping : Mapped to com.grctool.controller.UserController#getCurrentUser(OidcUser)
2026-02-16T09:37:19.960+05:30 DEBUG 18440 --- [arihant-grc-tool] [http-nio-8085-exec-8] o.s.w.s.m.m.a.HttpEntityMethodProcessor  : Using 'application/json', given [application/json, text/plain, */*] and supported [application/json, application/*+json]
2026-02-16T09:37:19.960+05:30 DEBUG 18440 --- [arihant-grc-tool] [http-nio-8085-exec-8] o.s.w.s.m.m.a.HttpEntityMethodProcessor  : Writing [{role=ADMIN, name=Prathmesh Pawar, email=prathmeshpawar4169@gmail.com, picture=https://lh3.googleuse (truncated)...]
2026-02-16T09:37:19.961+05:30 DEBUG 18440 --- [arihant-grc-tool] [http-nio-8085-exec-8] o.s.web.servlet.DispatcherServlet        : Completed 200 OK
2026-02-16T09:37:21.879+05:30 DEBUG 18440 --- [arihant-grc-tool] [http-nio-8085-exec-10] o.s.web.servlet.DispatcherServlet        : GET "/api/users/v1/auth/me", parameters={}
2026-02-16T09:37:21.880+05:30 DEBUG 18440 --- [arihant-grc-tool] [http-nio-8085-exec-10] s.w.s.m.m.a.RequestMappingHandlerMapping : Mapped to com.grctool.controller.UserController#getCurrentUser(OidcUser)
2026-02-16T09:37:21.881+05:30 DEBUG 18440 --- [arihant-grc-tool] [http-nio-8085-exec-10] o.s.w.s.m.m.a.HttpEntityMethodProcessor  : Using 'application/json', given [application/json, text/plain, */*] and supported [application/json, application/*+json]
2026-02-16T09:37:21.881+05:30 DEBUG 18440 --- [arihant-grc-tool] [http-nio-8085-exec-10] o.s.w.s.m.m.a.HttpEntityMethodProcessor  : Writing [{role=ADMIN, name=Prathmesh Pawar, email=prathmeshpawar4169@gmail.com, picture=https://lh3.googleuse (truncated)...]
2026-02-16T09:37:21.883+05:30 DEBUG 18440 --- [arihant-grc-tool] [http-nio-8085-exec-10] o.s.web.servlet.DispatcherServlet        : Completed 200 OK
2026-02-16T09:37:23.724+05:30 DEBUG 18440 --- [arihant-grc-tool] [http-nio-8085-exec-6] o.s.web.servlet.DispatcherServlet        : GET "/api/users/v1/auth/me", parameters={}
2026-02-16T09:37:23.725+05:30 DEBUG 18440 --- [arihant-grc-tool] [http-nio-8085-exec-6] s.w.s.m.m.a.RequestMappingHandlerMapping : Mapped to com.grctool.controller.UserController#getCurrentUser(OidcUser)
2026-02-16T09:37:23.725+05:30 DEBUG 18440 --- [arihant-grc-tool] [http-nio-8085-exec-6] o.s.w.s.m.m.a.HttpEntityMethodProcessor  : Using 'application/json', given [application/json, text/plain, */*] and supported [application/json, application/*+json]
2026-02-16T09:37:23.726+05:30 DEBUG 18440 --- [arihant-grc-tool] [http-nio-8085-exec-6] o.s.w.s.m.m.a.HttpEntityMethodProcessor  : Writing [{role=ADMIN, name=Prathmesh Pawar, email=prathmeshpawar4169@gmail.com, picture=https://lh3.googleuse (truncated)...]
2026-02-16T09:37:23.727+05:30 DEBUG 18440 --- [arihant-grc-tool] [http-nio-8085-exec-6] o.s.web.servlet.DispatcherServlet        : Completed 200 OK
2026-02-16T09:37:25.037+05:30 DEBUG 18440 --- [arihant-grc-tool] [http-nio-8085-exec-3] o.s.web.servlet.DispatcherServlet        : GET "/api/users/v1/auth/me", parameters={}
2026-02-16T09:37:25.038+05:30 DEBUG 18440 --- [arihant-grc-tool] [http-nio-8085-exec-3] s.w.s.m.m.a.RequestMappingHandlerMapping : Mapped to com.grctool.controller.UserController#getCurrentUser(OidcUser)
2026-02-16T09:37:25.039+05:30 DEBUG 18440 --- [arihant-grc-tool] [http-nio-8085-exec-3] o.s.w.s.m.m.a.HttpEntityMethodProcessor  : Using 'application/json', given [application/json, text/plain, */*] and supported [application/json, application/*+json]
2026-02-16T09:37:25.039+05:30 DEBUG 18440 --- [arihant-grc-tool] [http-nio-8085-exec-3] o.s.w.s.m.m.a.HttpEntityMethodProcessor  : Writing [{role=ADMIN, name=Prathmesh Pawar, email=prathmeshpawar4169@gmail.com, picture=https://lh3.googleuse (truncated)...]
2026-02-16T09:37:25.040+05:30 DEBUG 18440 --- [arihant-grc-tool] [http-nio-8085-exec-3] o.s.web.servlet.DispatcherServlet        : Completed 200 OK
2026-02-16T09:38:39.033+05:30 DEBUG 18440 --- [arihant-grc-tool] [http-nio-8085-exec-5] o.s.web.servlet.DispatcherServlet        : GET "/api/users/v1/auth/me", parameters={}
2026-02-16T09:38:39.034+05:30 DEBUG 18440 --- [arihant-grc-tool] [http-nio-8085-exec-5] s.w.s.m.m.a.RequestMappingHandlerMapping : Mapped to com.grctool.controller.UserController#getCurrentUser(OidcUser)
2026-02-16T09:38:39.035+05:30 DEBUG 18440 --- [arihant-grc-tool] [http-nio-8085-exec-5] o.s.w.s.m.m.a.HttpEntityMethodProcessor  : Using 'application/json', given [application/json, text/plain, */*] and supported [application/json, application/*+json]
2026-02-16T09:38:39.036+05:30 DEBUG 18440 --- [arihant-grc-tool] [http-nio-8085-exec-5] o.s.w.s.m.m.a.HttpEntityMethodProcessor  : Writing [{role=ADMIN, name=Prathmesh Pawar, email=prathmeshpawar4169@gmail.com, picture=https://lh3.googleuse (truncated)...]
2026-02-16T09:38:39.037+05:30 DEBUG 18440 --- [arihant-grc-tool] [http-nio-8085-exec-5] o.s.web.servlet.DispatcherServlet        : Completed 200 OK
2026-02-16T09:39:15.389+05:30 DEBUG 18440 --- [arihant-grc-tool] [http-nio-8085-exec-8] o.s.web.servlet.DispatcherServlet        : GET "/api/incidents", parameters={}
2026-02-16T09:39:15.389+05:30 DEBUG 18440 --- [arihant-grc-tool] [http-nio-8085-exec-8] s.w.s.m.m.a.RequestMappingHandlerMapping : Mapped to com.grctool.controller.IncidentController#getAllIncidents()
2026-02-16T09:39:15.389+05:30 DEBUG 18440 --- [arihant-grc-tool] [http-nio-8085-exec-8] m.m.a.RequestResponseBodyMethodProcessor : Using 'application/json;q=0.8', given [text/html, application/xhtml+xml, image/avif, image/webp, image/apng, application/xml;q=0.9, */*;q=0.8] and supported [application/json, application/*+json]
2026-02-16T09:39:15.401+05:30 DEBUG 18440 --- [arihant-grc-tool] [http-nio-8085-exec-8] m.m.a.RequestResponseBodyMethodProcessor : Writing [[]]
2026-02-16T09:39:15.405+05:30 DEBUG 18440 --- [arihant-grc-tool] [http-nio-8085-exec-8] o.s.web.servlet.DispatcherServlet        : Completed 200 OK
2026-02-16T09:39:15.459+05:30 DEBUG 18440 --- [arihant-grc-tool] [http-nio-8085-exec-10] o.s.web.servlet.DispatcherServlet        : GET "/favicon.ico", parameters={}
2026-02-16T09:39:15.469+05:30 DEBUG 18440 --- [arihant-grc-tool] [http-nio-8085-exec-10] o.s.w.s.handler.SimpleUrlHandlerMapping  : Mapped to ResourceHttpRequestHandler [classpath [META-INF/resources/], classpath [resources/], classpath [static/], classpath [public/], ServletContext [/]]
2026-02-16T09:39:15.472+05:30 DEBUG 18440 --- [arihant-grc-tool] [http-nio-8085-exec-10] o.s.w.s.r.ResourceHttpRequestHandler     : Resource not found
2026-02-16T09:39:15.476+05:30 DEBUG 18440 --- [arihant-grc-tool] [http-nio-8085-exec-10] .w.s.m.s.DefaultHandlerExceptionResolver : Resolved [org.springframework.web.servlet.resource.NoResourceFoundException: No static resource favicon.ico for request '/favicon.ico'.]
2026-02-16T09:39:15.476+05:30 DEBUG 18440 --- [arihant-grc-tool] [http-nio-8085-exec-10] o.s.web.servlet.DispatcherServlet        : Completed 404 NOT_FOUND
2026-02-16T09:39:15.486+05:30 DEBUG 18440 --- [arihant-grc-tool] [http-nio-8085-exec-10] o.s.web.servlet.DispatcherServlet        : "ERROR" dispatch for GET "/error", parameters={}
2026-02-16T09:39:15.488+05:30 DEBUG 18440 --- [arihant-grc-tool] [http-nio-8085-exec-10] s.w.s.m.m.a.RequestMappingHandlerMapping : Mapped to org.springframework.boot.webmvc.autoconfigure.error.BasicErrorController#error(HttpServletRequest)
2026-02-16T09:39:15.492+05:30 DEBUG 18440 --- [arihant-grc-tool] [http-nio-8085-exec-10] o.s.w.s.m.m.a.HttpEntityMethodProcessor  : Using 'application/json;q=0.8', given [image/avif, image/webp, image/apng, image/svg+xml, image/*, */*;q=0.8] and supported [application/json, application/*+json]
2026-02-16T09:39:15.492+05:30 DEBUG 18440 --- [arihant-grc-tool] [http-nio-8085-exec-10] o.s.w.s.m.m.a.HttpEntityMethodProcessor  : Writing [{timestamp=Mon Feb 16 09:39:15 IST 2026, status=404, error=Not Found, path=/favicon.ico}]
2026-02-16T09:39:15.501+05:30 DEBUG 18440 --- [arihant-grc-tool] [http-nio-8085-exec-10] o.s.web.servlet.DispatcherServlet        : Exiting from "ERROR" dispatch, status 404
2026-02-16T09:39:25.489+05:30 DEBUG 18440 --- [arihant-grc-tool] [http-nio-8085-exec-6] o.s.web.servlet.DispatcherServlet        : GET "/incidents", parameters={}
2026-02-16T09:39:25.490+05:30 DEBUG 18440 --- [arihant-grc-tool] [http-nio-8085-exec-6] o.s.w.s.handler.SimpleUrlHandlerMapping  : Mapped to ResourceHttpRequestHandler [classpath [META-INF/resources/], classpath [resources/], classpath [static/], classpath [public/], ServletContext [/]]
2026-02-16T09:39:25.492+05:30 DEBUG 18440 --- [arihant-grc-tool] [http-nio-8085-exec-6] o.s.w.s.r.ResourceHttpRequestHandler     : Resource not found
2026-02-16T09:39:25.493+05:30 DEBUG 18440 --- [arihant-grc-tool] [http-nio-8085-exec-6] .w.s.m.s.DefaultHandlerExceptionResolver : Resolved [org.springframework.web.servlet.resource.NoResourceFoundException: No static resource incidents for request '/incidents'.]
2026-02-16T09:39:25.494+05:30 DEBUG 18440 --- [arihant-grc-tool] [http-nio-8085-exec-6] o.s.web.servlet.DispatcherServlet        : Completed 404 NOT_FOUND
2026-02-16T09:39:25.496+05:30 DEBUG 18440 --- [arihant-grc-tool] [http-nio-8085-exec-6] o.s.web.servlet.DispatcherServlet        : "ERROR" dispatch for GET "/error", parameters={}
2026-02-16T09:39:25.496+05:30 DEBUG 18440 --- [arihant-grc-tool] [http-nio-8085-exec-6] s.w.s.m.m.a.RequestMappingHandlerMapping : Mapped to org.springframework.boot.webmvc.autoconfigure.error.BasicErrorController#errorHtml(HttpServletRequest, HttpServletResponse)
2026-02-16T09:39:25.505+05:30 DEBUG 18440 --- [arihant-grc-tool] [http-nio-8085-exec-6] o.s.w.s.v.ContentNegotiatingViewResolver : Selected 'text/html' given [text/html, text/html;q=0.8]
2026-02-16T09:39:25.505+05:30 DEBUG 18440 --- [arihant-grc-tool] [http-nio-8085-exec-6] o.s.web.servlet.DispatcherServlet        : Exiting from "ERROR" dispatch, status 404
2026-02-16T09:40:22.307+05:30 DEBUG 18440 --- [arihant-grc-tool] [http-nio-8085-exec-2] o.s.web.servlet.DispatcherServlet        : GET "/api", parameters={}
2026-02-16T09:40:22.308+05:30 DEBUG 18440 --- [arihant-grc-tool] [http-nio-8085-exec-2] o.s.w.s.handler.SimpleUrlHandlerMapping  : Mapped to ResourceHttpRequestHandler [classpath [META-INF/resources/], classpath [resources/], classpath [static/], classpath [public/], ServletContext [/]]
2026-02-16T09:40:22.310+05:30 DEBUG 18440 --- [arihant-grc-tool] [http-nio-8085-exec-2] o.s.w.s.r.ResourceHttpRequestHandler     : Resource not found
2026-02-16T09:40:22.311+05:30 DEBUG 18440 --- [arihant-grc-tool] [http-nio-8085-exec-2] .w.s.m.s.DefaultHandlerExceptionResolver : Resolved [org.springframework.web.servlet.resource.NoResourceFoundException: No static resource api for request '/api'.]
2026-02-16T09:40:22.312+05:30 DEBUG 18440 --- [arihant-grc-tool] [http-nio-8085-exec-2] o.s.web.servlet.DispatcherServlet        : Completed 404 NOT_FOUND
2026-02-16T09:40:22.314+05:30 DEBUG 18440 --- [arihant-grc-tool] [http-nio-8085-exec-2] o.s.web.servlet.DispatcherServlet        : "ERROR" dispatch for GET "/error", parameters={}
2026-02-16T09:40:22.315+05:30 DEBUG 18440 --- [arihant-grc-tool] [http-nio-8085-exec-2] s.w.s.m.m.a.RequestMappingHandlerMapping : Mapped to org.springframework.boot.webmvc.autoconfigure.error.BasicErrorController#errorHtml(HttpServletRequest, HttpServletResponse)
2026-02-16T09:40:22.317+05:30 DEBUG 18440 --- [arihant-grc-tool] [http-nio-8085-exec-2] o.s.w.s.v.ContentNegotiatingViewResolver : Selected 'text/html' given [text/html, text/html;q=0.8]
2026-02-16T09:40:22.317+05:30 DEBUG 18440 --- [arihant-grc-tool] [http-nio-8085-exec-2] o.s.web.servlet.DispatcherServlet        : Exiting from "ERROR" dispatch, status 404
2026-02-16T09:40:29.424+05:30 DEBUG 18440 --- [arihant-grc-tool] [http-nio-8085-exec-9] o.s.web.servlet.DispatcherServlet        : GET "/api/policies", parameters={}
2026-02-16T09:40:29.425+05:30 DEBUG 18440 --- [arihant-grc-tool] [http-nio-8085-exec-9] s.w.s.m.m.a.RequestMappingHandlerMapping : Mapped to com.grctool.controller.PolicyController#getAllPolicies()
2026-02-16T09:40:29.442+05:30 DEBUG 18440 --- [arihant-grc-tool] [http-nio-8085-exec-9] m.m.a.RequestResponseBodyMethodProcessor : Using 'application/json;q=0.8', given [text/html, application/xhtml+xml, image/avif, image/webp, image/apng, application/xml;q=0.9, */*;q=0.8] and supported [application/json, application/*+json]
2026-02-16T09:40:29.442+05:30 DEBUG 18440 --- [arihant-grc-tool] [http-nio-8085-exec-9] m.m.a.RequestResponseBodyMethodProcessor : Writing [[PolicyResponseDTO[id=61b95ec4-dd7d-4b19-8b30-b0188b85baa6, title=Information Security Policy, versi (truncated)...]
2026-02-16T09:40:29.442+05:30 DEBUG 18440 --- [arihant-grc-tool] [http-nio-8085-exec-9] o.s.web.servlet.DispatcherServlet        : Completed 200 OK
2026-02-16T09:40:53.374+05:30 DEBUG 18440 --- [arihant-grc-tool] [http-nio-8085-exec-4] o.s.web.servlet.DispatcherServlet        : GET "/api/compliance/framework", parameters={}
2026-02-16T09:40:53.376+05:30 DEBUG 18440 --- [arihant-grc-tool] [http-nio-8085-exec-4] o.s.w.s.handler.SimpleUrlHandlerMapping  : Mapped to ResourceHttpRequestHandler [classpath [META-INF/resources/], classpath [resources/], classpath [static/], classpath [public/], ServletContext [/]]
2026-02-16T09:40:53.378+05:30 DEBUG 18440 --- [arihant-grc-tool] [http-nio-8085-exec-4] o.s.w.s.r.ResourceHttpRequestHandler     : Resource not found
2026-02-16T09:40:53.378+05:30 DEBUG 18440 --- [arihant-grc-tool] [http-nio-8085-exec-4] .w.s.m.s.DefaultHandlerExceptionResolver : Resolved [org.springframework.web.servlet.resource.NoResourceFoundException: No static resource api/compliance/framework for request '/api/compliance/framework'.]
2026-02-16T09:40:53.379+05:30 DEBUG 18440 --- [arihant-grc-tool] [http-nio-8085-exec-4] o.s.web.servlet.DispatcherServlet        : Completed 404 NOT_FOUND
2026-02-16T09:40:53.380+05:30 DEBUG 18440 --- [arihant-grc-tool] [http-nio-8085-exec-4] o.s.web.servlet.DispatcherServlet        : "ERROR" dispatch for GET "/error", parameters={}
2026-02-16T09:40:53.381+05:30 DEBUG 18440 --- [arihant-grc-tool] [http-nio-8085-exec-4] s.w.s.m.m.a.RequestMappingHandlerMapping : Mapped to org.springframework.boot.webmvc.autoconfigure.error.BasicErrorController#errorHtml(HttpServletRequest, HttpServletResponse)
2026-02-16T09:40:53.384+05:30 DEBUG 18440 --- [arihant-grc-tool] [http-nio-8085-exec-4] o.s.w.s.v.ContentNegotiatingViewResolver : Selected 'text/html' given [text/html, text/html;q=0.8]
2026-02-16T09:40:53.385+05:30 DEBUG 18440 --- [arihant-grc-tool] [http-nio-8085-exec-4] o.s.web.servlet.DispatcherServlet        : Exiting from "ERROR" dispatch, status 404
2026-02-16T09:40:58.137+05:30 DEBUG 18440 --- [arihant-grc-tool] [http-nio-8085-exec-5] o.s.web.servlet.DispatcherServlet        : GET "/api/compliance/frameworks", parameters={}
2026-02-16T09:40:58.139+05:30 DEBUG 18440 --- [arihant-grc-tool] [http-nio-8085-exec-5] s.w.s.m.m.a.RequestMappingHandlerMapping : Mapped to com.grctool.controller.ComplianceFrameworkController#getAll()
2026-02-16T09:40:58.144+05:30 DEBUG 18440 --- [arihant-grc-tool] [http-nio-8085-exec-5] m.m.a.RequestResponseBodyMethodProcessor : Using 'application/json;q=0.8', given [text/html, application/xhtml+xml, image/avif, image/webp, image/apng, application/xml;q=0.9, */*;q=0.8] and supported [application/json, application/*+json]
2026-02-16T09:40:58.145+05:30 DEBUG 18440 --- [arihant-grc-tool] [http-nio-8085-exec-5] m.m.a.RequestResponseBodyMethodProcessor : Writing [[ComplianceFrameworkResponseDTO[id=c2c31bf9-273b-4011-bcbf-87b500e0d929, name=ISO 27001, version=202 (truncated)...]
2026-02-16T09:40:58.147+05:30 DEBUG 18440 --- [arihant-grc-tool] [http-nio-8085-exec-5] o.s.web.servlet.DispatcherServlet        : Completed 200 OK
2026-02-16T09:47:23.145+05:30 DEBUG 18440 --- [arihant-grc-tool] [http-nio-8085-exec-7] o.s.web.servlet.DispatcherServlet        : GET "/api/policies", parameters={}
2026-02-16T09:47:23.146+05:30 DEBUG 18440 --- [arihant-grc-tool] [http-nio-8085-exec-7] s.w.s.m.m.a.RequestMappingHandlerMapping : Mapped to com.grctool.controller.PolicyController#getAllPolicies()
2026-02-16T09:47:23.162+05:30 DEBUG 18440 --- [arihant-grc-tool] [http-nio-8085-exec-7] m.m.a.RequestResponseBodyMethodProcessor : Using 'application/json;q=0.8', given [text/html, application/xhtml+xml, image/avif, image/webp, image/apng, application/xml;q=0.9, */*;q=0.8] and supported [application/json, application/*+json]
2026-02-16T09:47:23.163+05:30 DEBUG 18440 --- [arihant-grc-tool] [http-nio-8085-exec-7] m.m.a.RequestResponseBodyMethodProcessor : Writing [[PolicyResponseDTO[id=61b95ec4-dd7d-4b19-8b30-b0188b85baa6, title=Information Security Policy, versi (truncated)...]
2026-02-16T09:47:23.164+05:30 DEBUG 18440 --- [arihant-grc-tool] [http-nio-8085-exec-7] o.s.web.servlet.DispatcherServlet        : Completed 200 OK
2026-02-16T09:47:39.205+05:30 DEBUG 18440 --- [arihant-grc-tool] [http-nio-8085-exec-8] o.s.web.servlet.DispatcherServlet        : GET "/api/policies/61b95ec4-dd7d-4b19-8b30-b0188b85baa6", parameters={}
2026-02-16T09:47:39.208+05:30  WARN 18440 --- [arihant-grc-tool] [http-nio-8085-exec-8] .w.s.m.s.DefaultHandlerExceptionResolver : Resolved [org.springframework.web.HttpRequestMethodNotSupportedException: Request method 'GET' is not supported]
2026-02-16T09:47:39.208+05:30 DEBUG 18440 --- [arihant-grc-tool] [http-nio-8085-exec-8] o.s.web.servlet.DispatcherServlet        : Completed 405 METHOD_NOT_ALLOWED
2026-02-16T09:47:39.210+05:30 DEBUG 18440 --- [arihant-grc-tool] [http-nio-8085-exec-8] o.s.web.servlet.DispatcherServlet        : "ERROR" dispatch for GET "/error", parameters={}
2026-02-16T09:47:39.211+05:30 DEBUG 18440 --- [arihant-grc-tool] [http-nio-8085-exec-8] s.w.s.m.m.a.RequestMappingHandlerMapping : Mapped to org.springframework.boot.webmvc.autoconfigure.error.BasicErrorController#errorHtml(HttpServletRequest, HttpServletResponse)
2026-02-16T09:47:39.214+05:30 DEBUG 18440 --- [arihant-grc-tool] [http-nio-8085-exec-8] o.s.w.s.v.ContentNegotiatingViewResolver : Selected 'text/html' given [text/html, text/html;q=0.8]
2026-02-16T09:47:39.214+05:30 DEBUG 18440 --- [arihant-grc-tool] [http-nio-8085-exec-8] o.s.web.servlet.DispatcherServlet        : Exiting from "ERROR" dispatch, status 405
2026-02-16T09:47:46.571+05:30 DEBUG 18440 --- [arihant-grc-tool] [http-nio-8085-exec-10] o.s.web.servlet.DispatcherServlet        : GET "/api/policy/61b95ec4-dd7d-4b19-8b30-b0188b85baa6", parameters={}
2026-02-16T09:47:46.573+05:30 DEBUG 18440 --- [arihant-grc-tool] [http-nio-8085-exec-10] o.s.w.s.handler.SimpleUrlHandlerMapping  : Mapped to ResourceHttpRequestHandler [classpath [META-INF/resources/], classpath [resources/], classpath [static/], classpath [public/], ServletContext [/]]
2026-02-16T09:47:46.574+05:30 DEBUG 18440 --- [arihant-grc-tool] [http-nio-8085-exec-10] o.s.w.s.r.ResourceHttpRequestHandler     : Resource not found
2026-02-16T09:47:46.575+05:30 DEBUG 18440 --- [arihant-grc-tool] [http-nio-8085-exec-10] .w.s.m.s.DefaultHandlerExceptionResolver : Resolved [org.springframework.web.servlet.resource.NoResourceFoundException: No static resource api/policy/61b95ec4-dd7d-4b19-8b30-b0188b85baa6 for request '/api/policy/61b95ec4-dd7d-4b19-8b30-b0188b85baa6'.]
2026-02-16T09:47:46.576+05:30 DEBUG 18440 --- [arihant-grc-tool] [http-nio-8085-exec-10] o.s.web.servlet.DispatcherServlet        : Completed 404 NOT_FOUND
2026-02-16T09:47:46.577+05:30 DEBUG 18440 --- [arihant-grc-tool] [http-nio-8085-exec-10] o.s.web.servlet.DispatcherServlet        : "ERROR" dispatch for GET "/error", parameters={}
2026-02-16T09:47:46.578+05:30 DEBUG 18440 --- [arihant-grc-tool] [http-nio-8085-exec-10] s.w.s.m.m.a.RequestMappingHandlerMapping : Mapped to org.springframework.boot.webmvc.autoconfigure.error.BasicErrorController#errorHtml(HttpServletRequest, HttpServletResponse)
2026-02-16T09:47:46.579+05:30 DEBUG 18440 --- [arihant-grc-tool] [http-nio-8085-exec-10] o.s.w.s.v.ContentNegotiatingViewResolver : Selected 'text/html' given [text/html, text/html;q=0.8]
2026-02-16T09:47:46.580+05:30 DEBUG 18440 --- [arihant-grc-tool] [http-nio-8085-exec-10] o.s.web.servlet.DispatcherServlet        : Exiting from "ERROR" dispatch, status 404
2026-02-16T09:48:29.004+05:30 DEBUG 18440 --- [arihant-grc-tool] [http-nio-8085-exec-6] o.s.web.servlet.DispatcherServlet        : GET "/api/policies/61b95ec4-dd7d-4b19-8b30-b0188b85baa6", parameters={}
2026-02-16T09:48:29.007+05:30  WARN 18440 --- [arihant-grc-tool] [http-nio-8085-exec-6] .w.s.m.s.DefaultHandlerExceptionResolver : Resolved [org.springframework.web.HttpRequestMethodNotSupportedException: Request method 'GET' is not supported]
2026-02-16T09:48:29.007+05:30 DEBUG 18440 --- [arihant-grc-tool] [http-nio-8085-exec-6] o.s.web.servlet.DispatcherServlet        : Completed 405 METHOD_NOT_ALLOWED
2026-02-16T09:48:29.009+05:30 DEBUG 18440 --- [arihant-grc-tool] [http-nio-8085-exec-6] o.s.web.servlet.DispatcherServlet        : "ERROR" dispatch for GET "/error", parameters={}
2026-02-16T09:48:29.011+05:30 DEBUG 18440 --- [arihant-grc-tool] [http-nio-8085-exec-6] s.w.s.m.m.a.RequestMappingHandlerMapping : Mapped to org.springframework.boot.webmvc.autoconfigure.error.BasicErrorController#errorHtml(HttpServletRequest, HttpServletResponse)
2026-02-16T09:48:29.013+05:30 DEBUG 18440 --- [arihant-grc-tool] [http-nio-8085-exec-6] o.s.w.s.v.ContentNegotiatingViewResolver : Selected 'text/html' given [text/html, text/html;q=0.8]
2026-02-16T09:48:29.014+05:30 DEBUG 18440 --- [arihant-grc-tool] [http-nio-8085-exec-6] o.s.web.servlet.DispatcherServlet        : Exiting from "ERROR" dispatch, status 405
2026-02-16T09:59:11.440+05:30  INFO 18440 --- [arihant-grc-tool] [SpringApplicationShutdownHook] o.s.boot.tomcat.GracefulShutdown         : Commencing graceful shutdown. Waiting for active requests to complete
2026-02-16T09:59:11.994+05:30  INFO 18440 --- [arihant-grc-tool] [tomcat-shutdown] o.s.boot.tomcat.GracefulShutdown         : Graceful shutdown complete
2026-02-16T09:59:12.106+05:30  INFO 18440 --- [arihant-grc-tool] [SpringApplicationShutdownHook] j.LocalContainerEntityManagerFactoryBean : Closing JPA EntityManagerFactory for persistence unit 'default'
2026-02-16T09:59:12.118+05:30  INFO 18440 --- [arihant-grc-tool] [SpringApplicationShutdownHook] com.zaxxer.hikari.HikariDataSource       : HikariPool-1 - Shutdown initiated...
2026-02-16T09:59:12.308+05:30  INFO 18440 --- [arihant-grc-tool] [SpringApplicationShutdownHook] com.zaxxer.hikari.HikariDataSource       : HikariPool-1 - Shutdown completed.
2026-02-16T10:45:12.571+05:30  INFO 8092 --- [arihant-grc-tool] [main] com.grctool.ArihantGrcToolApplication    : Starting ArihantGrcToolApplication using Java 21.0.10 with PID 8092 (D:\Company_Projects\arihant-grc-tool\arihant-grc-tool\target\classes started by prathameshpawar in D:\Company_Projects\arihant-grc-tool\arihant-grc-tool)
2026-02-16T10:45:12.574+05:30  INFO 8092 --- [arihant-grc-tool] [main] com.grctool.ArihantGrcToolApplication    : No active profile set, falling back to 1 default profile: "default"
2026-02-16T10:45:13.423+05:30  INFO 8092 --- [arihant-grc-tool] [main] .s.d.r.c.RepositoryConfigurationDelegate : Bootstrapping Spring Data JPA repositories in DEFAULT mode.
2026-02-16T10:45:13.508+05:30  INFO 8092 --- [arihant-grc-tool] [main] .s.d.r.c.RepositoryConfigurationDelegate : Finished Spring Data repository scanning in 72 ms. Found 11 JPA repository interfaces.
2026-02-16T10:45:14.153+05:30  INFO 8092 --- [arihant-grc-tool] [main] o.s.boot.tomcat.TomcatWebServer          : Tomcat initialized with port 8085 (http)
2026-02-16T10:45:14.168+05:30  INFO 8092 --- [arihant-grc-tool] [main] o.apache.catalina.core.StandardService   : Starting service [Tomcat]
2026-02-16T10:45:14.169+05:30  INFO 8092 --- [arihant-grc-tool] [main] o.apache.catalina.core.StandardEngine    : Starting Servlet engine: [Apache Tomcat/11.0.18]
2026-02-16T10:45:14.233+05:30  INFO 8092 --- [arihant-grc-tool] [main] b.w.c.s.WebApplicationContextInitializer : Root WebApplicationContext: initialization completed in 1608 ms
2026-02-16T10:45:14.355+05:30 DEBUG 8092 --- [arihant-grc-tool] [main] o.s.w.f.ServerHttpObservationFilter      : Filter 'webMvcObservationFilter' configured for use
2026-02-16T10:45:14.716+05:30  INFO 8092 --- [arihant-grc-tool] [main] com.zaxxer.hikari.HikariDataSource       : HikariPool-1 - Starting...
2026-02-16T10:45:14.950+05:30  INFO 8092 --- [arihant-grc-tool] [main] com.zaxxer.hikari.pool.HikariPool        : HikariPool-1 - Added connection org.postgresql.jdbc.PgConnection@38fb151a
2026-02-16T10:45:14.952+05:30  INFO 8092 --- [arihant-grc-tool] [main] com.zaxxer.hikari.HikariDataSource       : HikariPool-1 - Start completed.
2026-02-16T10:45:14.988+05:30  INFO 8092 --- [arihant-grc-tool] [main] org.flywaydb.core.FlywayExecutor         : Database: jdbc:postgresql://localhost:5432/grc_db (PostgreSQL 18.1)
2026-02-16T10:45:15.005+05:30  INFO 8092 --- [arihant-grc-tool] [main] o.f.c.i.resource.ResourceNameValidator   : 1 SQL migrations were detected but not run because they did not follow the filename convention.
2026-02-16T10:45:15.006+05:30  INFO 8092 --- [arihant-grc-tool] [main] o.f.c.i.resource.ResourceNameValidator   : Set 'validateMigrationNaming' to true to fail fast and see a list of the invalid file names.
2026-02-16T10:45:15.113+05:30  INFO 8092 --- [arihant-grc-tool] [main] o.f.core.internal.command.DbValidate     : Successfully validated 18 migrations (execution time 00:00.048s)
2026-02-16T10:45:15.139+05:30  INFO 8092 --- [arihant-grc-tool] [main] o.f.core.internal.command.DbMigrate      : Current version of schema "public": 19
2026-02-16T10:45:15.139+05:30  WARN 8092 --- [arihant-grc-tool] [main] o.f.core.internal.command.DbMigrate      : outOfOrder mode is active. Migration of schema "public" may not be reproducible.
2026-02-16T10:45:15.143+05:30  INFO 8092 --- [arihant-grc-tool] [main] o.f.core.internal.command.DbMigrate      : Schema "public" is up to date. No migration necessary.
2026-02-16T10:45:15.873+05:30  INFO 8092 --- [arihant-grc-tool] [main] o.s.o.j.p.SpringPersistenceUnitInfo      : No LoadTimeWeaver setup: ignoring JPA class transformer
2026-02-16T10:45:17.204+05:30  INFO 8092 --- [arihant-grc-tool] [main] j.LocalContainerEntityManagerFactoryBean : Initialized JPA EntityManagerFactory for persistence unit 'default'
2026-02-16T10:45:17.285+05:30  INFO 8092 --- [arihant-grc-tool] [main] o.s.d.j.r.query.QueryEnhancerFactories   : Hibernate is in classpath; If applicable, HQL parser will be used.
2026-02-16T10:45:18.412+05:30  WARN 8092 --- [arihant-grc-tool] [main] JpaBaseConfiguration$JpaWebConfiguration : spring.jpa.open-in-view is enabled by default. Therefore, database queries may be performed during view rendering. Explicitly configure spring.jpa.open-in-view to disable this warning
2026-02-16T10:45:18.791+05:30 DEBUG 8092 --- [arihant-grc-tool] [main] s.w.s.m.m.a.RequestMappingHandlerMapping : 40 mappings in 'requestMappingHandlerMapping'
2026-02-16T10:45:18.817+05:30 DEBUG 8092 --- [arihant-grc-tool] [main] o.s.w.s.handler.SimpleUrlHandlerMapping  : Patterns [/webjars/**, /**] in 'resourceHandlerMapping'
2026-02-16T10:45:18.852+05:30 DEBUG 8092 --- [arihant-grc-tool] [main] s.w.s.m.m.a.RequestMappingHandlerAdapter : ControllerAdvice beans: 0 @ModelAttribute, 0 @InitBinder, 2 RequestBodyAdvice, 1 ResponseBodyAdvice
2026-02-16T10:45:18.905+05:30 DEBUG 8092 --- [arihant-grc-tool] [main] .m.m.a.ExceptionHandlerExceptionResolver : ControllerAdvice beans: 1 @ExceptionHandler, 1 ResponseBodyAdvice
2026-02-16T10:45:19.064+05:30  INFO 8092 --- [arihant-grc-tool] [main] o.s.b.a.e.web.EndpointLinksResolver      : Exposing 1 endpoint beneath base path '/actuator'
2026-02-16T10:45:19.127+05:30  INFO 8092 --- [arihant-grc-tool] [main] o.s.boot.tomcat.TomcatWebServer          : Tomcat started on port 8085 (http) with context path '/'
2026-02-16T10:45:19.137+05:30  INFO 8092 --- [arihant-grc-tool] [main] com.grctool.ArihantGrcToolApplication    : Started ArihantGrcToolApplication in 7.051 seconds (process running for 7.481)
2026-02-16T10:45:35.115+05:30  INFO 8092 --- [arihant-grc-tool] [http-nio-8085-exec-1] o.a.c.c.C.[Tomcat].[localhost].[/]       : Initializing Spring DispatcherServlet 'dispatcherServlet'
2026-02-16T10:45:35.115+05:30  INFO 8092 --- [arihant-grc-tool] [http-nio-8085-exec-1] o.s.web.servlet.DispatcherServlet        : Initializing Servlet 'dispatcherServlet'
2026-02-16T10:45:35.115+05:30 DEBUG 8092 --- [arihant-grc-tool] [http-nio-8085-exec-1] o.s.web.servlet.DispatcherServlet        : Detected StandardServletMultipartResolver
2026-02-16T10:45:35.115+05:30 DEBUG 8092 --- [arihant-grc-tool] [http-nio-8085-exec-1] o.s.web.servlet.DispatcherServlet        : Detected AcceptHeaderLocaleResolver
2026-02-16T10:45:35.129+05:30 DEBUG 8092 --- [arihant-grc-tool] [http-nio-8085-exec-1] o.s.web.servlet.DispatcherServlet        : Detected org.springframework.web.servlet.view.DefaultRequestToViewNameTranslator@623c62b9
2026-02-16T10:45:35.129+05:30 DEBUG 8092 --- [arihant-grc-tool] [http-nio-8085-exec-1] o.s.web.servlet.DispatcherServlet        : Detected org.springframework.web.servlet.support.SessionFlashMapManager@17c373d3
2026-02-16T10:45:35.129+05:30 DEBUG 8092 --- [arihant-grc-tool] [http-nio-8085-exec-1] o.s.web.servlet.DispatcherServlet        : enableLoggingRequestDetails='false': request parameters and headers will be masked to prevent unsafe logging of potentially sensitive data
2026-02-16T10:45:35.131+05:30  INFO 8092 --- [arihant-grc-tool] [http-nio-8085-exec-1] o.s.web.servlet.DispatcherServlet        : Completed initialization in 14 ms
2026-02-16T10:45:40.439+05:30 DEBUG 8092 --- [arihant-grc-tool] [http-nio-8085-exec-3] o.s.web.client.DefaultRestClient         : Writing [{grant_type=[authorization_code], code=[4/0AfrIepDbw4SioacParqppWs9RbNXKLK_qw5hjlDyAJLr4ozSATlnpS3uO5Mi53XopsIdNA], redirect_uri=[http://localhost:8085/login/oauth2/code/google], code_verifier=[HeBsvzI6o6FJ-AKgUOXfnJBEZycfKIv8XQGyizDIDckaGRDXdKSKd2gZ-XwtR18hZ8WonHu15xCC8DYmYIyDRsrLGV8NLXa62BwacNPB6soxTSwlh-0vqcGIJhDkWn0n]}] as "application/x-www-form-urlencoded" with org.springframework.http.converter.FormHttpMessageConverter
2026-02-16T10:45:41.039+05:30 DEBUG 8092 --- [arihant-grc-tool] [http-nio-8085-exec-3] o.s.web.client.DefaultRestClient         : Reading to [org.springframework.security.oauth2.core.endpoint.OAuth2AccessTokenResponse] as "application/json;charset=utf-8"
2026-02-16T10:45:41.264+05:30 DEBUG 8092 --- [arihant-grc-tool] [http-nio-8085-exec-3] org.springframework.web.HttpLogging      : HTTP GET https://www.googleapis.com/oauth2/v3/certs
2026-02-16T10:45:41.268+05:30 DEBUG 8092 --- [arihant-grc-tool] [http-nio-8085-exec-3] org.springframework.web.HttpLogging      : Accept=[text/plain, application/json, application/*+json, */*]
2026-02-16T10:45:41.309+05:30 DEBUG 8092 --- [arihant-grc-tool] [http-nio-8085-exec-3] org.springframework.web.HttpLogging      : Response 200 OK
2026-02-16T10:45:41.310+05:30 DEBUG 8092 --- [arihant-grc-tool] [http-nio-8085-exec-3] org.springframework.web.HttpLogging      : Reading to [java.lang.String] as "application/json;charset=UTF-8"
2026-02-16T10:45:41.345+05:30 DEBUG 8092 --- [arihant-grc-tool] [http-nio-8085-exec-3] o.s.web.client.RestTemplate              : HTTP GET https://www.googleapis.com/oauth2/v3/userinfo
2026-02-16T10:45:41.345+05:30 DEBUG 8092 --- [arihant-grc-tool] [http-nio-8085-exec-3] o.s.web.client.RestTemplate              : Accept=[application/json, application/*+json]
2026-02-16T10:45:41.444+05:30 DEBUG 8092 --- [arihant-grc-tool] [http-nio-8085-exec-3] o.s.web.client.RestTemplate              : Response 200 OK
2026-02-16T10:45:41.445+05:30 DEBUG 8092 --- [arihant-grc-tool] [http-nio-8085-exec-3] o.s.web.client.RestTemplate              : Reading to [java.util.Map<java.lang.String, java.lang.Object>]
2026-02-16T10:45:41.506+05:30 DEBUG 8092 --- [arihant-grc-tool] [http-nio-8085-exec-4] o.s.web.servlet.DispatcherServlet        : GET "/api/policies?continue", parameters={masked}
2026-02-16T10:45:41.506+05:30 DEBUG 8092 --- [arihant-grc-tool] [http-nio-8085-exec-4] s.w.s.m.m.a.RequestMappingHandlerMapping : Mapped to com.grctool.controller.PolicyController#getAllPolicies()
2026-02-16T10:45:41.914+05:30 DEBUG 8092 --- [arihant-grc-tool] [http-nio-8085-exec-4] m.m.a.RequestResponseBodyMethodProcessor : Using 'application/json;q=0.8', given [text/html, application/xhtml+xml, image/avif, image/webp, image/apng, application/xml;q=0.9, */*;q=0.8] and supported [application/json, application/*+json]
2026-02-16T10:45:41.925+05:30 DEBUG 8092 --- [arihant-grc-tool] [http-nio-8085-exec-4] m.m.a.RequestResponseBodyMethodProcessor : Writing [[PolicyResponseDTO[id=61b95ec4-dd7d-4b19-8b30-b0188b85baa6, title=Information Security Policy, versi (truncated)...]
2026-02-16T10:45:42.038+05:30 DEBUG 8092 --- [arihant-grc-tool] [http-nio-8085-exec-4] o.s.web.servlet.DispatcherServlet        : Completed 200 OK
2026-02-16T10:45:42.093+05:30 DEBUG 8092 --- [arihant-grc-tool] [http-nio-8085-exec-5] o.s.web.servlet.DispatcherServlet        : GET "/favicon.ico", parameters={}
2026-02-16T10:45:42.098+05:30 DEBUG 8092 --- [arihant-grc-tool] [http-nio-8085-exec-5] o.s.w.s.handler.SimpleUrlHandlerMapping  : Mapped to ResourceHttpRequestHandler [classpath [META-INF/resources/], classpath [resources/], classpath [static/], classpath [public/], ServletContext [/]]
2026-02-16T10:45:42.101+05:30 DEBUG 8092 --- [arihant-grc-tool] [http-nio-8085-exec-5] o.s.w.s.r.ResourceHttpRequestHandler     : Resource not found
2026-02-16T10:45:42.105+05:30 DEBUG 8092 --- [arihant-grc-tool] [http-nio-8085-exec-5] .w.s.m.s.DefaultHandlerExceptionResolver : Resolved [org.springframework.web.servlet.resource.NoResourceFoundException: No static resource favicon.ico for request '/favicon.ico'.]
2026-02-16T10:45:42.106+05:30 DEBUG 8092 --- [arihant-grc-tool] [http-nio-8085-exec-5] o.s.web.servlet.DispatcherServlet        : Completed 404 NOT_FOUND
2026-02-16T10:45:42.114+05:30 DEBUG 8092 --- [arihant-grc-tool] [http-nio-8085-exec-5] o.s.web.servlet.DispatcherServlet        : "ERROR" dispatch for GET "/error", parameters={}
2026-02-16T10:45:42.117+05:30 DEBUG 8092 --- [arihant-grc-tool] [http-nio-8085-exec-5] s.w.s.m.m.a.RequestMappingHandlerMapping : Mapped to org.springframework.boot.webmvc.autoconfigure.error.BasicErrorController#error(HttpServletRequest)
2026-02-16T10:45:42.127+05:30 DEBUG 8092 --- [arihant-grc-tool] [http-nio-8085-exec-5] o.s.w.s.m.m.a.HttpEntityMethodProcessor  : Using 'application/json;q=0.8', given [image/avif, image/webp, image/apng, image/svg+xml, image/*, */*;q=0.8] and supported [application/json, application/*+json]
2026-02-16T10:45:42.128+05:30 DEBUG 8092 --- [arihant-grc-tool] [http-nio-8085-exec-5] o.s.w.s.m.m.a.HttpEntityMethodProcessor  : Writing [{timestamp=Mon Feb 16 10:45:42 IST 2026, status=404, error=Not Found, path=/favicon.ico}]
2026-02-16T10:45:42.142+05:30 DEBUG 8092 --- [arihant-grc-tool] [http-nio-8085-exec-5] o.s.web.servlet.DispatcherServlet        : Exiting from "ERROR" dispatch, status 404
2026-02-16T10:45:56.570+05:30 DEBUG 8092 --- [arihant-grc-tool] [http-nio-8085-exec-6] o.s.web.servlet.DispatcherServlet        : GET "/api/policies/61b95ec4-dd7d-4b19-8b30-b0188b85baa6", parameters={}
2026-02-16T10:45:56.574+05:30  WARN 8092 --- [arihant-grc-tool] [http-nio-8085-exec-6] .w.s.m.s.DefaultHandlerExceptionResolver : Resolved [org.springframework.web.HttpRequestMethodNotSupportedException: Request method 'GET' is not supported]
2026-02-16T10:45:56.575+05:30 DEBUG 8092 --- [arihant-grc-tool] [http-nio-8085-exec-6] o.s.web.servlet.DispatcherServlet        : Completed 405 METHOD_NOT_ALLOWED
2026-02-16T10:45:56.579+05:30 DEBUG 8092 --- [arihant-grc-tool] [http-nio-8085-exec-6] o.s.web.servlet.DispatcherServlet        : "ERROR" dispatch for GET "/error", parameters={}
2026-02-16T10:45:56.580+05:30 DEBUG 8092 --- [arihant-grc-tool] [http-nio-8085-exec-6] s.w.s.m.m.a.RequestMappingHandlerMapping : Mapped to org.springframework.boot.webmvc.autoconfigure.error.BasicErrorController#errorHtml(HttpServletRequest, HttpServletResponse)
2026-02-16T10:45:56.590+05:30 DEBUG 8092 --- [arihant-grc-tool] [http-nio-8085-exec-6] o.s.w.s.v.ContentNegotiatingViewResolver : Selected 'text/html' given [text/html, text/html;q=0.8]
2026-02-16T10:45:56.590+05:30 DEBUG 8092 --- [arihant-grc-tool] [http-nio-8085-exec-6] o.s.web.servlet.DispatcherServlet        : Exiting from "ERROR" dispatch, status 405
2026-02-16T10:49:06.588+05:30  INFO 8092 --- [arihant-grc-tool] [SpringApplicationShutdownHook] o.s.boot.tomcat.GracefulShutdown         : Commencing graceful shutdown. Waiting for active requests to complete
2026-02-16T10:49:06.597+05:30  INFO 8092 --- [arihant-grc-tool] [tomcat-shutdown] o.s.boot.tomcat.GracefulShutdown         : Graceful shutdown complete
2026-02-16T10:49:06.608+05:30  INFO 8092 --- [arihant-grc-tool] [SpringApplicationShutdownHook] j.LocalContainerEntityManagerFactoryBean : Closing JPA EntityManagerFactory for persistence unit 'default'
2026-02-16T10:49:06.613+05:30  INFO 8092 --- [arihant-grc-tool] [SpringApplicationShutdownHook] com.zaxxer.hikari.HikariDataSource       : HikariPool-1 - Shutdown initiated...
2026-02-16T10:49:06.617+05:30  INFO 8092 --- [arihant-grc-tool] [SpringApplicationShutdownHook] com.zaxxer.hikari.HikariDataSource       : HikariPool-1 - Shutdown completed.
2026-02-16T10:49:24.497+05:30  INFO 5676 --- [arihant-grc-tool] [main] com.grctool.ArihantGrcToolApplication    : Starting ArihantGrcToolApplication using Java 21.0.10 with PID 5676 (D:\Company_Projects\arihant-grc-tool\arihant-grc-tool\target\classes started by prathameshpawar in D:\Company_Projects\arihant-grc-tool\arihant-grc-tool)
2026-02-16T10:49:24.502+05:30  INFO 5676 --- [arihant-grc-tool] [main] com.grctool.ArihantGrcToolApplication    : No active profile set, falling back to 1 default profile: "default"
2026-02-16T10:49:25.499+05:30  INFO 5676 --- [arihant-grc-tool] [main] .s.d.r.c.RepositoryConfigurationDelegate : Bootstrapping Spring Data JPA repositories in DEFAULT mode.
2026-02-16T10:49:25.600+05:30  INFO 5676 --- [arihant-grc-tool] [main] .s.d.r.c.RepositoryConfigurationDelegate : Finished Spring Data repository scanning in 85 ms. Found 11 JPA repository interfaces.
2026-02-16T10:49:26.268+05:30  INFO 5676 --- [arihant-grc-tool] [main] o.s.boot.tomcat.TomcatWebServer          : Tomcat initialized with port 8085 (http)
2026-02-16T10:49:26.282+05:30  INFO 5676 --- [arihant-grc-tool] [main] o.apache.catalina.core.StandardService   : Starting service [Tomcat]
2026-02-16T10:49:26.283+05:30  INFO 5676 --- [arihant-grc-tool] [main] o.apache.catalina.core.StandardEngine    : Starting Servlet engine: [Apache Tomcat/11.0.18]
2026-02-16T10:49:26.342+05:30  INFO 5676 --- [arihant-grc-tool] [main] b.w.c.s.WebApplicationContextInitializer : Root WebApplicationContext: initialization completed in 1783 ms
2026-02-16T10:49:26.490+05:30 DEBUG 5676 --- [arihant-grc-tool] [main] o.s.w.f.ServerHttpObservationFilter      : Filter 'webMvcObservationFilter' configured for use
2026-02-16T10:49:26.913+05:30  INFO 5676 --- [arihant-grc-tool] [main] com.zaxxer.hikari.HikariDataSource       : HikariPool-1 - Starting...
2026-02-16T10:49:27.137+05:30  INFO 5676 --- [arihant-grc-tool] [main] com.zaxxer.hikari.pool.HikariPool        : HikariPool-1 - Added connection org.postgresql.jdbc.PgConnection@38fb151a
2026-02-16T10:49:27.139+05:30  INFO 5676 --- [arihant-grc-tool] [main] com.zaxxer.hikari.HikariDataSource       : HikariPool-1 - Start completed.
2026-02-16T10:49:27.163+05:30  INFO 5676 --- [arihant-grc-tool] [main] org.flywaydb.core.FlywayExecutor         : Database: jdbc:postgresql://localhost:5432/grc_db (PostgreSQL 18.1)
2026-02-16T10:49:27.183+05:30  INFO 5676 --- [arihant-grc-tool] [main] o.f.c.i.resource.ResourceNameValidator   : 1 SQL migrations were detected but not run because they did not follow the filename convention.
2026-02-16T10:49:27.184+05:30  INFO 5676 --- [arihant-grc-tool] [main] o.f.c.i.resource.ResourceNameValidator   : Set 'validateMigrationNaming' to true to fail fast and see a list of the invalid file names.
2026-02-16T10:49:27.271+05:30  INFO 5676 --- [arihant-grc-tool] [main] o.f.core.internal.command.DbValidate     : Successfully validated 18 migrations (execution time 00:00.050s)
2026-02-16T10:49:27.333+05:30  INFO 5676 --- [arihant-grc-tool] [main] o.f.core.internal.command.DbMigrate      : Current version of schema "public": 19
2026-02-16T10:49:27.334+05:30  WARN 5676 --- [arihant-grc-tool] [main] o.f.core.internal.command.DbMigrate      : outOfOrder mode is active. Migration of schema "public" may not be reproducible.
2026-02-16T10:49:27.339+05:30  INFO 5676 --- [arihant-grc-tool] [main] o.f.core.internal.command.DbMigrate      : Schema "public" is up to date. No migration necessary.
2026-02-16T10:49:28.144+05:30  INFO 5676 --- [arihant-grc-tool] [main] o.s.o.j.p.SpringPersistenceUnitInfo      : No LoadTimeWeaver setup: ignoring JPA class transformer
2026-02-16T10:49:29.789+05:30  INFO 5676 --- [arihant-grc-tool] [main] j.LocalContainerEntityManagerFactoryBean : Initialized JPA EntityManagerFactory for persistence unit 'default'
2026-02-16T10:49:29.875+05:30  INFO 5676 --- [arihant-grc-tool] [main] o.s.d.j.r.query.QueryEnhancerFactories   : Hibernate is in classpath; If applicable, HQL parser will be used.
2026-02-16T10:49:31.105+05:30  WARN 5676 --- [arihant-grc-tool] [main] JpaBaseConfiguration$JpaWebConfiguration : spring.jpa.open-in-view is enabled by default. Therefore, database queries may be performed during view rendering. Explicitly configure spring.jpa.open-in-view to disable this warning
2026-02-16T10:49:31.531+05:30 DEBUG 5676 --- [arihant-grc-tool] [main] s.w.s.m.m.a.RequestMappingHandlerMapping : 40 mappings in 'requestMappingHandlerMapping'
2026-02-16T10:49:31.562+05:30 DEBUG 5676 --- [arihant-grc-tool] [main] o.s.w.s.handler.SimpleUrlHandlerMapping  : Patterns [/webjars/**, /**] in 'resourceHandlerMapping'
2026-02-16T10:49:31.606+05:30 DEBUG 5676 --- [arihant-grc-tool] [main] s.w.s.m.m.a.RequestMappingHandlerAdapter : ControllerAdvice beans: 0 @ModelAttribute, 0 @InitBinder, 2 RequestBodyAdvice, 1 ResponseBodyAdvice
2026-02-16T10:49:31.672+05:30 DEBUG 5676 --- [arihant-grc-tool] [main] .m.m.a.ExceptionHandlerExceptionResolver : ControllerAdvice beans: 1 @ExceptionHandler, 1 ResponseBodyAdvice
2026-02-16T10:49:31.885+05:30  INFO 5676 --- [arihant-grc-tool] [main] o.s.b.a.e.web.EndpointLinksResolver      : Exposing 1 endpoint beneath base path '/actuator'
2026-02-16T10:49:31.957+05:30  INFO 5676 --- [arihant-grc-tool] [main] o.s.boot.tomcat.TomcatWebServer          : Tomcat started on port 8085 (http) with context path '/'
2026-02-16T10:49:31.969+05:30  INFO 5676 --- [arihant-grc-tool] [main] com.grctool.ArihantGrcToolApplication    : Started ArihantGrcToolApplication in 8.02 seconds (process running for 8.627)
2026-02-16T10:49:35.463+05:30  INFO 5676 --- [arihant-grc-tool] [http-nio-8085-exec-1] o.a.c.c.C.[Tomcat].[localhost].[/]       : Initializing Spring DispatcherServlet 'dispatcherServlet'
2026-02-16T10:49:35.463+05:30  INFO 5676 --- [arihant-grc-tool] [http-nio-8085-exec-1] o.s.web.servlet.DispatcherServlet        : Initializing Servlet 'dispatcherServlet'
2026-02-16T10:49:35.463+05:30 DEBUG 5676 --- [arihant-grc-tool] [http-nio-8085-exec-1] o.s.web.servlet.DispatcherServlet        : Detected StandardServletMultipartResolver
2026-02-16T10:49:35.463+05:30 DEBUG 5676 --- [arihant-grc-tool] [http-nio-8085-exec-1] o.s.web.servlet.DispatcherServlet        : Detected AcceptHeaderLocaleResolver
2026-02-16T10:49:35.463+05:30 DEBUG 5676 --- [arihant-grc-tool] [http-nio-8085-exec-1] o.s.web.servlet.DispatcherServlet        : Detected org.springframework.web.servlet.view.DefaultRequestToViewNameTranslator@623c62b9
2026-02-16T10:49:35.463+05:30 DEBUG 5676 --- [arihant-grc-tool] [http-nio-8085-exec-1] o.s.web.servlet.DispatcherServlet        : Detected org.springframework.web.servlet.support.SessionFlashMapManager@17c373d3
2026-02-16T10:49:35.463+05:30 DEBUG 5676 --- [arihant-grc-tool] [http-nio-8085-exec-1] o.s.web.servlet.DispatcherServlet        : enableLoggingRequestDetails='false': request parameters and headers will be masked to prevent unsafe logging of potentially sensitive data
2026-02-16T10:49:35.463+05:30  INFO 5676 --- [arihant-grc-tool] [http-nio-8085-exec-1] o.s.web.servlet.DispatcherServlet        : Completed initialization in 0 ms
2026-02-16T10:49:39.255+05:30 DEBUG 5676 --- [arihant-grc-tool] [http-nio-8085-exec-2] o.s.web.client.DefaultRestClient         : Writing [{grant_type=[authorization_code], code=[4/0AfrIepBEswSv2cz7TYVwlqUIqIJLBp-CyGBS9lgyDDDExTwJZAJj-82q__8Wl4Qg9TBouQ], redirect_uri=[http://localhost:8085/login/oauth2/code/google], code_verifier=[Pqy-kKBeoynEOYxRPcGOWpE0QDXL6gES-sqSpg9xe5hY88Iaj_wlD65PXsZ1T3qeSUg791nr6f_WjHqCbBgaa0Fce3kWJjUSE1hwJoxxO507huU_xndcqMeyhtT5qP4-]}] as "application/x-www-form-urlencoded" with org.springframework.http.converter.FormHttpMessageConverter
2026-02-16T10:49:39.961+05:30 DEBUG 5676 --- [arihant-grc-tool] [http-nio-8085-exec-2] o.s.web.client.DefaultRestClient         : Reading to [org.springframework.security.oauth2.core.endpoint.OAuth2AccessTokenResponse] as "application/json;charset=utf-8"
2026-02-16T10:49:40.221+05:30 DEBUG 5676 --- [arihant-grc-tool] [http-nio-8085-exec-2] org.springframework.web.HttpLogging      : HTTP GET https://www.googleapis.com/oauth2/v3/certs
2026-02-16T10:49:40.231+05:30 DEBUG 5676 --- [arihant-grc-tool] [http-nio-8085-exec-2] org.springframework.web.HttpLogging      : Accept=[text/plain, application/json, application/*+json, */*]
2026-02-16T10:49:40.619+05:30 DEBUG 5676 --- [arihant-grc-tool] [http-nio-8085-exec-2] org.springframework.web.HttpLogging      : Response 200 OK
2026-02-16T10:49:40.619+05:30 DEBUG 5676 --- [arihant-grc-tool] [http-nio-8085-exec-2] org.springframework.web.HttpLogging      : Reading to [java.lang.String] as "application/json;charset=UTF-8"
2026-02-16T10:49:40.669+05:30 DEBUG 5676 --- [arihant-grc-tool] [http-nio-8085-exec-2] o.s.web.client.RestTemplate              : HTTP GET https://www.googleapis.com/oauth2/v3/userinfo
2026-02-16T10:49:40.670+05:30 DEBUG 5676 --- [arihant-grc-tool] [http-nio-8085-exec-2] o.s.web.client.RestTemplate              : Accept=[application/json, application/*+json]
2026-02-16T10:49:40.775+05:30 DEBUG 5676 --- [arihant-grc-tool] [http-nio-8085-exec-2] o.s.web.client.RestTemplate              : Response 200 OK
2026-02-16T10:49:40.776+05:30 DEBUG 5676 --- [arihant-grc-tool] [http-nio-8085-exec-2] o.s.web.client.RestTemplate              : Reading to [java.util.Map<java.lang.String, java.lang.Object>]
2026-02-16T10:49:40.820+05:30 DEBUG 5676 --- [arihant-grc-tool] [http-nio-8085-exec-4] o.s.web.servlet.DispatcherServlet        : GET "/api/policies/61b95ec4-dd7d-4b19-8b30-b0188b85baa6?continue", parameters={masked}
2026-02-16T10:49:40.820+05:30 DEBUG 5676 --- [arihant-grc-tool] [http-nio-8085-exec-4] s.w.s.m.m.a.RequestMappingHandlerMapping : Mapped to com.grctool.controller.PolicyController#getMethodName(UUID)
2026-02-16T10:49:41.123+05:30 DEBUG 5676 --- [arihant-grc-tool] [http-nio-8085-exec-4] m.m.a.RequestResponseBodyMethodProcessor : Using 'application/json;q=0.8', given [text/html, application/xhtml+xml, image/avif, image/webp, image/apng, application/xml;q=0.9, */*;q=0.8] and supported [application/json, application/*+json]
2026-02-16T10:49:41.133+05:30 DEBUG 5676 --- [arihant-grc-tool] [http-nio-8085-exec-4] m.m.a.RequestResponseBodyMethodProcessor : Writing [PolicyResponseDTO[id=61b95ec4-dd7d-4b19-8b30-b0188b85baa6, title=Information Security Policy, versio (truncated)...]
2026-02-16T10:49:41.239+05:30 DEBUG 5676 --- [arihant-grc-tool] [http-nio-8085-exec-4] o.s.web.servlet.DispatcherServlet        : Completed 200 OK
2026-02-16T10:49:51.932+05:30 DEBUG 5676 --- [arihant-grc-tool] [http-nio-8085-exec-8] o.s.web.servlet.DispatcherServlet        : GET "/api/policies/61b95ec4-dd7d-4b19-8b30-b0188b85baa7", parameters={}
2026-02-16T10:49:51.934+05:30 DEBUG 5676 --- [arihant-grc-tool] [http-nio-8085-exec-8] s.w.s.m.m.a.RequestMappingHandlerMapping : Mapped to com.grctool.controller.PolicyController#getMethodName(UUID)
2026-02-16T10:49:51.943+05:30 DEBUG 5676 --- [arihant-grc-tool] [http-nio-8085-exec-8] .m.m.a.ExceptionHandlerExceptionResolver : Using @ExceptionHandler com.grctool.exception.GlobalExceptionHandler#handleEntityNotFound(EntityNotFoundException, HttpServletRequest)
2026-02-16T10:49:51.944+05:30 DEBUG 5676 --- [arihant-grc-tool] [http-nio-8085-exec-8] o.s.w.s.m.m.a.HttpEntityMethodProcessor  : Using 'application/json;q=0.8', given [text/html, application/xhtml+xml, image/avif, image/webp, image/apng, application/xml;q=0.9, */*;q=0.8] and supported [application/json, application/*+json]
2026-02-16T10:49:51.944+05:30 DEBUG 5676 --- [arihant-grc-tool] [http-nio-8085-exec-8] o.s.w.s.m.m.a.HttpEntityMethodProcessor  : Writing [com.grctool.dto.ErrorResponse@6bb2f275]
2026-02-16T10:49:51.944+05:30 DEBUG 5676 --- [arihant-grc-tool] [http-nio-8085-exec-8] .m.m.a.ExceptionHandlerExceptionResolver : Resolved [jakarta.persistence.EntityNotFoundException: Policy with id 61b95ec4-dd7d-4b19-8b30-b0188b85baa7 not found]
2026-02-16T10:49:51.944+05:30 DEBUG 5676 --- [arihant-grc-tool] [http-nio-8085-exec-8] o.s.web.servlet.DispatcherServlet        : Completed 404 NOT_FOUND
2026-02-16T10:59:34.418+05:30 DEBUG 5676 --- [arihant-grc-tool] [http-nio-8085-exec-7] o.s.web.servlet.DispatcherServlet        : GET "/api/compliance/frameworks", parameters={}
2026-02-16T10:59:34.419+05:30 DEBUG 5676 --- [arihant-grc-tool] [http-nio-8085-exec-7] s.w.s.m.m.a.RequestMappingHandlerMapping : Mapped to com.grctool.controller.ComplianceFrameworkController#getAll()
2026-02-16T10:59:34.518+05:30 DEBUG 5676 --- [arihant-grc-tool] [http-nio-8085-exec-7] m.m.a.RequestResponseBodyMethodProcessor : Using 'application/json;q=0.8', given [text/html, application/xhtml+xml, image/avif, image/webp, image/apng, application/xml;q=0.9, */*;q=0.8] and supported [application/json, application/*+json]
2026-02-16T10:59:34.535+05:30 DEBUG 5676 --- [arihant-grc-tool] [http-nio-8085-exec-7] m.m.a.RequestResponseBodyMethodProcessor : Writing [[ComplianceFrameworkResponseDTO[id=c2c31bf9-273b-4011-bcbf-87b500e0d929, name=ISO 27001, version=202 (truncated)...]
2026-02-16T10:59:34.537+05:30 DEBUG 5676 --- [arihant-grc-tool] [http-nio-8085-exec-7] o.s.web.servlet.DispatcherServlet        : Completed 200 OK
2026-02-16T10:59:45.296+05:30 DEBUG 5676 --- [arihant-grc-tool] [http-nio-8085-exec-5] o.s.web.servlet.DispatcherServlet        : GET "/api/compliance/frameworks/c2c31bf9-273b-4011-bcbf-87b500e0d929", parameters={}
2026-02-16T10:59:45.297+05:30 DEBUG 5676 --- [arihant-grc-tool] [http-nio-8085-exec-5] s.w.s.m.m.a.RequestMappingHandlerMapping : Mapped to com.grctool.controller.ComplianceFrameworkController#getById(UUID)
2026-02-16T10:59:45.303+05:30 DEBUG 5676 --- [arihant-grc-tool] [http-nio-8085-exec-5] m.m.a.RequestResponseBodyMethodProcessor : Using 'application/json;q=0.8', given [text/html, application/xhtml+xml, image/avif, image/webp, image/apng, application/xml;q=0.9, */*;q=0.8] and supported [application/json, application/*+json]
2026-02-16T10:59:45.304+05:30 DEBUG 5676 --- [arihant-grc-tool] [http-nio-8085-exec-5] m.m.a.RequestResponseBodyMethodProcessor : Writing [ComplianceFrameworkResponseDTO[id=c2c31bf9-273b-4011-bcbf-87b500e0d929, name=ISO 27001, version=2022 (truncated)...]
2026-02-16T10:59:45.306+05:30 DEBUG 5676 --- [arihant-grc-tool] [http-nio-8085-exec-5] o.s.web.servlet.DispatcherServlet        : Completed 200 OK
2026-02-16T11:21:01.706+05:30  INFO 5676 --- [arihant-grc-tool] [SpringApplicationShutdownHook] o.s.boot.tomcat.GracefulShutdown         : Commencing graceful shutdown. Waiting for active requests to complete
2026-02-16T11:21:01.707+05:30  INFO 5676 --- [arihant-grc-tool] [tomcat-shutdown] o.s.boot.tomcat.GracefulShutdown         : Graceful shutdown complete
2026-02-16T11:21:01.707+05:30  INFO 5676 --- [arihant-grc-tool] [SpringApplicationShutdownHook] j.LocalContainerEntityManagerFactoryBean : Closing JPA EntityManagerFactory for persistence unit 'default'
2026-02-16T11:21:01.721+05:30  INFO 5676 --- [arihant-grc-tool] [SpringApplicationShutdownHook] com.zaxxer.hikari.HikariDataSource       : HikariPool-1 - Shutdown initiated...
2026-02-16T11:21:01.727+05:30  INFO 5676 --- [arihant-grc-tool] [SpringApplicationShutdownHook] com.zaxxer.hikari.HikariDataSource       : HikariPool-1 - Shutdown completed.
2026-02-16T11:21:17.665+05:30  INFO 15016 --- [arihant-grc-tool] [main] com.grctool.ArihantGrcToolApplication    : Starting ArihantGrcToolApplication using Java 21.0.10 with PID 15016 (D:\Company_Projects\arihant-grc-tool\arihant-grc-tool\target\classes started by prathameshpawar in D:\Company_Projects\arihant-grc-tool\arihant-grc-tool)
2026-02-16T11:21:17.668+05:30  INFO 15016 --- [arihant-grc-tool] [main] com.grctool.ArihantGrcToolApplication    : No active profile set, falling back to 1 default profile: "default"
2026-02-16T11:21:18.457+05:30  INFO 15016 --- [arihant-grc-tool] [main] .s.d.r.c.RepositoryConfigurationDelegate : Bootstrapping Spring Data JPA repositories in DEFAULT mode.
2026-02-16T11:21:18.546+05:30  INFO 15016 --- [arihant-grc-tool] [main] .s.d.r.c.RepositoryConfigurationDelegate : Finished Spring Data repository scanning in 73 ms. Found 11 JPA repository interfaces.
2026-02-16T11:21:19.186+05:30  INFO 15016 --- [arihant-grc-tool] [main] o.s.boot.tomcat.TomcatWebServer          : Tomcat initialized with port 8085 (http)
2026-02-16T11:21:19.199+05:30  INFO 15016 --- [arihant-grc-tool] [main] o.apache.catalina.core.StandardService   : Starting service [Tomcat]
2026-02-16T11:21:19.200+05:30  INFO 15016 --- [arihant-grc-tool] [main] o.apache.catalina.core.StandardEngine    : Starting Servlet engine: [Apache Tomcat/11.0.18]
2026-02-16T11:21:19.255+05:30  INFO 15016 --- [arihant-grc-tool] [main] b.w.c.s.WebApplicationContextInitializer : Root WebApplicationContext: initialization completed in 1540 ms
2026-02-16T11:21:19.373+05:30 DEBUG 15016 --- [arihant-grc-tool] [main] o.s.w.f.ServerHttpObservationFilter      : Filter 'webMvcObservationFilter' configured for use
2026-02-16T11:21:19.444+05:30  WARN 15016 --- [arihant-grc-tool] [main] ConfigServletWebServerApplicationContext : Exception encountered during context initialization - cancelling refresh attempt: org.springframework.beans.factory.BeanCreationException: Error creating bean with name 'entityManagerFactory' defined in class path resource [org/springframework/boot/hibernate/autoconfigure/HibernateJpaConfiguration.class]: Failed to initialize dependency 'flyway' of LoadTimeWeaverAware bean 'entityManagerFactory': Error creating bean with name 'flyway' defined in class path resource [org/springframework/boot/flyway/autoconfigure/FlywayAutoConfiguration$FlywayConfiguration.class]: Failed to instantiate [org.flywaydb.core.Flyway]: Factory method 'flyway' threw exception with message: Error creating bean with name 'dataSource' defined in class path resource [org/springframework/boot/jdbc/autoconfigure/DataSourceConfiguration$Hikari.class]: Failed to instantiate [com.zaxxer.hikari.HikariDataSource]: Factory method 'dataSource' threw exception with message: 'url' must start with "jdbc"
2026-02-16T11:21:19.447+05:30  INFO 15016 --- [arihant-grc-tool] [main] o.apache.catalina.core.StandardService   : Stopping service [Tomcat]
2026-02-16T11:21:19.466+05:30  INFO 15016 --- [arihant-grc-tool] [main] .s.b.a.l.ConditionEvaluationReportLogger : 

Error starting ApplicationContext. To display the condition evaluation report re-run your application with 'debug' enabled.
2026-02-16T11:21:19.483+05:30 ERROR 15016 --- [arihant-grc-tool] [main] o.s.boot.SpringApplication               : Application run failed

org.springframework.beans.factory.BeanCreationException: Error creating bean with name 'entityManagerFactory' defined in class path resource [org/springframework/boot/hibernate/autoconfigure/HibernateJpaConfiguration.class]: Failed to initialize dependency 'flyway' of LoadTimeWeaverAware bean 'entityManagerFactory': Error creating bean with name 'flyway' defined in class path resource [org/springframework/boot/flyway/autoconfigure/FlywayAutoConfiguration$FlywayConfiguration.class]: Failed to instantiate [org.flywaydb.core.Flyway]: Factory method 'flyway' threw exception with message: Error creating bean with name 'dataSource' defined in class path resource [org/springframework/boot/jdbc/autoconfigure/DataSourceConfiguration$Hikari.class]: Failed to instantiate [com.zaxxer.hikari.HikariDataSource]: Factory method 'dataSource' threw exception with message: 'url' must start with "jdbc"
	at org.springframework.beans.factory.support.AbstractBeanFactory.doGetBean(AbstractBeanFactory.java:322) ~[spring-beans-7.0.5-SNAPSHOT.jar:7.0.5-SNAPSHOT]
	at org.springframework.beans.factory.support.AbstractBeanFactory.getBean(AbstractBeanFactory.java:201) ~[spring-beans-7.0.5-SNAPSHOT.jar:7.0.5-SNAPSHOT]
	at org.springframework.context.support.AbstractApplicationContext.finishBeanFactoryInitialization(AbstractApplicationContext.java:977) ~[spring-context-7.0.5-SNAPSHOT.jar:7.0.5-SNAPSHOT]
	at org.springframework.context.support.AbstractApplicationContext.refresh(AbstractApplicationContext.java:621) ~[spring-context-7.0.5-SNAPSHOT.jar:7.0.5-SNAPSHOT]
	at org.springframework.boot.web.server.servlet.context.ServletWebServerApplicationContext.refresh(ServletWebServerApplicationContext.java:143) ~[spring-boot-web-server-4.1.0-SNAPSHOT.jar:4.1.0-SNAPSHOT]
	at org.springframework.boot.SpringApplication.refresh(SpringApplication.java:756) ~[spring-boot-4.1.0-SNAPSHOT.jar:4.1.0-SNAPSHOT]
	at org.springframework.boot.SpringApplication.refreshContext(SpringApplication.java:445) ~[spring-boot-4.1.0-SNAPSHOT.jar:4.1.0-SNAPSHOT]
	at org.springframework.boot.SpringApplication.run(SpringApplication.java:321) ~[spring-boot-4.1.0-SNAPSHOT.jar:4.1.0-SNAPSHOT]
	at org.springframework.boot.SpringApplication.run(SpringApplication.java:1365) ~[spring-boot-4.1.0-SNAPSHOT.jar:4.1.0-SNAPSHOT]
	at org.springframework.boot.SpringApplication.run(SpringApplication.java:1354) ~[spring-boot-4.1.0-SNAPSHOT.jar:4.1.0-SNAPSHOT]
	at com.grctool.ArihantGrcToolApplication.main(ArihantGrcToolApplication.java:12) ~[classes/:na]
Caused by: org.springframework.beans.factory.BeanCreationException: Error creating bean with name 'flyway' defined in class path resource [org/springframework/boot/flyway/autoconfigure/FlywayAutoConfiguration$FlywayConfiguration.class]: Failed to instantiate [org.flywaydb.core.Flyway]: Factory method 'flyway' threw exception with message: Error creating bean with name 'dataSource' defined in class path resource [org/springframework/boot/jdbc/autoconfigure/DataSourceConfiguration$Hikari.class]: Failed to instantiate [com.zaxxer.hikari.HikariDataSource]: Factory method 'dataSource' threw exception with message: 'url' must start with "jdbc"
	at org.springframework.beans.factory.support.ConstructorResolver.instantiate(ConstructorResolver.java:657) ~[spring-beans-7.0.5-SNAPSHOT.jar:7.0.5-SNAPSHOT]
	at org.springframework.beans.factory.support.ConstructorResolver.instantiateUsingFactoryMethod(ConstructorResolver.java:645) ~[spring-beans-7.0.5-SNAPSHOT.jar:7.0.5-SNAPSHOT]
	at org.springframework.beans.factory.support.AbstractAutowireCapableBeanFactory.instantiateUsingFactoryMethod(AbstractAutowireCapableBeanFactory.java:1362) ~[spring-beans-7.0.5-SNAPSHOT.jar:7.0.5-SNAPSHOT]
	at org.springframework.beans.factory.support.AbstractAutowireCapableBeanFactory.createBeanInstance(AbstractAutowireCapableBeanFactory.java:1194) ~[spring-beans-7.0.5-SNAPSHOT.jar:7.0.5-SNAPSHOT]
	at org.springframework.beans.factory.support.AbstractAutowireCapableBeanFactory.doCreateBean(AbstractAutowireCapableBeanFactory.java:565) ~[spring-beans-7.0.5-SNAPSHOT.jar:7.0.5-SNAPSHOT]
	at org.springframework.beans.factory.support.AbstractAutowireCapableBeanFactory.createBean(AbstractAutowireCapableBeanFactory.java:525) ~[spring-beans-7.0.5-SNAPSHOT.jar:7.0.5-SNAPSHOT]
	at org.springframework.beans.factory.support.AbstractBeanFactory.lambda$doGetBean$0(AbstractBeanFactory.java:333) ~[spring-beans-7.0.5-SNAPSHOT.jar:7.0.5-SNAPSHOT]
	at org.springframework.beans.factory.support.DefaultSingletonBeanRegistry.getSingleton(DefaultSingletonBeanRegistry.java:371) ~[spring-beans-7.0.5-SNAPSHOT.jar:7.0.5-SNAPSHOT]
	at org.springframework.beans.factory.support.AbstractBeanFactory.doGetBean(AbstractBeanFactory.java:331) ~[spring-beans-7.0.5-SNAPSHOT.jar:7.0.5-SNAPSHOT]
	at org.springframework.beans.factory.support.AbstractBeanFactory.getBean(AbstractBeanFactory.java:196) ~[spring-beans-7.0.5-SNAPSHOT.jar:7.0.5-SNAPSHOT]
	at org.springframework.beans.factory.support.AbstractBeanFactory.doGetBean(AbstractBeanFactory.java:309) ~[spring-beans-7.0.5-SNAPSHOT.jar:7.0.5-SNAPSHOT]
	... 10 common frames omitted
Caused by: org.springframework.beans.BeanInstantiationException: Failed to instantiate [org.flywaydb.core.Flyway]: Factory method 'flyway' threw exception with message: Error creating bean with name 'dataSource' defined in class path resource [org/springframework/boot/jdbc/autoconfigure/DataSourceConfiguration$Hikari.class]: Failed to instantiate [com.zaxxer.hikari.HikariDataSource]: Factory method 'dataSource' threw exception with message: 'url' must start with "jdbc"
	at org.springframework.beans.factory.support.SimpleInstantiationStrategy.lambda$instantiate$0(SimpleInstantiationStrategy.java:183) ~[spring-beans-7.0.5-SNAPSHOT.jar:7.0.5-SNAPSHOT]
	at org.springframework.beans.factory.support.SimpleInstantiationStrategy.instantiateWithFactoryMethod(SimpleInstantiationStrategy.java:72) ~[spring-beans-7.0.5-SNAPSHOT.jar:7.0.5-SNAPSHOT]
	at org.springframework.beans.factory.support.SimpleInstantiationStrategy.instantiate(SimpleInstantiationStrategy.java:152) ~[spring-beans-7.0.5-SNAPSHOT.jar:7.0.5-SNAPSHOT]
	at org.springframework.beans.factory.support.ConstructorResolver.instantiate(ConstructorResolver.java:653) ~[spring-beans-7.0.5-SNAPSHOT.jar:7.0.5-SNAPSHOT]
	... 20 common frames omitted
Caused by: org.springframework.beans.factory.BeanCreationException: Error creating bean with name 'dataSource' defined in class path resource [org/springframework/boot/jdbc/autoconfigure/DataSourceConfiguration$Hikari.class]: Failed to instantiate [com.zaxxer.hikari.HikariDataSource]: Factory method 'dataSource' threw exception with message: 'url' must start with "jdbc"
	at org.springframework.beans.factory.support.ConstructorResolver.instantiate(ConstructorResolver.java:657) ~[spring-beans-7.0.5-SNAPSHOT.jar:7.0.5-SNAPSHOT]
	at org.springframework.beans.factory.support.ConstructorResolver.instantiateUsingFactoryMethod(ConstructorResolver.java:645) ~[spring-beans-7.0.5-SNAPSHOT.jar:7.0.5-SNAPSHOT]
	at org.springframework.beans.factory.support.AbstractAutowireCapableBeanFactory.instantiateUsingFactoryMethod(AbstractAutowireCapableBeanFactory.java:1362) ~[spring-beans-7.0.5-SNAPSHOT.jar:7.0.5-SNAPSHOT]
	at org.springframework.beans.factory.support.AbstractAutowireCapableBeanFactory.createBeanInstance(AbstractAutowireCapableBeanFactory.java:1194) ~[spring-beans-7.0.5-SNAPSHOT.jar:7.0.5-SNAPSHOT]
	at org.springframework.beans.factory.support.AbstractAutowireCapableBeanFactory.doCreateBean(AbstractAutowireCapableBeanFactory.java:565) ~[spring-beans-7.0.5-SNAPSHOT.jar:7.0.5-SNAPSHOT]
	at org.springframework.beans.factory.support.AbstractAutowireCapableBeanFactory.createBean(AbstractAutowireCapableBeanFactory.java:525) ~[spring-beans-7.0.5-SNAPSHOT.jar:7.0.5-SNAPSHOT]
	at org.springframework.beans.factory.support.AbstractBeanFactory.lambda$doGetBean$0(AbstractBeanFactory.java:333) ~[spring-beans-7.0.5-SNAPSHOT.jar:7.0.5-SNAPSHOT]
	at org.springframework.beans.factory.support.DefaultSingletonBeanRegistry.getSingleton(DefaultSingletonBeanRegistry.java:371) ~[spring-beans-7.0.5-SNAPSHOT.jar:7.0.5-SNAPSHOT]
	at org.springframework.beans.factory.support.AbstractBeanFactory.doGetBean(AbstractBeanFactory.java:331) ~[spring-beans-7.0.5-SNAPSHOT.jar:7.0.5-SNAPSHOT]
	at org.springframework.beans.factory.support.AbstractBeanFactory.getBean(AbstractBeanFactory.java:201) ~[spring-beans-7.0.5-SNAPSHOT.jar:7.0.5-SNAPSHOT]
	at org.springframework.beans.factory.support.DefaultListableBeanFactory.resolveBean(DefaultListableBeanFactory.java:1225) ~[spring-beans-7.0.5-SNAPSHOT.jar:7.0.5-SNAPSHOT]
	at org.springframework.beans.factory.support.DefaultListableBeanFactory.doResolveDependency(DefaultListableBeanFactory.java:1704) ~[spring-beans-7.0.5-SNAPSHOT.jar:7.0.5-SNAPSHOT]
	at org.springframework.beans.factory.support.DefaultListableBeanFactory$DependencyObjectProvider.getIfUnique(DefaultListableBeanFactory.java:2611) ~[spring-beans-7.0.5-SNAPSHOT.jar:7.0.5-SNAPSHOT]
	at org.springframework.boot.flyway.autoconfigure.FlywayAutoConfiguration$FlywayConfiguration.flyway(FlywayAutoConfiguration.java:154) ~[spring-boot-flyway-4.1.0-SNAPSHOT.jar:4.1.0-SNAPSHOT]
	at java.base/jdk.internal.reflect.DirectMethodHandleAccessor.invoke(DirectMethodHandleAccessor.java:103) ~[na:na]
	at java.base/java.lang.reflect.Method.invoke(Method.java:580) ~[na:na]
	at org.springframework.beans.factory.support.SimpleInstantiationStrategy.lambda$instantiate$0(SimpleInstantiationStrategy.java:155) ~[spring-beans-7.0.5-SNAPSHOT.jar:7.0.5-SNAPSHOT]
	... 23 common frames omitted
Caused by: org.springframework.beans.BeanInstantiationException: Failed to instantiate [com.zaxxer.hikari.HikariDataSource]: Factory method 'dataSource' threw exception with message: 'url' must start with "jdbc"
	at org.springframework.beans.factory.support.SimpleInstantiationStrategy.lambda$instantiate$0(SimpleInstantiationStrategy.java:183) ~[spring-beans-7.0.5-SNAPSHOT.jar:7.0.5-SNAPSHOT]
	at org.springframework.beans.factory.support.SimpleInstantiationStrategy.instantiateWithFactoryMethod(SimpleInstantiationStrategy.java:72) ~[spring-beans-7.0.5-SNAPSHOT.jar:7.0.5-SNAPSHOT]
	at org.springframework.beans.factory.support.SimpleInstantiationStrategy.instantiate(SimpleInstantiationStrategy.java:152) ~[spring-beans-7.0.5-SNAPSHOT.jar:7.0.5-SNAPSHOT]
	at org.springframework.beans.factory.support.ConstructorResolver.instantiate(ConstructorResolver.java:653) ~[spring-beans-7.0.5-SNAPSHOT.jar:7.0.5-SNAPSHOT]
	... 39 common frames omitted
Caused by: java.lang.IllegalArgumentException: 'url' must start with "jdbc"
	at org.springframework.util.Assert.isTrue(Assert.java:117) ~[spring-core-7.0.5-SNAPSHOT.jar:7.0.5-SNAPSHOT]
	at org.springframework.boot.jdbc.DatabaseDriver.fromJdbcUrl(DatabaseDriver.java:316) ~[spring-boot-jdbc-4.1.0-SNAPSHOT.jar:4.1.0-SNAPSHOT]
	at org.springframework.boot.jdbc.autoconfigure.DataSourceProperties.findDriverClassName(DataSourceProperties.java:193) ~[spring-boot-jdbc-4.1.0-SNAPSHOT.jar:4.1.0-SNAPSHOT]
	at org.springframework.boot.jdbc.autoconfigure.DataSourceProperties.determineDriverClassName(DataSourceProperties.java:177) ~[spring-boot-jdbc-4.1.0-SNAPSHOT.jar:4.1.0-SNAPSHOT]
	at org.springframework.boot.jdbc.autoconfigure.PropertiesJdbcConnectionDetails.getDriverClassName(PropertiesJdbcConnectionDetails.java:51) ~[spring-boot-jdbc-4.1.0-SNAPSHOT.jar:4.1.0-SNAPSHOT]
	at org.springframework.boot.jdbc.autoconfigure.DataSourceConfiguration.createDataSource(DataSourceConfiguration.java:63) ~[spring-boot-jdbc-4.1.0-SNAPSHOT.jar:4.1.0-SNAPSHOT]
	at org.springframework.boot.jdbc.autoconfigure.DataSourceConfiguration$Hikari.dataSource(DataSourceConfiguration.java:128) ~[spring-boot-jdbc-4.1.0-SNAPSHOT.jar:4.1.0-SNAPSHOT]
	at java.base/jdk.internal.reflect.DirectMethodHandleAccessor.invoke(DirectMethodHandleAccessor.java:103) ~[na:na]
	at java.base/java.lang.reflect.Method.invoke(Method.java:580) ~[na:na]
	at org.springframework.beans.factory.support.SimpleInstantiationStrategy.lambda$instantiate$0(SimpleInstantiationStrategy.java:155) ~[spring-beans-7.0.5-SNAPSHOT.jar:7.0.5-SNAPSHOT]
	... 42 common frames omitted

2026-02-16T11:27:31.800+05:30  INFO 8640 --- [arihant-grc-tool] [main] com.grctool.ArihantGrcToolApplication    : Starting ArihantGrcToolApplication using Java 21.0.10 with PID 8640 (D:\Company_Projects\arihant-grc-tool\arihant-grc-tool\target\classes started by prathameshpawar in D:\Company_Projects\arihant-grc-tool\arihant-grc-tool)
2026-02-16T11:27:31.804+05:30  INFO 8640 --- [arihant-grc-tool] [main] com.grctool.ArihantGrcToolApplication    : No active profile set, falling back to 1 default profile: "default"
2026-02-16T11:27:32.591+05:30  INFO 8640 --- [arihant-grc-tool] [main] .s.d.r.c.RepositoryConfigurationDelegate : Bootstrapping Spring Data JPA repositories in DEFAULT mode.
2026-02-16T11:27:32.681+05:30  INFO 8640 --- [arihant-grc-tool] [main] .s.d.r.c.RepositoryConfigurationDelegate : Finished Spring Data repository scanning in 75 ms. Found 11 JPA repository interfaces.
2026-02-16T11:27:33.309+05:30  INFO 8640 --- [arihant-grc-tool] [main] o.s.boot.tomcat.TomcatWebServer          : Tomcat initialized with port 8085 (http)
2026-02-16T11:27:33.337+05:30  INFO 8640 --- [arihant-grc-tool] [main] o.apache.catalina.core.StandardService   : Starting service [Tomcat]
2026-02-16T11:27:33.338+05:30  INFO 8640 --- [arihant-grc-tool] [main] o.apache.catalina.core.StandardEngine    : Starting Servlet engine: [Apache Tomcat/11.0.18]
2026-02-16T11:27:33.398+05:30  INFO 8640 --- [arihant-grc-tool] [main] b.w.c.s.WebApplicationContextInitializer : Root WebApplicationContext: initialization completed in 1545 ms
2026-02-16T11:27:33.520+05:30 DEBUG 8640 --- [arihant-grc-tool] [main] o.s.w.f.ServerHttpObservationFilter      : Filter 'webMvcObservationFilter' configured for use
2026-02-16T11:27:33.593+05:30  WARN 8640 --- [arihant-grc-tool] [main] ConfigServletWebServerApplicationContext : Exception encountered during context initialization - cancelling refresh attempt: org.springframework.beans.factory.BeanCreationException: Error creating bean with name 'entityManagerFactory' defined in class path resource [org/springframework/boot/hibernate/autoconfigure/HibernateJpaConfiguration.class]: Failed to initialize dependency 'flyway' of LoadTimeWeaverAware bean 'entityManagerFactory': Error creating bean with name 'flyway' defined in class path resource [org/springframework/boot/flyway/autoconfigure/FlywayAutoConfiguration$FlywayConfiguration.class]: Failed to instantiate [org.flywaydb.core.Flyway]: Factory method 'flyway' threw exception with message: Error creating bean with name 'dataSource' defined in class path resource [org/springframework/boot/jdbc/autoconfigure/DataSourceConfiguration$Hikari.class]: Failed to instantiate [com.zaxxer.hikari.HikariDataSource]: Factory method 'dataSource' threw exception with message: 'url' must start with "jdbc"
2026-02-16T11:27:33.597+05:30  INFO 8640 --- [arihant-grc-tool] [main] o.apache.catalina.core.StandardService   : Stopping service [Tomcat]
2026-02-16T11:27:33.613+05:30  INFO 8640 --- [arihant-grc-tool] [main] .s.b.a.l.ConditionEvaluationReportLogger : 

Error starting ApplicationContext. To display the condition evaluation report re-run your application with 'debug' enabled.
2026-02-16T11:27:33.626+05:30 ERROR 8640 --- [arihant-grc-tool] [main] o.s.boot.SpringApplication               : Application run failed

org.springframework.beans.factory.BeanCreationException: Error creating bean with name 'entityManagerFactory' defined in class path resource [org/springframework/boot/hibernate/autoconfigure/HibernateJpaConfiguration.class]: Failed to initialize dependency 'flyway' of LoadTimeWeaverAware bean 'entityManagerFactory': Error creating bean with name 'flyway' defined in class path resource [org/springframework/boot/flyway/autoconfigure/FlywayAutoConfiguration$FlywayConfiguration.class]: Failed to instantiate [org.flywaydb.core.Flyway]: Factory method 'flyway' threw exception with message: Error creating bean with name 'dataSource' defined in class path resource [org/springframework/boot/jdbc/autoconfigure/DataSourceConfiguration$Hikari.class]: Failed to instantiate [com.zaxxer.hikari.HikariDataSource]: Factory method 'dataSource' threw exception with message: 'url' must start with "jdbc"
	at org.springframework.beans.factory.support.AbstractBeanFactory.doGetBean(AbstractBeanFactory.java:322) ~[spring-beans-7.0.5-SNAPSHOT.jar:7.0.5-SNAPSHOT]
	at org.springframework.beans.factory.support.AbstractBeanFactory.getBean(AbstractBeanFactory.java:201) ~[spring-beans-7.0.5-SNAPSHOT.jar:7.0.5-SNAPSHOT]
	at org.springframework.context.support.AbstractApplicationContext.finishBeanFactoryInitialization(AbstractApplicationContext.java:977) ~[spring-context-7.0.5-SNAPSHOT.jar:7.0.5-SNAPSHOT]
	at org.springframework.context.support.AbstractApplicationContext.refresh(AbstractApplicationContext.java:621) ~[spring-context-7.0.5-SNAPSHOT.jar:7.0.5-SNAPSHOT]
	at org.springframework.boot.web.server.servlet.context.ServletWebServerApplicationContext.refresh(ServletWebServerApplicationContext.java:143) ~[spring-boot-web-server-4.1.0-SNAPSHOT.jar:4.1.0-SNAPSHOT]
	at org.springframework.boot.SpringApplication.refresh(SpringApplication.java:756) ~[spring-boot-4.1.0-SNAPSHOT.jar:4.1.0-SNAPSHOT]
	at org.springframework.boot.SpringApplication.refreshContext(SpringApplication.java:445) ~[spring-boot-4.1.0-SNAPSHOT.jar:4.1.0-SNAPSHOT]
	at org.springframework.boot.SpringApplication.run(SpringApplication.java:321) ~[spring-boot-4.1.0-SNAPSHOT.jar:4.1.0-SNAPSHOT]
	at org.springframework.boot.SpringApplication.run(SpringApplication.java:1365) ~[spring-boot-4.1.0-SNAPSHOT.jar:4.1.0-SNAPSHOT]
	at org.springframework.boot.SpringApplication.run(SpringApplication.java:1354) ~[spring-boot-4.1.0-SNAPSHOT.jar:4.1.0-SNAPSHOT]
	at com.grctool.ArihantGrcToolApplication.main(ArihantGrcToolApplication.java:12) ~[classes/:na]
Caused by: org.springframework.beans.factory.BeanCreationException: Error creating bean with name 'flyway' defined in class path resource [org/springframework/boot/flyway/autoconfigure/FlywayAutoConfiguration$FlywayConfiguration.class]: Failed to instantiate [org.flywaydb.core.Flyway]: Factory method 'flyway' threw exception with message: Error creating bean with name 'dataSource' defined in class path resource [org/springframework/boot/jdbc/autoconfigure/DataSourceConfiguration$Hikari.class]: Failed to instantiate [com.zaxxer.hikari.HikariDataSource]: Factory method 'dataSource' threw exception with message: 'url' must start with "jdbc"
	at org.springframework.beans.factory.support.ConstructorResolver.instantiate(ConstructorResolver.java:657) ~[spring-beans-7.0.5-SNAPSHOT.jar:7.0.5-SNAPSHOT]
	at org.springframework.beans.factory.support.ConstructorResolver.instantiateUsingFactoryMethod(ConstructorResolver.java:645) ~[spring-beans-7.0.5-SNAPSHOT.jar:7.0.5-SNAPSHOT]
	at org.springframework.beans.factory.support.AbstractAutowireCapableBeanFactory.instantiateUsingFactoryMethod(AbstractAutowireCapableBeanFactory.java:1362) ~[spring-beans-7.0.5-SNAPSHOT.jar:7.0.5-SNAPSHOT]
	at org.springframework.beans.factory.support.AbstractAutowireCapableBeanFactory.createBeanInstance(AbstractAutowireCapableBeanFactory.java:1194) ~[spring-beans-7.0.5-SNAPSHOT.jar:7.0.5-SNAPSHOT]
	at org.springframework.beans.factory.support.AbstractAutowireCapableBeanFactory.doCreateBean(AbstractAutowireCapableBeanFactory.java:565) ~[spring-beans-7.0.5-SNAPSHOT.jar:7.0.5-SNAPSHOT]
	at org.springframework.beans.factory.support.AbstractAutowireCapableBeanFactory.createBean(AbstractAutowireCapableBeanFactory.java:525) ~[spring-beans-7.0.5-SNAPSHOT.jar:7.0.5-SNAPSHOT]
	at org.springframework.beans.factory.support.AbstractBeanFactory.lambda$doGetBean$0(AbstractBeanFactory.java:333) ~[spring-beans-7.0.5-SNAPSHOT.jar:7.0.5-SNAPSHOT]
	at org.springframework.beans.factory.support.DefaultSingletonBeanRegistry.getSingleton(DefaultSingletonBeanRegistry.java:371) ~[spring-beans-7.0.5-SNAPSHOT.jar:7.0.5-SNAPSHOT]
	at org.springframework.beans.factory.support.AbstractBeanFactory.doGetBean(AbstractBeanFactory.java:331) ~[spring-beans-7.0.5-SNAPSHOT.jar:7.0.5-SNAPSHOT]
	at org.springframework.beans.factory.support.AbstractBeanFactory.getBean(AbstractBeanFactory.java:196) ~[spring-beans-7.0.5-SNAPSHOT.jar:7.0.5-SNAPSHOT]
	at org.springframework.beans.factory.support.AbstractBeanFactory.doGetBean(AbstractBeanFactory.java:309) ~[spring-beans-7.0.5-SNAPSHOT.jar:7.0.5-SNAPSHOT]
	... 10 common frames omitted
Caused by: org.springframework.beans.BeanInstantiationException: Failed to instantiate [org.flywaydb.core.Flyway]: Factory method 'flyway' threw exception with message: Error creating bean with name 'dataSource' defined in class path resource [org/springframework/boot/jdbc/autoconfigure/DataSourceConfiguration$Hikari.class]: Failed to instantiate [com.zaxxer.hikari.HikariDataSource]: Factory method 'dataSource' threw exception with message: 'url' must start with "jdbc"
	at org.springframework.beans.factory.support.SimpleInstantiationStrategy.lambda$instantiate$0(SimpleInstantiationStrategy.java:183) ~[spring-beans-7.0.5-SNAPSHOT.jar:7.0.5-SNAPSHOT]
	at org.springframework.beans.factory.support.SimpleInstantiationStrategy.instantiateWithFactoryMethod(SimpleInstantiationStrategy.java:72) ~[spring-beans-7.0.5-SNAPSHOT.jar:7.0.5-SNAPSHOT]
	at org.springframework.beans.factory.support.SimpleInstantiationStrategy.instantiate(SimpleInstantiationStrategy.java:152) ~[spring-beans-7.0.5-SNAPSHOT.jar:7.0.5-SNAPSHOT]
	at org.springframework.beans.factory.support.ConstructorResolver.instantiate(ConstructorResolver.java:653) ~[spring-beans-7.0.5-SNAPSHOT.jar:7.0.5-SNAPSHOT]
	... 20 common frames omitted
Caused by: org.springframework.beans.factory.BeanCreationException: Error creating bean with name 'dataSource' defined in class path resource [org/springframework/boot/jdbc/autoconfigure/DataSourceConfiguration$Hikari.class]: Failed to instantiate [com.zaxxer.hikari.HikariDataSource]: Factory method 'dataSource' threw exception with message: 'url' must start with "jdbc"
	at org.springframework.beans.factory.support.ConstructorResolver.instantiate(ConstructorResolver.java:657) ~[spring-beans-7.0.5-SNAPSHOT.jar:7.0.5-SNAPSHOT]
	at org.springframework.beans.factory.support.ConstructorResolver.instantiateUsingFactoryMethod(ConstructorResolver.java:645) ~[spring-beans-7.0.5-SNAPSHOT.jar:7.0.5-SNAPSHOT]
	at org.springframework.beans.factory.support.AbstractAutowireCapableBeanFactory.instantiateUsingFactoryMethod(AbstractAutowireCapableBeanFactory.java:1362) ~[spring-beans-7.0.5-SNAPSHOT.jar:7.0.5-SNAPSHOT]
	at org.springframework.beans.factory.support.AbstractAutowireCapableBeanFactory.createBeanInstance(AbstractAutowireCapableBeanFactory.java:1194) ~[spring-beans-7.0.5-SNAPSHOT.jar:7.0.5-SNAPSHOT]
	at org.springframework.beans.factory.support.AbstractAutowireCapableBeanFactory.doCreateBean(AbstractAutowireCapableBeanFactory.java:565) ~[spring-beans-7.0.5-SNAPSHOT.jar:7.0.5-SNAPSHOT]
	at org.springframework.beans.factory.support.AbstractAutowireCapableBeanFactory.createBean(AbstractAutowireCapableBeanFactory.java:525) ~[spring-beans-7.0.5-SNAPSHOT.jar:7.0.5-SNAPSHOT]
	at org.springframework.beans.factory.support.AbstractBeanFactory.lambda$doGetBean$0(AbstractBeanFactory.java:333) ~[spring-beans-7.0.5-SNAPSHOT.jar:7.0.5-SNAPSHOT]
	at org.springframework.beans.factory.support.DefaultSingletonBeanRegistry.getSingleton(DefaultSingletonBeanRegistry.java:371) ~[spring-beans-7.0.5-SNAPSHOT.jar:7.0.5-SNAPSHOT]
	at org.springframework.beans.factory.support.AbstractBeanFactory.doGetBean(AbstractBeanFactory.java:331) ~[spring-beans-7.0.5-SNAPSHOT.jar:7.0.5-SNAPSHOT]
	at org.springframework.beans.factory.support.AbstractBeanFactory.getBean(AbstractBeanFactory.java:201) ~[spring-beans-7.0.5-SNAPSHOT.jar:7.0.5-SNAPSHOT]
	at org.springframework.beans.factory.support.DefaultListableBeanFactory.resolveBean(DefaultListableBeanFactory.java:1225) ~[spring-beans-7.0.5-SNAPSHOT.jar:7.0.5-SNAPSHOT]
	at org.springframework.beans.factory.support.DefaultListableBeanFactory.doResolveDependency(DefaultListableBeanFactory.java:1704) ~[spring-beans-7.0.5-SNAPSHOT.jar:7.0.5-SNAPSHOT]
	at org.springframework.beans.factory.support.DefaultListableBeanFactory$DependencyObjectProvider.getIfUnique(DefaultListableBeanFactory.java:2611) ~[spring-beans-7.0.5-SNAPSHOT.jar:7.0.5-SNAPSHOT]
	at org.springframework.boot.flyway.autoconfigure.FlywayAutoConfiguration$FlywayConfiguration.flyway(FlywayAutoConfiguration.java:154) ~[spring-boot-flyway-4.1.0-SNAPSHOT.jar:4.1.0-SNAPSHOT]
	at java.base/jdk.internal.reflect.DirectMethodHandleAccessor.invoke(DirectMethodHandleAccessor.java:103) ~[na:na]
	at java.base/java.lang.reflect.Method.invoke(Method.java:580) ~[na:na]
	at org.springframework.beans.factory.support.SimpleInstantiationStrategy.lambda$instantiate$0(SimpleInstantiationStrategy.java:155) ~[spring-beans-7.0.5-SNAPSHOT.jar:7.0.5-SNAPSHOT]
	... 23 common frames omitted
Caused by: org.springframework.beans.BeanInstantiationException: Failed to instantiate [com.zaxxer.hikari.HikariDataSource]: Factory method 'dataSource' threw exception with message: 'url' must start with "jdbc"
	at org.springframework.beans.factory.support.SimpleInstantiationStrategy.lambda$instantiate$0(SimpleInstantiationStrategy.java:183) ~[spring-beans-7.0.5-SNAPSHOT.jar:7.0.5-SNAPSHOT]
	at org.springframework.beans.factory.support.SimpleInstantiationStrategy.instantiateWithFactoryMethod(SimpleInstantiationStrategy.java:72) ~[spring-beans-7.0.5-SNAPSHOT.jar:7.0.5-SNAPSHOT]
	at org.springframework.beans.factory.support.SimpleInstantiationStrategy.instantiate(SimpleInstantiationStrategy.java:152) ~[spring-beans-7.0.5-SNAPSHOT.jar:7.0.5-SNAPSHOT]
	at org.springframework.beans.factory.support.ConstructorResolver.instantiate(ConstructorResolver.java:653) ~[spring-beans-7.0.5-SNAPSHOT.jar:7.0.5-SNAPSHOT]
	... 39 common frames omitted
Caused by: java.lang.IllegalArgumentException: 'url' must start with "jdbc"
	at org.springframework.util.Assert.isTrue(Assert.java:117) ~[spring-core-7.0.5-SNAPSHOT.jar:7.0.5-SNAPSHOT]
	at org.springframework.boot.jdbc.DatabaseDriver.fromJdbcUrl(DatabaseDriver.java:316) ~[spring-boot-jdbc-4.1.0-SNAPSHOT.jar:4.1.0-SNAPSHOT]
	at org.springframework.boot.jdbc.autoconfigure.DataSourceProperties.findDriverClassName(DataSourceProperties.java:193) ~[spring-boot-jdbc-4.1.0-SNAPSHOT.jar:4.1.0-SNAPSHOT]
	at org.springframework.boot.jdbc.autoconfigure.DataSourceProperties.determineDriverClassName(DataSourceProperties.java:177) ~[spring-boot-jdbc-4.1.0-SNAPSHOT.jar:4.1.0-SNAPSHOT]
	at org.springframework.boot.jdbc.autoconfigure.PropertiesJdbcConnectionDetails.getDriverClassName(PropertiesJdbcConnectionDetails.java:51) ~[spring-boot-jdbc-4.1.0-SNAPSHOT.jar:4.1.0-SNAPSHOT]
	at org.springframework.boot.jdbc.autoconfigure.DataSourceConfiguration.createDataSource(DataSourceConfiguration.java:63) ~[spring-boot-jdbc-4.1.0-SNAPSHOT.jar:4.1.0-SNAPSHOT]
	at org.springframework.boot.jdbc.autoconfigure.DataSourceConfiguration$Hikari.dataSource(DataSourceConfiguration.java:128) ~[spring-boot-jdbc-4.1.0-SNAPSHOT.jar:4.1.0-SNAPSHOT]
	at java.base/jdk.internal.reflect.DirectMethodHandleAccessor.invoke(DirectMethodHandleAccessor.java:103) ~[na:na]
	at java.base/java.lang.reflect.Method.invoke(Method.java:580) ~[na:na]
	at org.springframework.beans.factory.support.SimpleInstantiationStrategy.lambda$instantiate$0(SimpleInstantiationStrategy.java:155) ~[spring-beans-7.0.5-SNAPSHOT.jar:7.0.5-SNAPSHOT]
	... 42 common frames omitted

2026-02-16T11:34:21.181+05:30  INFO 7308 --- [arihant-grc-tool] [main] com.grctool.ArihantGrcToolApplication    : Starting ArihantGrcToolApplication using Java 21.0.10 with PID 7308 (D:\Company_Projects\arihant-grc-tool\arihant-grc-tool\target\classes started by prathameshpawar in D:\Company_Projects\arihant-grc-tool\arihant-grc-tool)
2026-02-16T11:34:21.184+05:30  INFO 7308 --- [arihant-grc-tool] [main] com.grctool.ArihantGrcToolApplication    : No active profile set, falling back to 1 default profile: "default"
2026-02-16T11:34:21.980+05:30  INFO 7308 --- [arihant-grc-tool] [main] .s.d.r.c.RepositoryConfigurationDelegate : Bootstrapping Spring Data JPA repositories in DEFAULT mode.
2026-02-16T11:34:22.062+05:30  INFO 7308 --- [arihant-grc-tool] [main] .s.d.r.c.RepositoryConfigurationDelegate : Finished Spring Data repository scanning in 70 ms. Found 11 JPA repository interfaces.
2026-02-16T11:34:22.707+05:30  INFO 7308 --- [arihant-grc-tool] [main] o.s.boot.tomcat.TomcatWebServer          : Tomcat initialized with port 8085 (http)
2026-02-16T11:34:22.721+05:30  INFO 7308 --- [arihant-grc-tool] [main] o.apache.catalina.core.StandardService   : Starting service [Tomcat]
2026-02-16T11:34:22.722+05:30  INFO 7308 --- [arihant-grc-tool] [main] o.apache.catalina.core.StandardEngine    : Starting Servlet engine: [Apache Tomcat/11.0.18]
2026-02-16T11:34:22.773+05:30  INFO 7308 --- [arihant-grc-tool] [main] b.w.c.s.WebApplicationContextInitializer : Root WebApplicationContext: initialization completed in 1535 ms
2026-02-16T11:34:22.894+05:30 DEBUG 7308 --- [arihant-grc-tool] [main] o.s.w.f.ServerHttpObservationFilter      : Filter 'webMvcObservationFilter' configured for use
2026-02-16T11:34:23.224+05:30  INFO 7308 --- [arihant-grc-tool] [main] com.zaxxer.hikari.HikariDataSource       : HikariPool-1 - Starting...
2026-02-16T11:34:23.242+05:30  WARN 7308 --- [arihant-grc-tool] [main] org.postgresql.util.PGPropertyUtil       : JDBC URL invalid port number: ${POSTGRES_PORT}
2026-02-16T11:34:23.243+05:30  WARN 7308 --- [arihant-grc-tool] [main] ConfigServletWebServerApplicationContext : Exception encountered during context initialization - cancelling refresh attempt: org.springframework.beans.factory.BeanCreationException: Error creating bean with name 'entityManagerFactory' defined in class path resource [org/springframework/boot/hibernate/autoconfigure/HibernateJpaConfiguration.class]: Failed to initialize dependency 'flywayInitializer' of LoadTimeWeaverAware bean 'entityManagerFactory': Error creating bean with name 'flywayInitializer' defined in class path resource [org/springframework/boot/flyway/autoconfigure/FlywayAutoConfiguration$FlywayConfiguration.class]: Driver org.postgresql.Driver claims to not accept jdbcUrl, jdbc:postgresql://${POSTGRES_HOST}:${POSTGRES_PORT}/${POSTGRES_DB}
2026-02-16T11:34:23.247+05:30  INFO 7308 --- [arihant-grc-tool] [main] o.apache.catalina.core.StandardService   : Stopping service [Tomcat]
2026-02-16T11:34:23.260+05:30  INFO 7308 --- [arihant-grc-tool] [main] .s.b.a.l.ConditionEvaluationReportLogger : 

Error starting ApplicationContext. To display the condition evaluation report re-run your application with 'debug' enabled.
2026-02-16T11:34:23.275+05:30 ERROR 7308 --- [arihant-grc-tool] [main] o.s.boot.SpringApplication               : Application run failed

org.springframework.beans.factory.BeanCreationException: Error creating bean with name 'entityManagerFactory' defined in class path resource [org/springframework/boot/hibernate/autoconfigure/HibernateJpaConfiguration.class]: Failed to initialize dependency 'flywayInitializer' of LoadTimeWeaverAware bean 'entityManagerFactory': Error creating bean with name 'flywayInitializer' defined in class path resource [org/springframework/boot/flyway/autoconfigure/FlywayAutoConfiguration$FlywayConfiguration.class]: Driver org.postgresql.Driver claims to not accept jdbcUrl, jdbc:postgresql://${POSTGRES_HOST}:${POSTGRES_PORT}/${POSTGRES_DB}
	at org.springframework.beans.factory.support.AbstractBeanFactory.doGetBean(AbstractBeanFactory.java:322) ~[spring-beans-7.0.5-SNAPSHOT.jar:7.0.5-SNAPSHOT]
	at org.springframework.beans.factory.support.AbstractBeanFactory.getBean(AbstractBeanFactory.java:201) ~[spring-beans-7.0.5-SNAPSHOT.jar:7.0.5-SNAPSHOT]
	at org.springframework.context.support.AbstractApplicationContext.finishBeanFactoryInitialization(AbstractApplicationContext.java:977) ~[spring-context-7.0.5-SNAPSHOT.jar:7.0.5-SNAPSHOT]
	at org.springframework.context.support.AbstractApplicationContext.refresh(AbstractApplicationContext.java:621) ~[spring-context-7.0.5-SNAPSHOT.jar:7.0.5-SNAPSHOT]
	at org.springframework.boot.web.server.servlet.context.ServletWebServerApplicationContext.refresh(ServletWebServerApplicationContext.java:143) ~[spring-boot-web-server-4.1.0-SNAPSHOT.jar:4.1.0-SNAPSHOT]
	at org.springframework.boot.SpringApplication.refresh(SpringApplication.java:756) ~[spring-boot-4.1.0-SNAPSHOT.jar:4.1.0-SNAPSHOT]
	at org.springframework.boot.SpringApplication.refreshContext(SpringApplication.java:445) ~[spring-boot-4.1.0-SNAPSHOT.jar:4.1.0-SNAPSHOT]
	at org.springframework.boot.SpringApplication.run(SpringApplication.java:321) ~[spring-boot-4.1.0-SNAPSHOT.jar:4.1.0-SNAPSHOT]
	at org.springframework.boot.SpringApplication.run(SpringApplication.java:1365) ~[spring-boot-4.1.0-SNAPSHOT.jar:4.1.0-SNAPSHOT]
	at org.springframework.boot.SpringApplication.run(SpringApplication.java:1354) ~[spring-boot-4.1.0-SNAPSHOT.jar:4.1.0-SNAPSHOT]
	at com.grctool.ArihantGrcToolApplication.main(ArihantGrcToolApplication.java:12) ~[classes/:na]
Caused by: org.springframework.beans.factory.BeanCreationException: Error creating bean with name 'flywayInitializer' defined in class path resource [org/springframework/boot/flyway/autoconfigure/FlywayAutoConfiguration$FlywayConfiguration.class]: Driver org.postgresql.Driver claims to not accept jdbcUrl, jdbc:postgresql://${POSTGRES_HOST}:${POSTGRES_PORT}/${POSTGRES_DB}
	at org.springframework.beans.factory.support.AbstractAutowireCapableBeanFactory.initializeBean(AbstractAutowireCapableBeanFactory.java:1817) ~[spring-beans-7.0.5-SNAPSHOT.jar:7.0.5-SNAPSHOT]
	at org.springframework.beans.factory.support.AbstractAutowireCapableBeanFactory.doCreateBean(AbstractAutowireCapableBeanFactory.java:603) ~[spring-beans-7.0.5-SNAPSHOT.jar:7.0.5-SNAPSHOT]
	at org.springframework.beans.factory.support.AbstractAutowireCapableBeanFactory.createBean(AbstractAutowireCapableBeanFactory.java:525) ~[spring-beans-7.0.5-SNAPSHOT.jar:7.0.5-SNAPSHOT]
	at org.springframework.beans.factory.support.AbstractBeanFactory.lambda$doGetBean$0(AbstractBeanFactory.java:333) ~[spring-beans-7.0.5-SNAPSHOT.jar:7.0.5-SNAPSHOT]
	at org.springframework.beans.factory.support.DefaultSingletonBeanRegistry.getSingleton(DefaultSingletonBeanRegistry.java:371) ~[spring-beans-7.0.5-SNAPSHOT.jar:7.0.5-SNAPSHOT]
	at org.springframework.beans.factory.support.AbstractBeanFactory.doGetBean(AbstractBeanFactory.java:331) ~[spring-beans-7.0.5-SNAPSHOT.jar:7.0.5-SNAPSHOT]
	at org.springframework.beans.factory.support.AbstractBeanFactory.getBean(AbstractBeanFactory.java:196) ~[spring-beans-7.0.5-SNAPSHOT.jar:7.0.5-SNAPSHOT]
	at org.springframework.beans.factory.support.AbstractBeanFactory.doGetBean(AbstractBeanFactory.java:309) ~[spring-beans-7.0.5-SNAPSHOT.jar:7.0.5-SNAPSHOT]
	... 10 common frames omitted
Caused by: java.lang.RuntimeException: Driver org.postgresql.Driver claims to not accept jdbcUrl, jdbc:postgresql://${POSTGRES_HOST}:${POSTGRES_PORT}/${POSTGRES_DB}
	at com.zaxxer.hikari.util.DriverDataSource.<init>(DriverDataSource.java:116) ~[HikariCP-7.0.2.jar:na]
	at com.zaxxer.hikari.pool.PoolBase.initializeDataSource(PoolBase.java:336) ~[HikariCP-7.0.2.jar:na]
	at com.zaxxer.hikari.pool.PoolBase.<init>(PoolBase.java:121) ~[HikariCP-7.0.2.jar:na]
	at com.zaxxer.hikari.pool.HikariPool.<init>(HikariPool.java:90) ~[HikariCP-7.0.2.jar:na]
	at com.zaxxer.hikari.HikariDataSource.getConnection(HikariDataSource.java:111) ~[HikariCP-7.0.2.jar:na]
	at org.flywaydb.core.internal.jdbc.JdbcUtils.openConnection(JdbcUtils.java:73) ~[flyway-core-12.0.0.jar:na]
	at org.flywaydb.core.internal.jdbc.JdbcConnectionFactory.<init>(JdbcConnectionFactory.java:76) ~[flyway-core-12.0.0.jar:na]
	at org.flywaydb.core.FlywayExecutor.init(FlywayExecutor.java:273) ~[flyway-core-12.0.0.jar:na]
	at org.flywaydb.core.FlywayExecutor.execute(FlywayExecutor.java:118) ~[flyway-core-12.0.0.jar:na]
	at org.flywaydb.core.Flyway.migrate(Flyway.java:187) ~[flyway-core-12.0.0.jar:na]
	at org.springframework.boot.flyway.autoconfigure.FlywayMigrationInitializer.afterPropertiesSet(FlywayMigrationInitializer.java:67) ~[spring-boot-flyway-4.1.0-SNAPSHOT.jar:4.1.0-SNAPSHOT]
	at org.springframework.beans.factory.support.AbstractAutowireCapableBeanFactory.invokeInitMethods(AbstractAutowireCapableBeanFactory.java:1864) ~[spring-beans-7.0.5-SNAPSHOT.jar:7.0.5-SNAPSHOT]
	at org.springframework.beans.factory.support.AbstractAutowireCapableBeanFactory.initializeBean(AbstractAutowireCapableBeanFactory.java:1813) ~[spring-beans-7.0.5-SNAPSHOT.jar:7.0.5-SNAPSHOT]
	... 17 common frames omitted

2026-02-16T11:36:15.940+05:30  INFO 17900 --- [arihant-grc-tool] [main] com.grctool.ArihantGrcToolApplication    : Starting ArihantGrcToolApplication using Java 21.0.10 with PID 17900 (D:\Company_Projects\arihant-grc-tool\arihant-grc-tool\target\classes started by prathameshpawar in D:\Company_Projects\arihant-grc-tool\arihant-grc-tool)
2026-02-16T11:36:15.943+05:30  INFO 17900 --- [arihant-grc-tool] [main] com.grctool.ArihantGrcToolApplication    : No active profile set, falling back to 1 default profile: "default"
2026-02-16T11:36:16.746+05:30  INFO 17900 --- [arihant-grc-tool] [main] .s.d.r.c.RepositoryConfigurationDelegate : Bootstrapping Spring Data JPA repositories in DEFAULT mode.
2026-02-16T11:36:16.831+05:30  INFO 17900 --- [arihant-grc-tool] [main] .s.d.r.c.RepositoryConfigurationDelegate : Finished Spring Data repository scanning in 72 ms. Found 11 JPA repository interfaces.
2026-02-16T11:36:17.467+05:30  INFO 17900 --- [arihant-grc-tool] [main] o.s.boot.tomcat.TomcatWebServer          : Tomcat initialized with port 8085 (http)
2026-02-16T11:36:17.480+05:30  INFO 17900 --- [arihant-grc-tool] [main] o.apache.catalina.core.StandardService   : Starting service [Tomcat]
2026-02-16T11:36:17.480+05:30  INFO 17900 --- [arihant-grc-tool] [main] o.apache.catalina.core.StandardEngine    : Starting Servlet engine: [Apache Tomcat/11.0.18]
2026-02-16T11:36:17.537+05:30  INFO 17900 --- [arihant-grc-tool] [main] b.w.c.s.WebApplicationContextInitializer : Root WebApplicationContext: initialization completed in 1546 ms
2026-02-16T11:36:17.663+05:30 DEBUG 17900 --- [arihant-grc-tool] [main] o.s.w.f.ServerHttpObservationFilter      : Filter 'webMvcObservationFilter' configured for use
2026-02-16T11:36:18.002+05:30  INFO 17900 --- [arihant-grc-tool] [main] com.zaxxer.hikari.HikariDataSource       : HikariPool-1 - Starting...
2026-02-16T11:36:18.011+05:30  WARN 17900 --- [arihant-grc-tool] [main] org.postgresql.util.PGPropertyUtil       : JDBC URL invalid port number: ${POSTGRES_PORT}
2026-02-16T11:36:18.013+05:30  WARN 17900 --- [arihant-grc-tool] [main] ConfigServletWebServerApplicationContext : Exception encountered during context initialization - cancelling refresh attempt: org.springframework.beans.factory.BeanCreationException: Error creating bean with name 'entityManagerFactory' defined in class path resource [org/springframework/boot/hibernate/autoconfigure/HibernateJpaConfiguration.class]: Failed to initialize dependency 'flywayInitializer' of LoadTimeWeaverAware bean 'entityManagerFactory': Error creating bean with name 'flywayInitializer' defined in class path resource [org/springframework/boot/flyway/autoconfigure/FlywayAutoConfiguration$FlywayConfiguration.class]: Driver org.postgresql.Driver claims to not accept jdbcUrl, jdbc:postgresql://${POSTGRES_HOST}:${POSTGRES_PORT}/${POSTGRES_DB}
2026-02-16T11:36:18.017+05:30  INFO 17900 --- [arihant-grc-tool] [main] o.apache.catalina.core.StandardService   : Stopping service [Tomcat]
2026-02-16T11:36:18.030+05:30  INFO 17900 --- [arihant-grc-tool] [main] .s.b.a.l.ConditionEvaluationReportLogger : 

Error starting ApplicationContext. To display the condition evaluation report re-run your application with 'debug' enabled.
2026-02-16T11:36:18.045+05:30 ERROR 17900 --- [arihant-grc-tool] [main] o.s.boot.SpringApplication               : Application run failed

org.springframework.beans.factory.BeanCreationException: Error creating bean with name 'entityManagerFactory' defined in class path resource [org/springframework/boot/hibernate/autoconfigure/HibernateJpaConfiguration.class]: Failed to initialize dependency 'flywayInitializer' of LoadTimeWeaverAware bean 'entityManagerFactory': Error creating bean with name 'flywayInitializer' defined in class path resource [org/springframework/boot/flyway/autoconfigure/FlywayAutoConfiguration$FlywayConfiguration.class]: Driver org.postgresql.Driver claims to not accept jdbcUrl, jdbc:postgresql://${POSTGRES_HOST}:${POSTGRES_PORT}/${POSTGRES_DB}
	at org.springframework.beans.factory.support.AbstractBeanFactory.doGetBean(AbstractBeanFactory.java:322) ~[spring-beans-7.0.5-SNAPSHOT.jar:7.0.5-SNAPSHOT]
	at org.springframework.beans.factory.support.AbstractBeanFactory.getBean(AbstractBeanFactory.java:201) ~[spring-beans-7.0.5-SNAPSHOT.jar:7.0.5-SNAPSHOT]
	at org.springframework.context.support.AbstractApplicationContext.finishBeanFactoryInitialization(AbstractApplicationContext.java:977) ~[spring-context-7.0.5-SNAPSHOT.jar:7.0.5-SNAPSHOT]
	at org.springframework.context.support.AbstractApplicationContext.refresh(AbstractApplicationContext.java:621) ~[spring-context-7.0.5-SNAPSHOT.jar:7.0.5-SNAPSHOT]
	at org.springframework.boot.web.server.servlet.context.ServletWebServerApplicationContext.refresh(ServletWebServerApplicationContext.java:143) ~[spring-boot-web-server-4.1.0-SNAPSHOT.jar:4.1.0-SNAPSHOT]
	at org.springframework.boot.SpringApplication.refresh(SpringApplication.java:756) ~[spring-boot-4.1.0-SNAPSHOT.jar:4.1.0-SNAPSHOT]
	at org.springframework.boot.SpringApplication.refreshContext(SpringApplication.java:445) ~[spring-boot-4.1.0-SNAPSHOT.jar:4.1.0-SNAPSHOT]
	at org.springframework.boot.SpringApplication.run(SpringApplication.java:321) ~[spring-boot-4.1.0-SNAPSHOT.jar:4.1.0-SNAPSHOT]
	at org.springframework.boot.SpringApplication.run(SpringApplication.java:1365) ~[spring-boot-4.1.0-SNAPSHOT.jar:4.1.0-SNAPSHOT]
	at org.springframework.boot.SpringApplication.run(SpringApplication.java:1354) ~[spring-boot-4.1.0-SNAPSHOT.jar:4.1.0-SNAPSHOT]
	at com.grctool.ArihantGrcToolApplication.main(ArihantGrcToolApplication.java:12) ~[classes/:na]
Caused by: org.springframework.beans.factory.BeanCreationException: Error creating bean with name 'flywayInitializer' defined in class path resource [org/springframework/boot/flyway/autoconfigure/FlywayAutoConfiguration$FlywayConfiguration.class]: Driver org.postgresql.Driver claims to not accept jdbcUrl, jdbc:postgresql://${POSTGRES_HOST}:${POSTGRES_PORT}/${POSTGRES_DB}
	at org.springframework.beans.factory.support.AbstractAutowireCapableBeanFactory.initializeBean(AbstractAutowireCapableBeanFactory.java:1817) ~[spring-beans-7.0.5-SNAPSHOT.jar:7.0.5-SNAPSHOT]
	at org.springframework.beans.factory.support.AbstractAutowireCapableBeanFactory.doCreateBean(AbstractAutowireCapableBeanFactory.java:603) ~[spring-beans-7.0.5-SNAPSHOT.jar:7.0.5-SNAPSHOT]
	at org.springframework.beans.factory.support.AbstractAutowireCapableBeanFactory.createBean(AbstractAutowireCapableBeanFactory.java:525) ~[spring-beans-7.0.5-SNAPSHOT.jar:7.0.5-SNAPSHOT]
	at org.springframework.beans.factory.support.AbstractBeanFactory.lambda$doGetBean$0(AbstractBeanFactory.java:333) ~[spring-beans-7.0.5-SNAPSHOT.jar:7.0.5-SNAPSHOT]
	at org.springframework.beans.factory.support.DefaultSingletonBeanRegistry.getSingleton(DefaultSingletonBeanRegistry.java:371) ~[spring-beans-7.0.5-SNAPSHOT.jar:7.0.5-SNAPSHOT]
	at org.springframework.beans.factory.support.AbstractBeanFactory.doGetBean(AbstractBeanFactory.java:331) ~[spring-beans-7.0.5-SNAPSHOT.jar:7.0.5-SNAPSHOT]
	at org.springframework.beans.factory.support.AbstractBeanFactory.getBean(AbstractBeanFactory.java:196) ~[spring-beans-7.0.5-SNAPSHOT.jar:7.0.5-SNAPSHOT]
	at org.springframework.beans.factory.support.AbstractBeanFactory.doGetBean(AbstractBeanFactory.java:309) ~[spring-beans-7.0.5-SNAPSHOT.jar:7.0.5-SNAPSHOT]
	... 10 common frames omitted
Caused by: java.lang.RuntimeException: Driver org.postgresql.Driver claims to not accept jdbcUrl, jdbc:postgresql://${POSTGRES_HOST}:${POSTGRES_PORT}/${POSTGRES_DB}
	at com.zaxxer.hikari.util.DriverDataSource.<init>(DriverDataSource.java:116) ~[HikariCP-7.0.2.jar:na]
	at com.zaxxer.hikari.pool.PoolBase.initializeDataSource(PoolBase.java:336) ~[HikariCP-7.0.2.jar:na]
	at com.zaxxer.hikari.pool.PoolBase.<init>(PoolBase.java:121) ~[HikariCP-7.0.2.jar:na]
	at com.zaxxer.hikari.pool.HikariPool.<init>(HikariPool.java:90) ~[HikariCP-7.0.2.jar:na]
	at com.zaxxer.hikari.HikariDataSource.getConnection(HikariDataSource.java:111) ~[HikariCP-7.0.2.jar:na]
	at org.flywaydb.core.internal.jdbc.JdbcUtils.openConnection(JdbcUtils.java:73) ~[flyway-core-12.0.0.jar:na]
	at org.flywaydb.core.internal.jdbc.JdbcConnectionFactory.<init>(JdbcConnectionFactory.java:76) ~[flyway-core-12.0.0.jar:na]
	at org.flywaydb.core.FlywayExecutor.init(FlywayExecutor.java:273) ~[flyway-core-12.0.0.jar:na]
	at org.flywaydb.core.FlywayExecutor.execute(FlywayExecutor.java:118) ~[flyway-core-12.0.0.jar:na]
	at org.flywaydb.core.Flyway.migrate(Flyway.java:187) ~[flyway-core-12.0.0.jar:na]
	at org.springframework.boot.flyway.autoconfigure.FlywayMigrationInitializer.afterPropertiesSet(FlywayMigrationInitializer.java:67) ~[spring-boot-flyway-4.1.0-SNAPSHOT.jar:4.1.0-SNAPSHOT]
	at org.springframework.beans.factory.support.AbstractAutowireCapableBeanFactory.invokeInitMethods(AbstractAutowireCapableBeanFactory.java:1864) ~[spring-beans-7.0.5-SNAPSHOT.jar:7.0.5-SNAPSHOT]
	at org.springframework.beans.factory.support.AbstractAutowireCapableBeanFactory.initializeBean(AbstractAutowireCapableBeanFactory.java:1813) ~[spring-beans-7.0.5-SNAPSHOT.jar:7.0.5-SNAPSHOT]
	... 17 common frames omitted

2026-02-16T11:37:09.129+05:30  INFO 10764 --- [arihant-grc-tool] [main] com.grctool.ArihantGrcToolApplication    : Starting ArihantGrcToolApplication using Java 21.0.10 with PID 10764 (D:\Company_Projects\arihant-grc-tool\arihant-grc-tool\target\classes started by prathameshpawar in D:\Company_Projects\arihant-grc-tool\arihant-grc-tool)
2026-02-16T11:37:09.132+05:30  INFO 10764 --- [arihant-grc-tool] [main] com.grctool.ArihantGrcToolApplication    : No active profile set, falling back to 1 default profile: "default"
2026-02-16T11:37:09.895+05:30  INFO 10764 --- [arihant-grc-tool] [main] .s.d.r.c.RepositoryConfigurationDelegate : Bootstrapping Spring Data JPA repositories in DEFAULT mode.
2026-02-16T11:37:09.987+05:30  INFO 10764 --- [arihant-grc-tool] [main] .s.d.r.c.RepositoryConfigurationDelegate : Finished Spring Data repository scanning in 70 ms. Found 11 JPA repository interfaces.
2026-02-16T11:37:10.655+05:30  INFO 10764 --- [arihant-grc-tool] [main] o.s.boot.tomcat.TomcatWebServer          : Tomcat initialized with port 8085 (http)
2026-02-16T11:37:10.669+05:30  INFO 10764 --- [arihant-grc-tool] [main] o.apache.catalina.core.StandardService   : Starting service [Tomcat]
2026-02-16T11:37:10.670+05:30  INFO 10764 --- [arihant-grc-tool] [main] o.apache.catalina.core.StandardEngine    : Starting Servlet engine: [Apache Tomcat/11.0.18]
2026-02-16T11:37:10.728+05:30  INFO 10764 --- [arihant-grc-tool] [main] b.w.c.s.WebApplicationContextInitializer : Root WebApplicationContext: initialization completed in 1548 ms
2026-02-16T11:37:10.849+05:30 DEBUG 10764 --- [arihant-grc-tool] [main] o.s.w.f.ServerHttpObservationFilter      : Filter 'webMvcObservationFilter' configured for use
2026-02-16T11:37:11.172+05:30  INFO 10764 --- [arihant-grc-tool] [main] com.zaxxer.hikari.HikariDataSource       : HikariPool-1 - Starting...
2026-02-16T11:37:12.357+05:30  WARN 10764 --- [arihant-grc-tool] [main] ConfigServletWebServerApplicationContext : Exception encountered during context initialization - cancelling refresh attempt: org.springframework.beans.factory.BeanCreationException: Error creating bean with name 'entityManagerFactory' defined in class path resource [org/springframework/boot/hibernate/autoconfigure/HibernateJpaConfiguration.class]: Failed to initialize dependency 'flywayInitializer' of LoadTimeWeaverAware bean 'entityManagerFactory': Error creating bean with name 'flywayInitializer' defined in class path resource [org/springframework/boot/flyway/autoconfigure/FlywayAutoConfiguration$FlywayConfiguration.class]: Unable to obtain connection from database: FATAL: password authentication failed for user "${DB_USERNAME}"
----------------------------------------------------------------------------------------------------------
SQL State  : 28P01
Error Code : 0
Message    : FATAL: password authentication failed for user "${DB_USERNAME}"

2026-02-16T11:37:12.361+05:30  INFO 10764 --- [arihant-grc-tool] [main] o.apache.catalina.core.StandardService   : Stopping service [Tomcat]
2026-02-16T11:37:12.374+05:30  INFO 10764 --- [arihant-grc-tool] [main] .s.b.a.l.ConditionEvaluationReportLogger : 

Error starting ApplicationContext. To display the condition evaluation report re-run your application with 'debug' enabled.
2026-02-16T11:37:12.390+05:30 ERROR 10764 --- [arihant-grc-tool] [main] o.s.boot.SpringApplication               : Application run failed

org.springframework.beans.factory.BeanCreationException: Error creating bean with name 'entityManagerFactory' defined in class path resource [org/springframework/boot/hibernate/autoconfigure/HibernateJpaConfiguration.class]: Failed to initialize dependency 'flywayInitializer' of LoadTimeWeaverAware bean 'entityManagerFactory': Error creating bean with name 'flywayInitializer' defined in class path resource [org/springframework/boot/flyway/autoconfigure/FlywayAutoConfiguration$FlywayConfiguration.class]: Unable to obtain connection from database: FATAL: password authentication failed for user "${DB_USERNAME}"
----------------------------------------------------------------------------------------------------------
SQL State  : 28P01
Error Code : 0
Message    : FATAL: password authentication failed for user "${DB_USERNAME}"

	at org.springframework.beans.factory.support.AbstractBeanFactory.doGetBean(AbstractBeanFactory.java:322) ~[spring-beans-7.0.5-SNAPSHOT.jar:7.0.5-SNAPSHOT]
	at org.springframework.beans.factory.support.AbstractBeanFactory.getBean(AbstractBeanFactory.java:201) ~[spring-beans-7.0.5-SNAPSHOT.jar:7.0.5-SNAPSHOT]
	at org.springframework.context.support.AbstractApplicationContext.finishBeanFactoryInitialization(AbstractApplicationContext.java:977) ~[spring-context-7.0.5-SNAPSHOT.jar:7.0.5-SNAPSHOT]
	at org.springframework.context.support.AbstractApplicationContext.refresh(AbstractApplicationContext.java:621) ~[spring-context-7.0.5-SNAPSHOT.jar:7.0.5-SNAPSHOT]
	at org.springframework.boot.web.server.servlet.context.ServletWebServerApplicationContext.refresh(ServletWebServerApplicationContext.java:143) ~[spring-boot-web-server-4.1.0-SNAPSHOT.jar:4.1.0-SNAPSHOT]
	at org.springframework.boot.SpringApplication.refresh(SpringApplication.java:756) ~[spring-boot-4.1.0-SNAPSHOT.jar:4.1.0-SNAPSHOT]
	at org.springframework.boot.SpringApplication.refreshContext(SpringApplication.java:445) ~[spring-boot-4.1.0-SNAPSHOT.jar:4.1.0-SNAPSHOT]
	at org.springframework.boot.SpringApplication.run(SpringApplication.java:321) ~[spring-boot-4.1.0-SNAPSHOT.jar:4.1.0-SNAPSHOT]
	at org.springframework.boot.SpringApplication.run(SpringApplication.java:1365) ~[spring-boot-4.1.0-SNAPSHOT.jar:4.1.0-SNAPSHOT]
	at org.springframework.boot.SpringApplication.run(SpringApplication.java:1354) ~[spring-boot-4.1.0-SNAPSHOT.jar:4.1.0-SNAPSHOT]
	at com.grctool.ArihantGrcToolApplication.main(ArihantGrcToolApplication.java:12) ~[classes/:na]
Caused by: org.springframework.beans.factory.BeanCreationException: Error creating bean with name 'flywayInitializer' defined in class path resource [org/springframework/boot/flyway/autoconfigure/FlywayAutoConfiguration$FlywayConfiguration.class]: Unable to obtain connection from database: FATAL: password authentication failed for user "${DB_USERNAME}"
----------------------------------------------------------------------------------------------------------
SQL State  : 28P01
Error Code : 0
Message    : FATAL: password authentication failed for user "${DB_USERNAME}"

	at org.springframework.beans.factory.support.AbstractAutowireCapableBeanFactory.initializeBean(AbstractAutowireCapableBeanFactory.java:1817) ~[spring-beans-7.0.5-SNAPSHOT.jar:7.0.5-SNAPSHOT]
	at org.springframework.beans.factory.support.AbstractAutowireCapableBeanFactory.doCreateBean(AbstractAutowireCapableBeanFactory.java:603) ~[spring-beans-7.0.5-SNAPSHOT.jar:7.0.5-SNAPSHOT]
	at org.springframework.beans.factory.support.AbstractAutowireCapableBeanFactory.createBean(AbstractAutowireCapableBeanFactory.java:525) ~[spring-beans-7.0.5-SNAPSHOT.jar:7.0.5-SNAPSHOT]
	at org.springframework.beans.factory.support.AbstractBeanFactory.lambda$doGetBean$0(AbstractBeanFactory.java:333) ~[spring-beans-7.0.5-SNAPSHOT.jar:7.0.5-SNAPSHOT]
	at org.springframework.beans.factory.support.DefaultSingletonBeanRegistry.getSingleton(DefaultSingletonBeanRegistry.java:371) ~[spring-beans-7.0.5-SNAPSHOT.jar:7.0.5-SNAPSHOT]
	at org.springframework.beans.factory.support.AbstractBeanFactory.doGetBean(AbstractBeanFactory.java:331) ~[spring-beans-7.0.5-SNAPSHOT.jar:7.0.5-SNAPSHOT]
	at org.springframework.beans.factory.support.AbstractBeanFactory.getBean(AbstractBeanFactory.java:196) ~[spring-beans-7.0.5-SNAPSHOT.jar:7.0.5-SNAPSHOT]
	at org.springframework.beans.factory.support.AbstractBeanFactory.doGetBean(AbstractBeanFactory.java:309) ~[spring-beans-7.0.5-SNAPSHOT.jar:7.0.5-SNAPSHOT]
	... 10 common frames omitted
Caused by: org.flywaydb.core.internal.exception.sqlExceptions.FlywaySqlUnableToConnectToDbException: Unable to obtain connection from database: FATAL: password authentication failed for user "${DB_USERNAME}"
----------------------------------------------------------------------------------------------------------
SQL State  : 28P01
Error Code : 0
Message    : FATAL: password authentication failed for user "${DB_USERNAME}"

	at org.flywaydb.core.internal.jdbc.JdbcUtils.openConnection(JdbcUtils.java:78) ~[flyway-core-12.0.0.jar:na]
	at org.flywaydb.core.internal.jdbc.JdbcConnectionFactory.<init>(JdbcConnectionFactory.java:76) ~[flyway-core-12.0.0.jar:na]
	at org.flywaydb.core.FlywayExecutor.init(FlywayExecutor.java:273) ~[flyway-core-12.0.0.jar:na]
	at org.flywaydb.core.FlywayExecutor.execute(FlywayExecutor.java:118) ~[flyway-core-12.0.0.jar:na]
	at org.flywaydb.core.Flyway.migrate(Flyway.java:187) ~[flyway-core-12.0.0.jar:na]
	at org.springframework.boot.flyway.autoconfigure.FlywayMigrationInitializer.afterPropertiesSet(FlywayMigrationInitializer.java:67) ~[spring-boot-flyway-4.1.0-SNAPSHOT.jar:4.1.0-SNAPSHOT]
	at org.springframework.beans.factory.support.AbstractAutowireCapableBeanFactory.invokeInitMethods(AbstractAutowireCapableBeanFactory.java:1864) ~[spring-beans-7.0.5-SNAPSHOT.jar:7.0.5-SNAPSHOT]
	at org.springframework.beans.factory.support.AbstractAutowireCapableBeanFactory.initializeBean(AbstractAutowireCapableBeanFactory.java:1813) ~[spring-beans-7.0.5-SNAPSHOT.jar:7.0.5-SNAPSHOT]
	... 17 common frames omitted
Caused by: org.postgresql.util.PSQLException: FATAL: password authentication failed for user "${DB_USERNAME}"
	at org.postgresql.core.v3.ConnectionFactoryImpl.doAuthentication(ConnectionFactoryImpl.java:778) ~[postgresql-42.7.10.jar:42.7.10]
	at org.postgresql.core.v3.ConnectionFactoryImpl.tryConnect(ConnectionFactoryImpl.java:234) ~[postgresql-42.7.10.jar:42.7.10]
	at org.postgresql.core.v3.ConnectionFactoryImpl.openConnectionImpl(ConnectionFactoryImpl.java:289) ~[postgresql-42.7.10.jar:42.7.10]
	at org.postgresql.core.ConnectionFactory.openConnection(ConnectionFactory.java:57) ~[postgresql-42.7.10.jar:42.7.10]
	at org.postgresql.jdbc.PgConnection.<init>(PgConnection.java:290) ~[postgresql-42.7.10.jar:42.7.10]
	at org.postgresql.Driver.makeConnection(Driver.java:448) ~[postgresql-42.7.10.jar:42.7.10]
	at org.postgresql.Driver.connect(Driver.java:298) ~[postgresql-42.7.10.jar:42.7.10]
	at com.zaxxer.hikari.util.DriverDataSource.getConnection(DriverDataSource.java:144) ~[HikariCP-7.0.2.jar:na]
	at com.zaxxer.hikari.pool.PoolBase.newConnection(PoolBase.java:373) ~[HikariCP-7.0.2.jar:na]
	at com.zaxxer.hikari.pool.PoolBase.newPoolEntry(PoolBase.java:210) ~[HikariCP-7.0.2.jar:na]
	at com.zaxxer.hikari.pool.HikariPool.createPoolEntry(HikariPool.java:488) ~[HikariCP-7.0.2.jar:na]
	at com.zaxxer.hikari.pool.HikariPool.checkFailFast(HikariPool.java:576) ~[HikariCP-7.0.2.jar:na]
	at com.zaxxer.hikari.pool.HikariPool.<init>(HikariPool.java:97) ~[HikariCP-7.0.2.jar:na]
	at com.zaxxer.hikari.HikariDataSource.getConnection(HikariDataSource.java:111) ~[HikariCP-7.0.2.jar:na]
	at org.flywaydb.core.internal.jdbc.JdbcUtils.openConnection(JdbcUtils.java:73) ~[flyway-core-12.0.0.jar:na]
	... 24 common frames omitted

2026-02-16T11:37:56.354+05:30  INFO 3388 --- [arihant-grc-tool] [main] com.grctool.ArihantGrcToolApplication    : Starting ArihantGrcToolApplication using Java 21.0.10 with PID 3388 (D:\Company_Projects\arihant-grc-tool\arihant-grc-tool\target\classes started by prathameshpawar in D:\Company_Projects\arihant-grc-tool\arihant-grc-tool)
2026-02-16T11:37:56.359+05:30  INFO 3388 --- [arihant-grc-tool] [main] com.grctool.ArihantGrcToolApplication    : No active profile set, falling back to 1 default profile: "default"
2026-02-16T11:37:57.501+05:30  INFO 3388 --- [arihant-grc-tool] [main] .s.d.r.c.RepositoryConfigurationDelegate : Bootstrapping Spring Data JPA repositories in DEFAULT mode.
2026-02-16T11:37:57.616+05:30  INFO 3388 --- [arihant-grc-tool] [main] .s.d.r.c.RepositoryConfigurationDelegate : Finished Spring Data repository scanning in 86 ms. Found 11 JPA repository interfaces.
2026-02-16T11:37:58.319+05:30  INFO 3388 --- [arihant-grc-tool] [main] o.s.boot.tomcat.TomcatWebServer          : Tomcat initialized with port 8085 (http)
2026-02-16T11:37:58.335+05:30  INFO 3388 --- [arihant-grc-tool] [main] o.apache.catalina.core.StandardService   : Starting service [Tomcat]
2026-02-16T11:37:58.335+05:30  INFO 3388 --- [arihant-grc-tool] [main] o.apache.catalina.core.StandardEngine    : Starting Servlet engine: [Apache Tomcat/11.0.18]
2026-02-16T11:37:58.400+05:30  INFO 3388 --- [arihant-grc-tool] [main] b.w.c.s.WebApplicationContextInitializer : Root WebApplicationContext: initialization completed in 1968 ms
2026-02-16T11:37:58.544+05:30 DEBUG 3388 --- [arihant-grc-tool] [main] o.s.w.f.ServerHttpObservationFilter      : Filter 'webMvcObservationFilter' configured for use
2026-02-16T11:37:58.938+05:30  INFO 3388 --- [arihant-grc-tool] [main] com.zaxxer.hikari.HikariDataSource       : HikariPool-1 - Starting...
2026-02-16T11:37:59.157+05:30  INFO 3388 --- [arihant-grc-tool] [main] com.zaxxer.hikari.pool.HikariPool        : HikariPool-1 - Added connection org.postgresql.jdbc.PgConnection@b32e983
2026-02-16T11:37:59.160+05:30  INFO 3388 --- [arihant-grc-tool] [main] com.zaxxer.hikari.HikariDataSource       : HikariPool-1 - Start completed.
2026-02-16T11:37:59.185+05:30  INFO 3388 --- [arihant-grc-tool] [main] org.flywaydb.core.FlywayExecutor         : Database: jdbc:postgresql://localhost:5432/grc_db (PostgreSQL 18.1)
2026-02-16T11:37:59.195+05:30  INFO 3388 --- [arihant-grc-tool] [main] o.f.c.i.resource.ResourceNameValidator   : 1 SQL migrations were detected but not run because they did not follow the filename convention.
2026-02-16T11:37:59.195+05:30  INFO 3388 --- [arihant-grc-tool] [main] o.f.c.i.resource.ResourceNameValidator   : Set 'validateMigrationNaming' to true to fail fast and see a list of the invalid file names.
2026-02-16T11:37:59.270+05:30  INFO 3388 --- [arihant-grc-tool] [main] o.f.core.internal.command.DbValidate     : Successfully validated 18 migrations (execution time 00:00.041s)
2026-02-16T11:37:59.361+05:30  INFO 3388 --- [arihant-grc-tool] [main] o.f.core.internal.command.DbMigrate      : Current version of schema "public": 19
2026-02-16T11:37:59.362+05:30  WARN 3388 --- [arihant-grc-tool] [main] o.f.core.internal.command.DbMigrate      : outOfOrder mode is active. Migration of schema "public" may not be reproducible.
2026-02-16T11:37:59.367+05:30  INFO 3388 --- [arihant-grc-tool] [main] o.f.core.internal.command.DbMigrate      : Schema "public" is up to date. No migration necessary.
2026-02-16T11:38:00.157+05:30  INFO 3388 --- [arihant-grc-tool] [main] o.s.o.j.p.SpringPersistenceUnitInfo      : No LoadTimeWeaver setup: ignoring JPA class transformer
2026-02-16T11:38:01.906+05:30  INFO 3388 --- [arihant-grc-tool] [main] j.LocalContainerEntityManagerFactoryBean : Initialized JPA EntityManagerFactory for persistence unit 'default'
2026-02-16T11:38:02.043+05:30  INFO 3388 --- [arihant-grc-tool] [main] o.s.d.j.r.query.QueryEnhancerFactories   : Hibernate is in classpath; If applicable, HQL parser will be used.
2026-02-16T11:38:03.386+05:30  WARN 3388 --- [arihant-grc-tool] [main] JpaBaseConfiguration$JpaWebConfiguration : spring.jpa.open-in-view is enabled by default. Therefore, database queries may be performed during view rendering. Explicitly configure spring.jpa.open-in-view to disable this warning
2026-02-16T11:38:03.817+05:30 DEBUG 3388 --- [arihant-grc-tool] [main] s.w.s.m.m.a.RequestMappingHandlerMapping : 40 mappings in 'requestMappingHandlerMapping'
2026-02-16T11:38:03.844+05:30 DEBUG 3388 --- [arihant-grc-tool] [main] o.s.w.s.handler.SimpleUrlHandlerMapping  : Patterns [/webjars/**, /**] in 'resourceHandlerMapping'
2026-02-16T11:38:03.873+05:30 DEBUG 3388 --- [arihant-grc-tool] [main] s.w.s.m.m.a.RequestMappingHandlerAdapter : ControllerAdvice beans: 0 @ModelAttribute, 0 @InitBinder, 2 RequestBodyAdvice, 1 ResponseBodyAdvice
2026-02-16T11:38:03.931+05:30 DEBUG 3388 --- [arihant-grc-tool] [main] .m.m.a.ExceptionHandlerExceptionResolver : ControllerAdvice beans: 1 @ExceptionHandler, 1 ResponseBodyAdvice
2026-02-16T11:38:04.093+05:30  INFO 3388 --- [arihant-grc-tool] [main] o.s.b.a.e.web.EndpointLinksResolver      : Exposing 1 endpoint beneath base path '/actuator'
2026-02-16T11:38:04.175+05:30  INFO 3388 --- [arihant-grc-tool] [main] o.s.boot.tomcat.TomcatWebServer          : Tomcat started on port 8085 (http) with context path '/'
2026-02-16T11:38:04.181+05:30  INFO 3388 --- [arihant-grc-tool] [main] com.grctool.ArihantGrcToolApplication    : Started ArihantGrcToolApplication in 8.513 seconds (process running for 9.101)
2026-02-16T11:42:38.077+05:30  INFO 3388 --- [arihant-grc-tool] [SpringApplicationShutdownHook] o.s.boot.tomcat.GracefulShutdown         : Commencing graceful shutdown. Waiting for active requests to complete
2026-02-16T11:42:38.084+05:30  INFO 3388 --- [arihant-grc-tool] [tomcat-shutdown] o.s.boot.tomcat.GracefulShutdown         : Graceful shutdown complete
2026-02-16T11:42:38.090+05:30  INFO 3388 --- [arihant-grc-tool] [SpringApplicationShutdownHook] j.LocalContainerEntityManagerFactoryBean : Closing JPA EntityManagerFactory for persistence unit 'default'
2026-02-16T11:42:38.093+05:30  INFO 3388 --- [arihant-grc-tool] [SpringApplicationShutdownHook] com.zaxxer.hikari.HikariDataSource       : HikariPool-1 - Shutdown initiated...
2026-02-16T11:42:38.096+05:30  INFO 3388 --- [arihant-grc-tool] [SpringApplicationShutdownHook] com.zaxxer.hikari.HikariDataSource       : HikariPool-1 - Shutdown completed.
2026-02-16T11:42:50.604+05:30  INFO 7092 --- [arihant-grc-tool] [main] com.grctool.ArihantGrcToolApplication    : Starting ArihantGrcToolApplication using Java 21.0.10 with PID 7092 (D:\Company_Projects\arihant-grc-tool\arihant-grc-tool\target\classes started by prathameshpawar in D:\Company_Projects\arihant-grc-tool\arihant-grc-tool)
2026-02-16T11:42:50.608+05:30  INFO 7092 --- [arihant-grc-tool] [main] com.grctool.ArihantGrcToolApplication    : No active profile set, falling back to 1 default profile: "default"
2026-02-16T11:42:51.400+05:30  INFO 7092 --- [arihant-grc-tool] [main] .s.d.r.c.RepositoryConfigurationDelegate : Bootstrapping Spring Data JPA repositories in DEFAULT mode.
2026-02-16T11:42:51.484+05:30  INFO 7092 --- [arihant-grc-tool] [main] .s.d.r.c.RepositoryConfigurationDelegate : Finished Spring Data repository scanning in 72 ms. Found 11 JPA repository interfaces.
2026-02-16T11:42:52.110+05:30  INFO 7092 --- [arihant-grc-tool] [main] o.s.boot.tomcat.TomcatWebServer          : Tomcat initialized with port 8085 (http)
2026-02-16T11:42:52.124+05:30  INFO 7092 --- [arihant-grc-tool] [main] o.apache.catalina.core.StandardService   : Starting service [Tomcat]
2026-02-16T11:42:52.124+05:30  INFO 7092 --- [arihant-grc-tool] [main] o.apache.catalina.core.StandardEngine    : Starting Servlet engine: [Apache Tomcat/11.0.18]
2026-02-16T11:42:52.184+05:30  INFO 7092 --- [arihant-grc-tool] [main] b.w.c.s.WebApplicationContextInitializer : Root WebApplicationContext: initialization completed in 1529 ms
2026-02-16T11:42:52.312+05:30 DEBUG 7092 --- [arihant-grc-tool] [main] o.s.w.f.ServerHttpObservationFilter      : Filter 'webMvcObservationFilter' configured for use
2026-02-16T11:42:52.657+05:30  INFO 7092 --- [arihant-grc-tool] [main] com.zaxxer.hikari.HikariDataSource       : HikariPool-1 - Starting...
2026-02-16T11:42:52.846+05:30  INFO 7092 --- [arihant-grc-tool] [main] com.zaxxer.hikari.pool.HikariPool        : HikariPool-1 - Added connection org.postgresql.jdbc.PgConnection@b32e983
2026-02-16T11:42:52.846+05:30  INFO 7092 --- [arihant-grc-tool] [main] com.zaxxer.hikari.HikariDataSource       : HikariPool-1 - Start completed.
2026-02-16T11:42:52.872+05:30  INFO 7092 --- [arihant-grc-tool] [main] org.flywaydb.core.FlywayExecutor         : Database: jdbc:postgresql://localhost:5432/grc_db (PostgreSQL 18.1)
2026-02-16T11:42:52.891+05:30  INFO 7092 --- [arihant-grc-tool] [main] o.f.c.i.resource.ResourceNameValidator   : 1 SQL migrations were detected but not run because they did not follow the filename convention.
2026-02-16T11:42:52.892+05:30  INFO 7092 --- [arihant-grc-tool] [main] o.f.c.i.resource.ResourceNameValidator   : Set 'validateMigrationNaming' to true to fail fast and see a list of the invalid file names.
2026-02-16T11:42:52.967+05:30  INFO 7092 --- [arihant-grc-tool] [main] o.f.core.internal.command.DbValidate     : Successfully validated 18 migrations (execution time 00:00.041s)
2026-02-16T11:42:53.037+05:30  INFO 7092 --- [arihant-grc-tool] [main] o.f.core.internal.command.DbMigrate      : Current version of schema "public": 19
2026-02-16T11:42:53.038+05:30  WARN 7092 --- [arihant-grc-tool] [main] o.f.core.internal.command.DbMigrate      : outOfOrder mode is active. Migration of schema "public" may not be reproducible.
2026-02-16T11:42:53.043+05:30  INFO 7092 --- [arihant-grc-tool] [main] o.f.core.internal.command.DbMigrate      : Schema "public" is up to date. No migration necessary.
2026-02-16T11:42:53.685+05:30  INFO 7092 --- [arihant-grc-tool] [main] o.s.o.j.p.SpringPersistenceUnitInfo      : No LoadTimeWeaver setup: ignoring JPA class transformer
2026-02-16T11:42:54.927+05:30  INFO 7092 --- [arihant-grc-tool] [main] j.LocalContainerEntityManagerFactoryBean : Initialized JPA EntityManagerFactory for persistence unit 'default'
2026-02-16T11:42:55.003+05:30  INFO 7092 --- [arihant-grc-tool] [main] o.s.d.j.r.query.QueryEnhancerFactories   : Hibernate is in classpath; If applicable, HQL parser will be used.
2026-02-16T11:42:56.083+05:30  WARN 7092 --- [arihant-grc-tool] [main] JpaBaseConfiguration$JpaWebConfiguration : spring.jpa.open-in-view is enabled by default. Therefore, database queries may be performed during view rendering. Explicitly configure spring.jpa.open-in-view to disable this warning
2026-02-16T11:42:56.458+05:30 DEBUG 7092 --- [arihant-grc-tool] [main] s.w.s.m.m.a.RequestMappingHandlerMapping : 40 mappings in 'requestMappingHandlerMapping'
2026-02-16T11:42:56.482+05:30 DEBUG 7092 --- [arihant-grc-tool] [main] o.s.w.s.handler.SimpleUrlHandlerMapping  : Patterns [/webjars/**, /**] in 'resourceHandlerMapping'
2026-02-16T11:42:56.511+05:30 DEBUG 7092 --- [arihant-grc-tool] [main] s.w.s.m.m.a.RequestMappingHandlerAdapter : ControllerAdvice beans: 0 @ModelAttribute, 0 @InitBinder, 2 RequestBodyAdvice, 1 ResponseBodyAdvice
2026-02-16T11:42:56.559+05:30 DEBUG 7092 --- [arihant-grc-tool] [main] .m.m.a.ExceptionHandlerExceptionResolver : ControllerAdvice beans: 1 @ExceptionHandler, 1 ResponseBodyAdvice
2026-02-16T11:42:56.727+05:30  INFO 7092 --- [arihant-grc-tool] [main] o.s.b.a.e.web.EndpointLinksResolver      : Exposing 1 endpoint beneath base path '/actuator'
2026-02-16T11:42:56.787+05:30  INFO 7092 --- [arihant-grc-tool] [main] o.s.boot.tomcat.TomcatWebServer          : Tomcat started on port 8085 (http) with context path '/'
2026-02-16T11:42:56.799+05:30  INFO 7092 --- [arihant-grc-tool] [main] com.grctool.ArihantGrcToolApplication    : Started ArihantGrcToolApplication in 6.653 seconds (process running for 7.053)
2026-02-16T11:43:17.247+05:30  INFO 7092 --- [arihant-grc-tool] [http-nio-8085-exec-1] o.a.c.c.C.[Tomcat].[localhost].[/]       : Initializing Spring DispatcherServlet 'dispatcherServlet'
2026-02-16T11:43:17.247+05:30  INFO 7092 --- [arihant-grc-tool] [http-nio-8085-exec-1] o.s.web.servlet.DispatcherServlet        : Initializing Servlet 'dispatcherServlet'
2026-02-16T11:43:17.249+05:30 DEBUG 7092 --- [arihant-grc-tool] [http-nio-8085-exec-1] o.s.web.servlet.DispatcherServlet        : Detected StandardServletMultipartResolver
2026-02-16T11:43:17.249+05:30 DEBUG 7092 --- [arihant-grc-tool] [http-nio-8085-exec-1] o.s.web.servlet.DispatcherServlet        : Detected AcceptHeaderLocaleResolver
2026-02-16T11:43:17.251+05:30 DEBUG 7092 --- [arihant-grc-tool] [http-nio-8085-exec-1] o.s.web.servlet.DispatcherServlet        : Detected org.springframework.web.servlet.view.DefaultRequestToViewNameTranslator@4effab3b
2026-02-16T11:43:17.252+05:30 DEBUG 7092 --- [arihant-grc-tool] [http-nio-8085-exec-1] o.s.web.servlet.DispatcherServlet        : Detected org.springframework.web.servlet.support.SessionFlashMapManager@2f38b35e
2026-02-16T11:43:17.253+05:30 DEBUG 7092 --- [arihant-grc-tool] [http-nio-8085-exec-1] o.s.web.servlet.DispatcherServlet        : enableLoggingRequestDetails='false': request parameters and headers will be masked to prevent unsafe logging of potentially sensitive data
2026-02-16T11:43:17.254+05:30  INFO 7092 --- [arihant-grc-tool] [http-nio-8085-exec-1] o.s.web.servlet.DispatcherServlet        : Completed initialization in 5 ms
2026-02-16T11:43:25.096+05:30 DEBUG 7092 --- [arihant-grc-tool] [http-nio-8085-exec-3] o.s.web.client.DefaultRestClient         : Writing [{grant_type=[authorization_code], code=[4/0AfrIepCJmDhnlGZ53fnvnfXm7qePmo2IewA2efquTw5vhdLxnKxtnGInRHzrntx1XIHOQQ], redirect_uri=[http://localhost:8085/login/oauth2/code/google], code_verifier=[pu46WZNYWQuA1HlXvZ1896p4nerAUiP6EVpJ1hxW3qishvAhePyvZrxCH01K41ITOVWFOalnoqEcW-xEnSCPAGEJMWsfEk3KXJQ9viRZm802l__F_tVTKnlRyejD54ff]}] as "application/x-www-form-urlencoded" with org.springframework.http.converter.FormHttpMessageConverter
2026-02-16T11:43:25.752+05:30 DEBUG 7092 --- [arihant-grc-tool] [http-nio-8085-exec-3] o.s.web.client.DefaultRestClient         : Reading to [org.springframework.security.oauth2.core.endpoint.OAuth2AccessTokenResponse] as "application/json;charset=utf-8"
2026-02-16T11:43:25.973+05:30 DEBUG 7092 --- [arihant-grc-tool] [http-nio-8085-exec-3] org.springframework.web.HttpLogging      : HTTP GET https://www.googleapis.com/oauth2/v3/certs
2026-02-16T11:43:25.978+05:30 DEBUG 7092 --- [arihant-grc-tool] [http-nio-8085-exec-3] org.springframework.web.HttpLogging      : Accept=[text/plain, application/json, application/*+json, */*]
2026-02-16T11:45:53.347+05:30 DEBUG 7092 --- [arihant-grc-tool] [http-nio-8085-exec-4] o.s.web.client.DefaultRestClient         : Writing [{grant_type=[authorization_code], code=[4/0AfrIepBPFHQxEgGHn466LdzctfLK-3nu_TbRutsNebQg2EO4keSuy5h5PeDxfiFR6NpltQ], redirect_uri=[http://localhost:8085/login/oauth2/code/google], code_verifier=[1--mxkKLprZJdUFj6kbotKq_OmiuOgOBujFJKhxxlke5-1JupWbJWWlo5FngUeXn6IJoafkbhOnJAAbM1Z8elJyWTT1Q5bjumlW44gOUmiUGiT9cl85YcZ6sszz4Lgx5]}] as "application/x-www-form-urlencoded" with org.springframework.http.converter.FormHttpMessageConverter
2026-02-16T11:45:53.526+05:30 DEBUG 7092 --- [arihant-grc-tool] [http-nio-8085-exec-4] o.s.web.client.DefaultRestClient         : Reading to [org.springframework.security.oauth2.core.endpoint.OAuth2AccessTokenResponse] as "application/json;charset=utf-8"
2026-02-16T11:45:53.529+05:30 DEBUG 7092 --- [arihant-grc-tool] [http-nio-8085-exec-4] org.springframework.web.HttpLogging      : HTTP GET https://www.googleapis.com/oauth2/v3/certs
2026-02-16T11:45:53.530+05:30 DEBUG 7092 --- [arihant-grc-tool] [http-nio-8085-exec-4] org.springframework.web.HttpLogging      : Accept=[text/plain, application/json, application/*+json, */*]
2026-02-16T11:45:53.565+05:30 DEBUG 7092 --- [arihant-grc-tool] [http-nio-8085-exec-4] org.springframework.web.HttpLogging      : Response 200 OK
2026-02-16T11:45:53.565+05:30 DEBUG 7092 --- [arihant-grc-tool] [http-nio-8085-exec-4] org.springframework.web.HttpLogging      : Reading to [java.lang.String] as "application/json;charset=UTF-8"
2026-02-16T11:45:53.606+05:30 DEBUG 7092 --- [arihant-grc-tool] [http-nio-8085-exec-4] o.s.web.client.RestTemplate              : HTTP GET https://www.googleapis.com/oauth2/v3/userinfo
2026-02-16T11:45:53.608+05:30 DEBUG 7092 --- [arihant-grc-tool] [http-nio-8085-exec-4] o.s.web.client.RestTemplate              : Accept=[application/json, application/*+json]
2026-02-16T11:45:53.748+05:30 DEBUG 7092 --- [arihant-grc-tool] [http-nio-8085-exec-4] o.s.web.client.RestTemplate              : Response 200 OK
2026-02-16T11:45:53.748+05:30 DEBUG 7092 --- [arihant-grc-tool] [http-nio-8085-exec-4] o.s.web.client.RestTemplate              : Reading to [java.util.Map<java.lang.String, java.lang.Object>]
2026-02-16T11:45:53.799+05:30 DEBUG 7092 --- [arihant-grc-tool] [http-nio-8085-exec-3] o.s.web.servlet.DispatcherServlet        : GET "/acurator/health?continue", parameters={masked}
2026-02-16T11:45:53.812+05:30 DEBUG 7092 --- [arihant-grc-tool] [http-nio-8085-exec-3] o.s.w.s.handler.SimpleUrlHandlerMapping  : Mapped to ResourceHttpRequestHandler [classpath [META-INF/resources/], classpath [resources/], classpath [static/], classpath [public/], ServletContext [/]]
2026-02-16T11:45:53.815+05:30 DEBUG 7092 --- [arihant-grc-tool] [http-nio-8085-exec-3] o.s.w.s.r.ResourceHttpRequestHandler     : Resource not found
2026-02-16T11:45:53.830+05:30 DEBUG 7092 --- [arihant-grc-tool] [http-nio-8085-exec-3] .w.s.m.s.DefaultHandlerExceptionResolver : Resolved [org.springframework.web.servlet.resource.NoResourceFoundException: No static resource acurator/health for request '/acurator/health'.]
2026-02-16T11:45:53.830+05:30 DEBUG 7092 --- [arihant-grc-tool] [http-nio-8085-exec-3] o.s.web.servlet.DispatcherServlet        : Completed 404 NOT_FOUND
2026-02-16T11:45:53.853+05:30 DEBUG 7092 --- [arihant-grc-tool] [http-nio-8085-exec-3] o.s.web.servlet.DispatcherServlet        : "ERROR" dispatch for GET "/error?continue", parameters={masked}
2026-02-16T11:45:53.863+05:30 DEBUG 7092 --- [arihant-grc-tool] [http-nio-8085-exec-3] s.w.s.m.m.a.RequestMappingHandlerMapping : Mapped to org.springframework.boot.webmvc.autoconfigure.error.BasicErrorController#errorHtml(HttpServletRequest, HttpServletResponse)
2026-02-16T11:45:53.917+05:30 DEBUG 7092 --- [arihant-grc-tool] [http-nio-8085-exec-3] o.s.w.s.v.ContentNegotiatingViewResolver : Selected 'text/html' given [text/html, text/html;q=0.8]
2026-02-16T11:45:53.917+05:30 DEBUG 7092 --- [arihant-grc-tool] [http-nio-8085-exec-3] o.s.web.servlet.DispatcherServlet        : Exiting from "ERROR" dispatch, status 404
2026-02-16T11:46:34.966+05:30 DEBUG 7092 --- [arihant-grc-tool] [http-nio-8085-exec-2] o.s.web.servlet.DispatcherServlet        : GET "/actuator/health", parameters={}
2026-02-16T11:46:34.974+05:30 DEBUG 7092 --- [arihant-grc-tool] [http-nio-8085-exec-2] m.m.a.RequestResponseBodyMethodProcessor : Read "application/octet-stream" to []
2026-02-16T11:46:35.005+05:30 DEBUG 7092 --- [arihant-grc-tool] [http-nio-8085-exec-2] o.s.w.s.m.m.a.HttpEntityMethodProcessor  : Using 'application/vnd.spring-boot.actuator.v3+json;q=0.8', given [text/html, application/xhtml+xml, image/avif, image/webp, image/apng, application/xml;q=0.9, */*;q=0.8] and supported [application/vnd.spring-boot.actuator.v3+json, application/vnd.spring-boot.actuator.v2+json, application/json]
2026-02-16T11:46:35.005+05:30 DEBUG 7092 --- [arihant-grc-tool] [http-nio-8085-exec-2] o.s.w.s.m.m.a.HttpEntityMethodProcessor  : Writing [org.springframework.boot.health.actuate.endpoint.SystemHealthDescriptor@a909615]
2026-02-16T11:46:35.123+05:30 DEBUG 7092 --- [arihant-grc-tool] [http-nio-8085-exec-2] o.s.web.servlet.DispatcherServlet        : Completed 200 OK
2026-02-16T11:51:44.904+05:30  INFO 7092 --- [arihant-grc-tool] [SpringApplicationShutdownHook] o.s.boot.tomcat.GracefulShutdown         : Commencing graceful shutdown. Waiting for active requests to complete
2026-02-16T11:51:44.913+05:30  INFO 7092 --- [arihant-grc-tool] [tomcat-shutdown] o.s.boot.tomcat.GracefulShutdown         : Graceful shutdown complete
2026-02-16T11:51:44.919+05:30  INFO 7092 --- [arihant-grc-tool] [SpringApplicationShutdownHook] j.LocalContainerEntityManagerFactoryBean : Closing JPA EntityManagerFactory for persistence unit 'default'
2026-02-16T11:51:44.922+05:30  INFO 7092 --- [arihant-grc-tool] [SpringApplicationShutdownHook] com.zaxxer.hikari.HikariDataSource       : HikariPool-1 - Shutdown initiated...
2026-02-16T11:51:44.926+05:30  INFO 7092 --- [arihant-grc-tool] [SpringApplicationShutdownHook] com.zaxxer.hikari.HikariDataSource       : HikariPool-1 - Shutdown completed.
2026-02-16T11:54:54.176+05:30  INFO 7676 --- [arihant-grc-tool] [main] com.grctool.ArihantGrcToolApplication    : Starting ArihantGrcToolApplication using Java 21.0.10 with PID 7676 (D:\Company_Projects\arihant-grc-tool\arihant-grc-tool\target\classes started by prathameshpawar in D:\Company_Projects\arihant-grc-tool\arihant-grc-tool)
2026-02-16T11:54:54.187+05:30  INFO 7676 --- [arihant-grc-tool] [main] com.grctool.ArihantGrcToolApplication    : No active profile set, falling back to 1 default profile: "default"
2026-02-16T11:54:54.916+05:30  INFO 7676 --- [arihant-grc-tool] [main] .s.d.r.c.RepositoryConfigurationDelegate : Bootstrapping Spring Data JPA repositories in DEFAULT mode.
2026-02-16T11:54:54.997+05:30  INFO 7676 --- [arihant-grc-tool] [main] .s.d.r.c.RepositoryConfigurationDelegate : Finished Spring Data repository scanning in 65 ms. Found 11 JPA repository interfaces.
2026-02-16T11:54:55.551+05:30  INFO 7676 --- [arihant-grc-tool] [main] o.s.boot.tomcat.TomcatWebServer          : Tomcat initialized with port 8085 (http)
2026-02-16T11:54:55.574+05:30  INFO 7676 --- [arihant-grc-tool] [main] o.apache.catalina.core.StandardService   : Starting service [Tomcat]
2026-02-16T11:54:55.574+05:30  INFO 7676 --- [arihant-grc-tool] [main] o.apache.catalina.core.StandardEngine    : Starting Servlet engine: [Apache Tomcat/11.0.18]
2026-02-16T11:54:55.614+05:30  INFO 7676 --- [arihant-grc-tool] [main] b.w.c.s.WebApplicationContextInitializer : Root WebApplicationContext: initialization completed in 1381 ms
2026-02-16T11:54:55.742+05:30 DEBUG 7676 --- [arihant-grc-tool] [main] o.s.w.f.ServerHttpObservationFilter      : Filter 'webMvcObservationFilter' configured for use
2026-02-16T11:54:56.042+05:30  INFO 7676 --- [arihant-grc-tool] [main] com.zaxxer.hikari.HikariDataSource       : HikariPool-1 - Starting...
2026-02-16T11:54:56.218+05:30  INFO 7676 --- [arihant-grc-tool] [main] com.zaxxer.hikari.pool.HikariPool        : HikariPool-1 - Added connection org.postgresql.jdbc.PgConnection@b32e983
2026-02-16T11:54:56.234+05:30  INFO 7676 --- [arihant-grc-tool] [main] com.zaxxer.hikari.HikariDataSource       : HikariPool-1 - Start completed.
2026-02-16T11:54:56.249+05:30  INFO 7676 --- [arihant-grc-tool] [main] org.flywaydb.core.FlywayExecutor         : Database: jdbc:postgresql://localhost:5432/grc_db (PostgreSQL 18.1)
2026-02-16T11:54:56.266+05:30  INFO 7676 --- [arihant-grc-tool] [main] o.f.c.i.resource.ResourceNameValidator   : 1 SQL migrations were detected but not run because they did not follow the filename convention.
2026-02-16T11:54:56.266+05:30  INFO 7676 --- [arihant-grc-tool] [main] o.f.c.i.resource.ResourceNameValidator   : Set 'validateMigrationNaming' to true to fail fast and see a list of the invalid file names.
2026-02-16T11:54:56.333+05:30  INFO 7676 --- [arihant-grc-tool] [main] o.f.core.internal.command.DbValidate     : Successfully validated 18 migrations (execution time 00:00.033s)
2026-02-16T11:54:56.408+05:30  INFO 7676 --- [arihant-grc-tool] [main] o.f.core.internal.command.DbMigrate      : Current version of schema "public": 19
2026-02-16T11:54:56.408+05:30  WARN 7676 --- [arihant-grc-tool] [main] o.f.core.internal.command.DbMigrate      : outOfOrder mode is active. Migration of schema "public" may not be reproducible.
2026-02-16T11:54:56.408+05:30  INFO 7676 --- [arihant-grc-tool] [main] o.f.core.internal.command.DbMigrate      : Schema "public" is up to date. No migration necessary.
2026-02-16T11:54:57.033+05:30  INFO 7676 --- [arihant-grc-tool] [main] o.s.o.j.p.SpringPersistenceUnitInfo      : No LoadTimeWeaver setup: ignoring JPA class transformer
2026-02-16T11:54:58.204+05:30  INFO 7676 --- [arihant-grc-tool] [main] j.LocalContainerEntityManagerFactoryBean : Initialized JPA EntityManagerFactory for persistence unit 'default'
2026-02-16T11:54:58.279+05:30  INFO 7676 --- [arihant-grc-tool] [main] o.s.d.j.r.query.QueryEnhancerFactories   : Hibernate is in classpath; If applicable, HQL parser will be used.
2026-02-16T11:54:59.313+05:30  WARN 7676 --- [arihant-grc-tool] [main] JpaBaseConfiguration$JpaWebConfiguration : spring.jpa.open-in-view is enabled by default. Therefore, database queries may be performed during view rendering. Explicitly configure spring.jpa.open-in-view to disable this warning
2026-02-16T11:54:59.674+05:30 DEBUG 7676 --- [arihant-grc-tool] [main] s.w.s.m.m.a.RequestMappingHandlerMapping : 40 mappings in 'requestMappingHandlerMapping'
2026-02-16T11:54:59.695+05:30 DEBUG 7676 --- [arihant-grc-tool] [main] o.s.w.s.handler.SimpleUrlHandlerMapping  : Patterns [/webjars/**, /**] in 'resourceHandlerMapping'
2026-02-16T11:54:59.727+05:30 DEBUG 7676 --- [arihant-grc-tool] [main] s.w.s.m.m.a.RequestMappingHandlerAdapter : ControllerAdvice beans: 0 @ModelAttribute, 0 @InitBinder, 2 RequestBodyAdvice, 1 ResponseBodyAdvice
2026-02-16T11:54:59.759+05:30 DEBUG 7676 --- [arihant-grc-tool] [main] .m.m.a.ExceptionHandlerExceptionResolver : ControllerAdvice beans: 1 @ExceptionHandler, 1 ResponseBodyAdvice
2026-02-16T11:54:59.918+05:30  INFO 7676 --- [arihant-grc-tool] [main] o.s.b.a.e.web.EndpointLinksResolver      : Exposing 1 endpoint beneath base path '/actuator'
2026-02-16T11:54:59.966+05:30  INFO 7676 --- [arihant-grc-tool] [main] o.s.boot.tomcat.TomcatWebServer          : Tomcat started on port 8085 (http) with context path '/'
2026-02-16T11:54:59.983+05:30  INFO 7676 --- [arihant-grc-tool] [main] com.grctool.ArihantGrcToolApplication    : Started ArihantGrcToolApplication in 6.266 seconds (process running for 6.686)
2026-02-16T11:55:12.258+05:30  INFO 7676 --- [arihant-grc-tool] [http-nio-8085-exec-1] o.a.c.c.C.[Tomcat].[localhost].[/]       : Initializing Spring DispatcherServlet 'dispatcherServlet'
2026-02-16T11:55:12.259+05:30  INFO 7676 --- [arihant-grc-tool] [http-nio-8085-exec-1] o.s.web.servlet.DispatcherServlet        : Initializing Servlet 'dispatcherServlet'
2026-02-16T11:55:12.260+05:30 DEBUG 7676 --- [arihant-grc-tool] [http-nio-8085-exec-1] o.s.web.servlet.DispatcherServlet        : Detected StandardServletMultipartResolver
2026-02-16T11:55:12.260+05:30 DEBUG 7676 --- [arihant-grc-tool] [http-nio-8085-exec-1] o.s.web.servlet.DispatcherServlet        : Detected AcceptHeaderLocaleResolver
2026-02-16T11:55:12.263+05:30 DEBUG 7676 --- [arihant-grc-tool] [http-nio-8085-exec-1] o.s.web.servlet.DispatcherServlet        : Detected org.springframework.web.servlet.view.DefaultRequestToViewNameTranslator@1f607db6
2026-02-16T11:55:12.264+05:30 DEBUG 7676 --- [arihant-grc-tool] [http-nio-8085-exec-1] o.s.web.servlet.DispatcherServlet        : Detected org.springframework.web.servlet.support.SessionFlashMapManager@dfa6f48
2026-02-16T11:55:12.265+05:30 DEBUG 7676 --- [arihant-grc-tool] [http-nio-8085-exec-1] o.s.web.servlet.DispatcherServlet        : enableLoggingRequestDetails='false': request parameters and headers will be masked to prevent unsafe logging of potentially sensitive data
2026-02-16T11:55:12.265+05:30  INFO 7676 --- [arihant-grc-tool] [http-nio-8085-exec-1] o.s.web.servlet.DispatcherServlet        : Completed initialization in 5 ms
2026-02-16T12:37:56.464+05:30  INFO 9004 --- [arihant-grc-tool] [main] com.grctool.ArihantGrcToolApplication    : Starting ArihantGrcToolApplication using Java 21.0.10 with PID 9004 (D:\Company_Projects\arihant-grc-tool\arihant-grc-tool\target\classes started by prathameshpawar in D:\Company_Projects\arihant-grc-tool\arihant-grc-tool)
2026-02-16T12:37:56.464+05:30  INFO 9004 --- [arihant-grc-tool] [main] com.grctool.ArihantGrcToolApplication    : No active profile set, falling back to 1 default profile: "default"
2026-02-16T12:37:57.238+05:30  INFO 9004 --- [arihant-grc-tool] [main] .s.d.r.c.RepositoryConfigurationDelegate : Bootstrapping Spring Data JPA repositories in DEFAULT mode.
2026-02-16T12:37:57.327+05:30  INFO 9004 --- [arihant-grc-tool] [main] .s.d.r.c.RepositoryConfigurationDelegate : Finished Spring Data repository scanning in 70 ms. Found 11 JPA repository interfaces.
2026-02-16T12:37:57.904+05:30  INFO 9004 --- [arihant-grc-tool] [main] o.s.boot.tomcat.TomcatWebServer          : Tomcat initialized with port 8085 (http)
2026-02-16T12:37:57.920+05:30  INFO 9004 --- [arihant-grc-tool] [main] o.apache.catalina.core.StandardService   : Starting service [Tomcat]
2026-02-16T12:37:57.920+05:30  INFO 9004 --- [arihant-grc-tool] [main] o.apache.catalina.core.StandardEngine    : Starting Servlet engine: [Apache Tomcat/11.0.18]
2026-02-16T12:37:57.968+05:30  INFO 9004 --- [arihant-grc-tool] [main] b.w.c.s.WebApplicationContextInitializer : Root WebApplicationContext: initialization completed in 1450 ms
2026-02-16T12:37:58.095+05:30 DEBUG 9004 --- [arihant-grc-tool] [main] o.s.w.f.ServerHttpObservationFilter      : Filter 'webMvcObservationFilter' configured for use
2026-02-16T12:37:58.413+05:30  INFO 9004 --- [arihant-grc-tool] [main] com.zaxxer.hikari.HikariDataSource       : HikariPool-1 - Starting...
2026-02-16T12:37:58.604+05:30  INFO 9004 --- [arihant-grc-tool] [main] com.zaxxer.hikari.pool.HikariPool        : HikariPool-1 - Added connection org.postgresql.jdbc.PgConnection@b32e983
2026-02-16T12:37:58.604+05:30  INFO 9004 --- [arihant-grc-tool] [main] com.zaxxer.hikari.HikariDataSource       : HikariPool-1 - Start completed.
2026-02-16T12:37:58.620+05:30  INFO 9004 --- [arihant-grc-tool] [main] org.flywaydb.core.FlywayExecutor         : Database: jdbc:postgresql://localhost:5432/grc_db (PostgreSQL 18.1)
2026-02-16T12:37:58.652+05:30  INFO 9004 --- [arihant-grc-tool] [main] o.f.c.i.resource.ResourceNameValidator   : 1 SQL migrations were detected but not run because they did not follow the filename convention.
2026-02-16T12:37:58.652+05:30  INFO 9004 --- [arihant-grc-tool] [main] o.f.c.i.resource.ResourceNameValidator   : Set 'validateMigrationNaming' to true to fail fast and see a list of the invalid file names.
2026-02-16T12:37:58.715+05:30  INFO 9004 --- [arihant-grc-tool] [main] o.f.core.internal.command.DbValidate     : Successfully validated 18 migrations (execution time 00:00.038s)
2026-02-16T12:37:58.794+05:30  INFO 9004 --- [arihant-grc-tool] [main] o.f.core.internal.command.DbMigrate      : Current version of schema "public": 19
2026-02-16T12:37:58.794+05:30  WARN 9004 --- [arihant-grc-tool] [main] o.f.core.internal.command.DbMigrate      : outOfOrder mode is active. Migration of schema "public" may not be reproducible.
2026-02-16T12:37:58.794+05:30  INFO 9004 --- [arihant-grc-tool] [main] o.f.core.internal.command.DbMigrate      : Schema "public" is up to date. No migration necessary.
2026-02-16T12:37:59.454+05:30  INFO 9004 --- [arihant-grc-tool] [main] o.s.o.j.p.SpringPersistenceUnitInfo      : No LoadTimeWeaver setup: ignoring JPA class transformer
2026-02-16T12:38:00.661+05:30  INFO 9004 --- [arihant-grc-tool] [main] j.LocalContainerEntityManagerFactoryBean : Initialized JPA EntityManagerFactory for persistence unit 'default'
2026-02-16T12:38:00.756+05:30  INFO 9004 --- [arihant-grc-tool] [main] o.s.d.j.r.query.QueryEnhancerFactories   : Hibernate is in classpath; If applicable, HQL parser will be used.
2026-02-16T12:38:01.806+05:30  WARN 9004 --- [arihant-grc-tool] [main] JpaBaseConfiguration$JpaWebConfiguration : spring.jpa.open-in-view is enabled by default. Therefore, database queries may be performed during view rendering. Explicitly configure spring.jpa.open-in-view to disable this warning
2026-02-16T12:38:02.168+05:30 DEBUG 9004 --- [arihant-grc-tool] [main] s.w.s.m.m.a.RequestMappingHandlerMapping : 40 mappings in 'requestMappingHandlerMapping'
2026-02-16T12:38:02.186+05:30 DEBUG 9004 --- [arihant-grc-tool] [main] o.s.w.s.handler.SimpleUrlHandlerMapping  : Patterns [/webjars/**, /**] in 'resourceHandlerMapping'
2026-02-16T12:38:02.216+05:30 DEBUG 9004 --- [arihant-grc-tool] [main] s.w.s.m.m.a.RequestMappingHandlerAdapter : ControllerAdvice beans: 0 @ModelAttribute, 0 @InitBinder, 2 RequestBodyAdvice, 1 ResponseBodyAdvice
2026-02-16T12:38:02.263+05:30 DEBUG 9004 --- [arihant-grc-tool] [main] .m.m.a.ExceptionHandlerExceptionResolver : ControllerAdvice beans: 1 @ExceptionHandler, 1 ResponseBodyAdvice
2026-02-16T12:38:02.443+05:30  INFO 9004 --- [arihant-grc-tool] [main] o.s.b.a.e.web.EndpointLinksResolver      : Exposing 1 endpoint beneath base path '/actuator'
2026-02-16T12:38:02.510+05:30  INFO 9004 --- [arihant-grc-tool] [main] o.s.boot.tomcat.TomcatWebServer          : Tomcat started on port 8085 (http) with context path '/'
2026-02-16T12:38:02.515+05:30  INFO 9004 --- [arihant-grc-tool] [main] com.grctool.ArihantGrcToolApplication    : Started ArihantGrcToolApplication in 6.514 seconds (process running for 6.908)
2026-02-16T12:43:33.383+05:30  INFO 9004 --- [arihant-grc-tool] [http-nio-8085-exec-1] o.a.c.c.C.[Tomcat].[localhost].[/]       : Initializing Spring DispatcherServlet 'dispatcherServlet'
2026-02-16T12:43:33.383+05:30  INFO 9004 --- [arihant-grc-tool] [http-nio-8085-exec-1] o.s.web.servlet.DispatcherServlet        : Initializing Servlet 'dispatcherServlet'
2026-02-16T12:43:33.383+05:30 DEBUG 9004 --- [arihant-grc-tool] [http-nio-8085-exec-1] o.s.web.servlet.DispatcherServlet        : Detected StandardServletMultipartResolver
2026-02-16T12:43:33.383+05:30 DEBUG 9004 --- [arihant-grc-tool] [http-nio-8085-exec-1] o.s.web.servlet.DispatcherServlet        : Detected AcceptHeaderLocaleResolver
2026-02-16T12:43:33.383+05:30 DEBUG 9004 --- [arihant-grc-tool] [http-nio-8085-exec-1] o.s.web.servlet.DispatcherServlet        : Detected org.springframework.web.servlet.view.DefaultRequestToViewNameTranslator@4effab3b
2026-02-16T12:43:33.383+05:30 DEBUG 9004 --- [arihant-grc-tool] [http-nio-8085-exec-1] o.s.web.servlet.DispatcherServlet        : Detected org.springframework.web.servlet.support.SessionFlashMapManager@2f38b35e
2026-02-16T12:43:33.383+05:30 DEBUG 9004 --- [arihant-grc-tool] [http-nio-8085-exec-1] o.s.web.servlet.DispatcherServlet        : enableLoggingRequestDetails='false': request parameters and headers will be masked to prevent unsafe logging of potentially sensitive data
2026-02-16T12:43:33.383+05:30  INFO 9004 --- [arihant-grc-tool] [http-nio-8085-exec-1] o.s.web.servlet.DispatcherServlet        : Completed initialization in 0 ms
2026-02-16T12:43:43.082+05:30 DEBUG 9004 --- [arihant-grc-tool] [http-nio-8085-exec-4] o.s.web.client.DefaultRestClient         : Writing [{grant_type=[authorization_code], code=[4/0AfrIepBEIbP8dpd2hSY-oZx-e4XQh6r3J02J34j-CR9GvINFKZEfmwvSG830t6wZr4D-ZA], redirect_uri=[http://localhost:8085/login/oauth2/code/google], code_verifier=[tNRHM9kfuLedflfJfUuDXPid5Y0OPWWuhzY3LmMEWoviAJAJiYdaZZ_D5J0IT6uR25bjBG15gu8pU4RZnaPczxxcjV9rqBHIKfjDClvwxcJ7BmHvWO0CGYNWIsLF5KSx]}] as "application/x-www-form-urlencoded" with org.springframework.http.converter.FormHttpMessageConverter
2026-02-16T12:43:43.680+05:30 DEBUG 9004 --- [arihant-grc-tool] [http-nio-8085-exec-4] o.s.web.client.DefaultRestClient         : Reading to [org.springframework.security.oauth2.core.endpoint.OAuth2AccessTokenResponse] as "application/json;charset=utf-8"
2026-02-16T12:43:44.013+05:30 DEBUG 9004 --- [arihant-grc-tool] [http-nio-8085-exec-4] org.springframework.web.HttpLogging      : HTTP GET https://www.googleapis.com/oauth2/v3/certs
2026-02-16T12:43:44.013+05:30 DEBUG 9004 --- [arihant-grc-tool] [http-nio-8085-exec-4] org.springframework.web.HttpLogging      : Accept=[text/plain, application/json, application/*+json, */*]
2026-02-16T12:43:44.063+05:30 DEBUG 9004 --- [arihant-grc-tool] [http-nio-8085-exec-4] org.springframework.web.HttpLogging      : Response 200 OK
2026-02-16T12:43:44.063+05:30 DEBUG 9004 --- [arihant-grc-tool] [http-nio-8085-exec-4] org.springframework.web.HttpLogging      : Reading to [java.lang.String] as "application/json;charset=UTF-8"
2026-02-16T12:43:44.114+05:30 DEBUG 9004 --- [arihant-grc-tool] [http-nio-8085-exec-4] o.s.web.client.RestTemplate              : HTTP GET https://www.googleapis.com/oauth2/v3/userinfo
2026-02-16T12:43:44.114+05:30 DEBUG 9004 --- [arihant-grc-tool] [http-nio-8085-exec-4] o.s.web.client.RestTemplate              : Accept=[application/json, application/*+json]
2026-02-16T12:43:44.215+05:30 DEBUG 9004 --- [arihant-grc-tool] [http-nio-8085-exec-4] o.s.web.client.RestTemplate              : Response 200 OK
2026-02-16T12:43:44.215+05:30 DEBUG 9004 --- [arihant-grc-tool] [http-nio-8085-exec-4] o.s.web.client.RestTemplate              : Reading to [java.util.Map<java.lang.String, java.lang.Object>]
2026-02-16T12:45:01.854+05:30 DEBUG 9004 --- [arihant-grc-tool] [http-nio-8085-exec-7] o.s.web.client.DefaultRestClient         : Writing [{grant_type=[authorization_code], code=[4/0AfrIepD0jw0sVpyu0sJ3OBrjIg7yZ4m3wubSFwgtcb8UxVrrVy7kPwuuJZxWrxx_z3PmMg], redirect_uri=[http://localhost:8085/login/oauth2/code/google], code_verifier=[4Eg0FGKHy0T1G7902bJpdMiZMaz9c2jqPktsEtqNrpNXTXHsbtWpsCsDvyYp8hcx0F8CY-hHeeb_qHIUhfdZClqNtmr_YjwFlVRNa3k0OwAtbECTJkOaShrbxyoMi5cY]}] as "application/x-www-form-urlencoded" with org.springframework.http.converter.FormHttpMessageConverter
2026-02-16T12:45:02.458+05:30 DEBUG 9004 --- [arihant-grc-tool] [http-nio-8085-exec-7] o.s.web.client.DefaultRestClient         : Reading to [org.springframework.security.oauth2.core.endpoint.OAuth2AccessTokenResponse] as "application/json;charset=utf-8"
2026-02-16T12:45:02.471+05:30 DEBUG 9004 --- [arihant-grc-tool] [http-nio-8085-exec-7] org.springframework.web.HttpLogging      : HTTP GET https://www.googleapis.com/oauth2/v3/certs
2026-02-16T12:45:02.471+05:30 DEBUG 9004 --- [arihant-grc-tool] [http-nio-8085-exec-7] org.springframework.web.HttpLogging      : Accept=[text/plain, application/json, application/*+json, */*]
2026-02-16T12:45:02.504+05:30 DEBUG 9004 --- [arihant-grc-tool] [http-nio-8085-exec-7] org.springframework.web.HttpLogging      : Response 200 OK
2026-02-16T12:45:02.504+05:30 DEBUG 9004 --- [arihant-grc-tool] [http-nio-8085-exec-7] org.springframework.web.HttpLogging      : Reading to [java.lang.String] as "application/json;charset=UTF-8"
2026-02-16T12:45:02.504+05:30 DEBUG 9004 --- [arihant-grc-tool] [http-nio-8085-exec-7] o.s.web.client.RestTemplate              : HTTP GET https://www.googleapis.com/oauth2/v3/userinfo
2026-02-16T12:45:02.504+05:30 DEBUG 9004 --- [arihant-grc-tool] [http-nio-8085-exec-7] o.s.web.client.RestTemplate              : Accept=[application/json, application/*+json]
2026-02-16T12:45:02.637+05:30 DEBUG 9004 --- [arihant-grc-tool] [http-nio-8085-exec-7] o.s.web.client.RestTemplate              : Response 200 OK
2026-02-16T12:45:02.637+05:30 DEBUG 9004 --- [arihant-grc-tool] [http-nio-8085-exec-7] o.s.web.client.RestTemplate              : Reading to [java.util.Map<java.lang.String, java.lang.Object>]
2026-02-16T12:45:31.595+05:30 DEBUG 9004 --- [arihant-grc-tool] [http-nio-8085-exec-4] o.s.web.client.DefaultRestClient         : Writing [{grant_type=[authorization_code], code=[4/0AfrIepADQFrHvNbbhtEmlONUGyoawN_zwbWreiu4C9HzkD7zXEE7ck-q1IvwpwhOCaT0Mw], redirect_uri=[http://localhost:8085/login/oauth2/code/google], code_verifier=[ObLIKmXC7o2fKokehebBvTn0wRKl1d7-Cb39HHMh9yF6G_fGAaeB_rAFqldyCbTZpU6HPfclGRK8F0a1GENnvFikCLyreRSThcqtsKm4AMbhbGM0Or1Uw1TcnFQy-572]}] as "application/x-www-form-urlencoded" with org.springframework.http.converter.FormHttpMessageConverter
2026-02-16T12:45:31.728+05:30 DEBUG 9004 --- [arihant-grc-tool] [http-nio-8085-exec-4] o.s.web.client.DefaultRestClient         : Reading to [org.springframework.security.oauth2.core.endpoint.OAuth2AccessTokenResponse] as "application/json;charset=utf-8"
2026-02-16T12:45:31.728+05:30 DEBUG 9004 --- [arihant-grc-tool] [http-nio-8085-exec-4] org.springframework.web.HttpLogging      : HTTP GET https://www.googleapis.com/oauth2/v3/certs
2026-02-16T12:45:31.728+05:30 DEBUG 9004 --- [arihant-grc-tool] [http-nio-8085-exec-4] org.springframework.web.HttpLogging      : Accept=[text/plain, application/json, application/*+json, */*]
2026-02-16T12:45:31.777+05:30 DEBUG 9004 --- [arihant-grc-tool] [http-nio-8085-exec-4] org.springframework.web.HttpLogging      : Response 200 OK
2026-02-16T12:45:31.777+05:30 DEBUG 9004 --- [arihant-grc-tool] [http-nio-8085-exec-4] org.springframework.web.HttpLogging      : Reading to [java.lang.String] as "application/json;charset=UTF-8"
2026-02-16T12:45:31.777+05:30 DEBUG 9004 --- [arihant-grc-tool] [http-nio-8085-exec-4] o.s.web.client.RestTemplate              : HTTP GET https://www.googleapis.com/oauth2/v3/userinfo
2026-02-16T12:45:31.777+05:30 DEBUG 9004 --- [arihant-grc-tool] [http-nio-8085-exec-4] o.s.web.client.RestTemplate              : Accept=[application/json, application/*+json]
2026-02-16T12:45:31.862+05:30 DEBUG 9004 --- [arihant-grc-tool] [http-nio-8085-exec-4] o.s.web.client.RestTemplate              : Response 200 OK
2026-02-16T12:45:31.862+05:30 DEBUG 9004 --- [arihant-grc-tool] [http-nio-8085-exec-4] o.s.web.client.RestTemplate              : Reading to [java.util.Map<java.lang.String, java.lang.Object>]
2026-02-16T12:45:47.377+05:30 DEBUG 9004 --- [arihant-grc-tool] [http-nio-8085-exec-6] o.s.web.servlet.DispatcherServlet        : GET "/api/compliance/frameworks", parameters={}
2026-02-16T12:45:47.377+05:30 DEBUG 9004 --- [arihant-grc-tool] [http-nio-8085-exec-6] s.w.s.m.m.a.RequestMappingHandlerMapping : Mapped to com.grctool.controller.ComplianceFrameworkController#getAll()
2026-02-16T12:45:47.641+05:30 DEBUG 9004 --- [arihant-grc-tool] [http-nio-8085-exec-6] m.m.a.RequestResponseBodyMethodProcessor : Using 'application/json;q=0.8', given [text/html, application/xhtml+xml, image/avif, image/webp, image/apng, application/xml;q=0.9, */*;q=0.8] and supported [application/json, application/*+json]
2026-02-16T12:45:47.658+05:30 DEBUG 9004 --- [arihant-grc-tool] [http-nio-8085-exec-6] m.m.a.RequestResponseBodyMethodProcessor : Writing [[ComplianceFrameworkResponseDTO[id=c2c31bf9-273b-4011-bcbf-87b500e0d929, name=ISO 27001, version=202 (truncated)...]
2026-02-16T12:45:47.757+05:30 DEBUG 9004 --- [arihant-grc-tool] [http-nio-8085-exec-6] o.s.web.servlet.DispatcherServlet        : Completed 200 OK
2026-02-16T12:45:58.732+05:30 DEBUG 9004 --- [arihant-grc-tool] [http-nio-8085-exec-5] o.s.web.servlet.DispatcherServlet        : GET "/", parameters={}
2026-02-16T12:45:58.735+05:30 DEBUG 9004 --- [arihant-grc-tool] [http-nio-8085-exec-5] o.s.w.s.handler.SimpleUrlHandlerMapping  : Mapped to ResourceHttpRequestHandler [classpath [META-INF/resources/], classpath [resources/], classpath [static/], classpath [public/], ServletContext [/]]
2026-02-16T12:45:58.736+05:30 DEBUG 9004 --- [arihant-grc-tool] [http-nio-8085-exec-5] o.s.w.s.r.ResourceHttpRequestHandler     : Resource not found
2026-02-16T12:45:58.741+05:30 DEBUG 9004 --- [arihant-grc-tool] [http-nio-8085-exec-5] .w.s.m.s.DefaultHandlerExceptionResolver : Resolved [org.springframework.web.servlet.resource.NoResourceFoundException: No static resource  for request '/'.]
2026-02-16T12:45:58.741+05:30 DEBUG 9004 --- [arihant-grc-tool] [http-nio-8085-exec-5] o.s.web.servlet.DispatcherServlet        : Completed 404 NOT_FOUND
2026-02-16T12:45:58.746+05:30 DEBUG 9004 --- [arihant-grc-tool] [http-nio-8085-exec-5] o.s.web.servlet.DispatcherServlet        : "ERROR" dispatch for GET "/error", parameters={}
2026-02-16T12:45:58.746+05:30 DEBUG 9004 --- [arihant-grc-tool] [http-nio-8085-exec-5] s.w.s.m.m.a.RequestMappingHandlerMapping : Mapped to org.springframework.boot.webmvc.autoconfigure.error.BasicErrorController#errorHtml(HttpServletRequest, HttpServletResponse)
2026-02-16T12:45:58.762+05:30 DEBUG 9004 --- [arihant-grc-tool] [http-nio-8085-exec-5] o.s.w.s.v.ContentNegotiatingViewResolver : Selected 'text/html' given [text/html, text/html;q=0.8]
2026-02-16T12:45:58.779+05:30 DEBUG 9004 --- [arihant-grc-tool] [http-nio-8085-exec-5] o.s.web.servlet.DispatcherServlet        : Exiting from "ERROR" dispatch, status 404
2026-02-16T12:46:03.691+05:30 DEBUG 9004 --- [arihant-grc-tool] [http-nio-8085-exec-8] o.s.web.servlet.DispatcherServlet        : GET "/api/compliance/frameworks", parameters={}
2026-02-16T12:46:03.693+05:30 DEBUG 9004 --- [arihant-grc-tool] [http-nio-8085-exec-8] s.w.s.m.m.a.RequestMappingHandlerMapping : Mapped to com.grctool.controller.ComplianceFrameworkController#getAll()
2026-02-16T12:46:03.698+05:30 DEBUG 9004 --- [arihant-grc-tool] [http-nio-8085-exec-8] m.m.a.RequestResponseBodyMethodProcessor : Using 'application/json;q=0.8', given [text/html, application/xhtml+xml, image/avif, image/webp, image/apng, application/xml;q=0.9, */*;q=0.8] and supported [application/json, application/*+json]
2026-02-16T12:46:03.698+05:30 DEBUG 9004 --- [arihant-grc-tool] [http-nio-8085-exec-8] m.m.a.RequestResponseBodyMethodProcessor : Writing [[ComplianceFrameworkResponseDTO[id=c2c31bf9-273b-4011-bcbf-87b500e0d929, name=ISO 27001, version=202 (truncated)...]
2026-02-16T12:46:03.699+05:30 DEBUG 9004 --- [arihant-grc-tool] [http-nio-8085-exec-8] o.s.web.servlet.DispatcherServlet        : Completed 200 OK
2026-02-16T12:54:22.618+05:30 DEBUG 9004 --- [arihant-grc-tool] [http-nio-8085-exec-6] o.s.web.client.DefaultRestClient         : Writing [{grant_type=[authorization_code], code=[4/0AfrIepClJeRCuhpatQS46IB127RxxIpXJMwZXt8HMBp1-kV58DI_0Ff2qEd0VntDwPFx0Q], redirect_uri=[http://localhost:8085/login/oauth2/code/google], code_verifier=[TU22YGNlnToZcb2N0SXIIaGSrNkg3ZDC3A_nM8WCFw7ELzRgv4xSfipekZ4gfaGzIRl76svo6lCnXSMXearc5PtWqebOG9BUVYDeogSGshLX3PIwlr6lsDFeWGXH9Rg3]}] as "application/x-www-form-urlencoded" with org.springframework.http.converter.FormHttpMessageConverter
2026-02-16T12:54:22.769+05:30 DEBUG 9004 --- [arihant-grc-tool] [http-nio-8085-exec-6] o.s.web.client.DefaultRestClient         : Reading to [org.springframework.security.oauth2.core.endpoint.OAuth2AccessTokenResponse] as "application/json;charset=utf-8"
2026-02-16T12:54:22.769+05:30 DEBUG 9004 --- [arihant-grc-tool] [http-nio-8085-exec-6] org.springframework.web.HttpLogging      : HTTP GET https://www.googleapis.com/oauth2/v3/certs
2026-02-16T12:54:22.769+05:30 DEBUG 9004 --- [arihant-grc-tool] [http-nio-8085-exec-6] org.springframework.web.HttpLogging      : Accept=[text/plain, application/json, application/*+json, */*]
2026-02-16T12:54:22.803+05:30 DEBUG 9004 --- [arihant-grc-tool] [http-nio-8085-exec-6] org.springframework.web.HttpLogging      : Response 200 OK
2026-02-16T12:54:22.817+05:30 DEBUG 9004 --- [arihant-grc-tool] [http-nio-8085-exec-6] org.springframework.web.HttpLogging      : Reading to [java.lang.String] as "application/json;charset=UTF-8"
2026-02-16T12:54:22.819+05:30 DEBUG 9004 --- [arihant-grc-tool] [http-nio-8085-exec-6] o.s.web.client.RestTemplate              : HTTP GET https://www.googleapis.com/oauth2/v3/userinfo
2026-02-16T12:54:22.819+05:30 DEBUG 9004 --- [arihant-grc-tool] [http-nio-8085-exec-6] o.s.web.client.RestTemplate              : Accept=[application/json, application/*+json]
2026-02-16T12:54:22.903+05:30 DEBUG 9004 --- [arihant-grc-tool] [http-nio-8085-exec-6] o.s.web.client.RestTemplate              : Response 200 OK
2026-02-16T12:54:22.903+05:30 DEBUG 9004 --- [arihant-grc-tool] [http-nio-8085-exec-6] o.s.web.client.RestTemplate              : Reading to [java.util.Map<java.lang.String, java.lang.Object>]
2026-02-16T12:59:06.844+05:30  INFO 9004 --- [arihant-grc-tool] [SpringApplicationShutdownHook] o.s.boot.tomcat.GracefulShutdown         : Commencing graceful shutdown. Waiting for active requests to complete
2026-02-16T12:59:06.861+05:30  INFO 9004 --- [arihant-grc-tool] [tomcat-shutdown] o.s.boot.tomcat.GracefulShutdown         : Graceful shutdown complete
2026-02-16T12:59:06.869+05:30  INFO 9004 --- [arihant-grc-tool] [SpringApplicationShutdownHook] j.LocalContainerEntityManagerFactoryBean : Closing JPA EntityManagerFactory for persistence unit 'default'
2026-02-16T12:59:06.869+05:30  INFO 9004 --- [arihant-grc-tool] [SpringApplicationShutdownHook] com.zaxxer.hikari.HikariDataSource       : HikariPool-1 - Shutdown initiated...
2026-02-16T12:59:06.869+05:30  INFO 9004 --- [arihant-grc-tool] [SpringApplicationShutdownHook] com.zaxxer.hikari.HikariDataSource       : HikariPool-1 - Shutdown completed.
2026-02-16T12:59:19.912+05:30  INFO 16928 --- [arihant-grc-tool] [main] com.grctool.ArihantGrcToolApplication    : Starting ArihantGrcToolApplication using Java 21.0.10 with PID 16928 (D:\Company_Projects\arihant-grc-tool\arihant-grc-tool\target\classes started by prathameshpawar in D:\Company_Projects\arihant-grc-tool\arihant-grc-tool)
2026-02-16T12:59:19.912+05:30  INFO 16928 --- [arihant-grc-tool] [main] com.grctool.ArihantGrcToolApplication    : No active profile set, falling back to 1 default profile: "default"
2026-02-16T12:59:20.969+05:30  INFO 16928 --- [arihant-grc-tool] [main] .s.d.r.c.RepositoryConfigurationDelegate : Bootstrapping Spring Data JPA repositories in DEFAULT mode.
2026-02-16T12:59:21.064+05:30  INFO 16928 --- [arihant-grc-tool] [main] .s.d.r.c.RepositoryConfigurationDelegate : Finished Spring Data repository scanning in 88 ms. Found 11 JPA repository interfaces.
2026-02-16T12:59:21.859+05:30  INFO 16928 --- [arihant-grc-tool] [main] o.s.boot.tomcat.TomcatWebServer          : Tomcat initialized with port 8085 (http)
2026-02-16T12:59:21.891+05:30  INFO 16928 --- [arihant-grc-tool] [main] o.apache.catalina.core.StandardService   : Starting service [Tomcat]
2026-02-16T12:59:21.891+05:30  INFO 16928 --- [arihant-grc-tool] [main] o.apache.catalina.core.StandardEngine    : Starting Servlet engine: [Apache Tomcat/11.0.18]
2026-02-16T12:59:21.952+05:30  INFO 16928 --- [arihant-grc-tool] [main] b.w.c.s.WebApplicationContextInitializer : Root WebApplicationContext: initialization completed in 1980 ms
2026-02-16T12:59:22.123+05:30 DEBUG 16928 --- [arihant-grc-tool] [main] o.s.w.f.ServerHttpObservationFilter      : Filter 'webMvcObservationFilter' configured for use
2026-02-16T12:59:22.488+05:30  INFO 16928 --- [arihant-grc-tool] [main] com.zaxxer.hikari.HikariDataSource       : HikariPool-1 - Starting...
2026-02-16T12:59:22.710+05:30  INFO 16928 --- [arihant-grc-tool] [main] com.zaxxer.hikari.pool.HikariPool        : HikariPool-1 - Added connection org.postgresql.jdbc.PgConnection@16df9bde
2026-02-16T12:59:22.710+05:30  INFO 16928 --- [arihant-grc-tool] [main] com.zaxxer.hikari.HikariDataSource       : HikariPool-1 - Start completed.
2026-02-16T12:59:22.735+05:30  INFO 16928 --- [arihant-grc-tool] [main] org.flywaydb.core.FlywayExecutor         : Database: jdbc:postgresql://localhost:5432/grc_db (PostgreSQL 18.1)
2026-02-16T12:59:22.742+05:30  INFO 16928 --- [arihant-grc-tool] [main] o.f.c.i.resource.ResourceNameValidator   : 1 SQL migrations were detected but not run because they did not follow the filename convention.
2026-02-16T12:59:22.742+05:30  INFO 16928 --- [arihant-grc-tool] [main] o.f.c.i.resource.ResourceNameValidator   : Set 'validateMigrationNaming' to true to fail fast and see a list of the invalid file names.
2026-02-16T12:59:22.839+05:30  INFO 16928 --- [arihant-grc-tool] [main] o.f.core.internal.command.DbValidate     : Successfully validated 18 migrations (execution time 00:00.047s)
2026-02-16T12:59:22.899+05:30  INFO 16928 --- [arihant-grc-tool] [main] o.f.core.internal.command.DbMigrate      : Current version of schema "public": 19
2026-02-16T12:59:22.899+05:30  WARN 16928 --- [arihant-grc-tool] [main] o.f.core.internal.command.DbMigrate      : outOfOrder mode is active. Migration of schema "public" may not be reproducible.
2026-02-16T12:59:22.914+05:30  INFO 16928 --- [arihant-grc-tool] [main] o.f.core.internal.command.DbMigrate      : Schema "public" is up to date. No migration necessary.
2026-02-16T12:59:23.720+05:30  INFO 16928 --- [arihant-grc-tool] [main] o.s.o.j.p.SpringPersistenceUnitInfo      : No LoadTimeWeaver setup: ignoring JPA class transformer
2026-02-16T12:59:25.173+05:30  INFO 16928 --- [arihant-grc-tool] [main] j.LocalContainerEntityManagerFactoryBean : Initialized JPA EntityManagerFactory for persistence unit 'default'
2026-02-16T12:59:25.261+05:30  INFO 16928 --- [arihant-grc-tool] [main] o.s.d.j.r.query.QueryEnhancerFactories   : Hibernate is in classpath; If applicable, HQL parser will be used.
2026-02-16T12:59:26.533+05:30  WARN 16928 --- [arihant-grc-tool] [main] JpaBaseConfiguration$JpaWebConfiguration : spring.jpa.open-in-view is enabled by default. Therefore, database queries may be performed during view rendering. Explicitly configure spring.jpa.open-in-view to disable this warning
2026-02-16T12:59:26.985+05:30 DEBUG 16928 --- [arihant-grc-tool] [main] s.w.s.m.m.a.RequestMappingHandlerMapping : 40 mappings in 'requestMappingHandlerMapping'
2026-02-16T12:59:27.011+05:30 DEBUG 16928 --- [arihant-grc-tool] [main] o.s.w.s.handler.SimpleUrlHandlerMapping  : Patterns [/webjars/**, /**] in 'resourceHandlerMapping'
2026-02-16T12:59:27.043+05:30 DEBUG 16928 --- [arihant-grc-tool] [main] s.w.s.m.m.a.RequestMappingHandlerAdapter : ControllerAdvice beans: 0 @ModelAttribute, 0 @InitBinder, 2 RequestBodyAdvice, 1 ResponseBodyAdvice
2026-02-16T12:59:27.091+05:30 DEBUG 16928 --- [arihant-grc-tool] [main] .m.m.a.ExceptionHandlerExceptionResolver : ControllerAdvice beans: 1 @ExceptionHandler, 1 ResponseBodyAdvice
2026-02-16T12:59:27.266+05:30  INFO 16928 --- [arihant-grc-tool] [main] o.s.b.a.e.web.EndpointLinksResolver      : Exposing 1 endpoint beneath base path '/actuator'
2026-02-16T12:59:27.346+05:30  INFO 16928 --- [arihant-grc-tool] [main] o.s.boot.tomcat.TomcatWebServer          : Tomcat started on port 8085 (http) with context path '/'
2026-02-16T12:59:27.346+05:30  INFO 16928 --- [arihant-grc-tool] [main] com.grctool.ArihantGrcToolApplication    : Started ArihantGrcToolApplication in 8.009 seconds (process running for 8.534)
2026-02-16T12:59:39.569+05:30  INFO 16928 --- [arihant-grc-tool] [http-nio-8085-exec-1] o.a.c.c.C.[Tomcat].[localhost].[/]       : Initializing Spring DispatcherServlet 'dispatcherServlet'
2026-02-16T12:59:39.570+05:30  INFO 16928 --- [arihant-grc-tool] [http-nio-8085-exec-1] o.s.web.servlet.DispatcherServlet        : Initializing Servlet 'dispatcherServlet'
2026-02-16T12:59:39.570+05:30 DEBUG 16928 --- [arihant-grc-tool] [http-nio-8085-exec-1] o.s.web.servlet.DispatcherServlet        : Detected StandardServletMultipartResolver
2026-02-16T12:59:39.570+05:30 DEBUG 16928 --- [arihant-grc-tool] [http-nio-8085-exec-1] o.s.web.servlet.DispatcherServlet        : Detected AcceptHeaderLocaleResolver
2026-02-16T12:59:39.574+05:30 DEBUG 16928 --- [arihant-grc-tool] [http-nio-8085-exec-1] o.s.web.servlet.DispatcherServlet        : Detected org.springframework.web.servlet.view.DefaultRequestToViewNameTranslator@6d0e90d5
2026-02-16T12:59:39.575+05:30 DEBUG 16928 --- [arihant-grc-tool] [http-nio-8085-exec-1] o.s.web.servlet.DispatcherServlet        : Detected org.springframework.web.servlet.support.SessionFlashMapManager@24c036b7
2026-02-16T12:59:39.576+05:30 DEBUG 16928 --- [arihant-grc-tool] [http-nio-8085-exec-1] o.s.web.servlet.DispatcherServlet        : enableLoggingRequestDetails='false': request parameters and headers will be masked to prevent unsafe logging of potentially sensitive data
2026-02-16T12:59:39.576+05:30  INFO 16928 --- [arihant-grc-tool] [http-nio-8085-exec-1] o.s.web.servlet.DispatcherServlet        : Completed initialization in 6 ms
2026-02-16T12:59:46.233+05:30 DEBUG 16928 --- [arihant-grc-tool] [http-nio-8085-exec-2] o.s.web.client.DefaultRestClient         : Writing [{grant_type=[authorization_code], code=[4/0AfrIepCpdhxmv9GTIE41xS5x0ZdbVP4OomqVmeKdr0VIJZvFYBZ-Excv2uzTLXBx2KKJ_g], redirect_uri=[http://localhost:8085/login/oauth2/code/google], code_verifier=[e3fvLU3OLHYHnZ6g9hgb_iwsk-yWjOojvQ-sBEONStdc3L78j7RmbeKh_SbOkYVSAFVslp32sb5hk17r8UvZVaDUzmzdWNZfkbNuLYFgtq7bxHSp7dhJEeWHyoIns2Sq]}] as "application/x-www-form-urlencoded" with org.springframework.http.converter.FormHttpMessageConverter
2026-02-16T12:59:46.698+05:30 DEBUG 16928 --- [arihant-grc-tool] [http-nio-8085-exec-2] o.s.web.client.DefaultRestClient         : Reading to [org.springframework.security.oauth2.core.endpoint.OAuth2AccessTokenResponse] as "application/json;charset=utf-8"
2026-02-16T12:59:46.931+05:30 DEBUG 16928 --- [arihant-grc-tool] [http-nio-8085-exec-2] org.springframework.web.HttpLogging      : HTTP GET https://www.googleapis.com/oauth2/v3/certs
2026-02-16T12:59:46.931+05:30 DEBUG 16928 --- [arihant-grc-tool] [http-nio-8085-exec-2] org.springframework.web.HttpLogging      : Accept=[text/plain, application/json, application/*+json, */*]
2026-02-16T12:59:46.982+05:30 DEBUG 16928 --- [arihant-grc-tool] [http-nio-8085-exec-2] org.springframework.web.HttpLogging      : Response 200 OK
2026-02-16T12:59:46.982+05:30 DEBUG 16928 --- [arihant-grc-tool] [http-nio-8085-exec-2] org.springframework.web.HttpLogging      : Reading to [java.lang.String] as "application/json;charset=UTF-8"
2026-02-16T12:59:47.016+05:30 DEBUG 16928 --- [arihant-grc-tool] [http-nio-8085-exec-2] o.s.web.client.RestTemplate              : HTTP GET https://www.googleapis.com/oauth2/v3/userinfo
2026-02-16T12:59:47.016+05:30 DEBUG 16928 --- [arihant-grc-tool] [http-nio-8085-exec-2] o.s.web.client.RestTemplate              : Accept=[application/json, application/*+json]
2026-02-16T12:59:47.115+05:30 DEBUG 16928 --- [arihant-grc-tool] [http-nio-8085-exec-2] o.s.web.client.RestTemplate              : Response 200 OK
2026-02-16T12:59:47.115+05:30 DEBUG 16928 --- [arihant-grc-tool] [http-nio-8085-exec-2] o.s.web.client.RestTemplate              : Reading to [java.util.Map<java.lang.String, java.lang.Object>]
2026-02-16T13:01:14.789+05:30 DEBUG 16928 --- [arihant-grc-tool] [http-nio-8085-exec-10] o.s.web.client.DefaultRestClient         : Writing [{grant_type=[authorization_code], code=[4/0AfrIepB3g7mWXG7p5K8gIlAh-RirTg2J-CQVqmZqXjxiXIt43fKkfarxrg0Ci1hlo_Tb3w], redirect_uri=[http://localhost:8085/login/oauth2/code/google], code_verifier=[DrK2CfI7oa_-dkP3XMSO8vx7hhI4JdNWmB_SGfpcpwUrEtmEGBxzfFrkA1ACkDchHGRKusM4O360SzjZfIVcNJADLN1jgHoysMaSX2NdoMBxTxFzIf_zCsHpBtZqq5fI]}] as "application/x-www-form-urlencoded" with org.springframework.http.converter.FormHttpMessageConverter
2026-02-16T13:01:14.947+05:30 DEBUG 16928 --- [arihant-grc-tool] [http-nio-8085-exec-10] o.s.web.client.DefaultRestClient         : Reading to [org.springframework.security.oauth2.core.endpoint.OAuth2AccessTokenResponse] as "application/json;charset=utf-8"
2026-02-16T13:01:14.950+05:30 DEBUG 16928 --- [arihant-grc-tool] [http-nio-8085-exec-10] org.springframework.web.HttpLogging      : HTTP GET https://www.googleapis.com/oauth2/v3/certs
2026-02-16T13:01:14.950+05:30 DEBUG 16928 --- [arihant-grc-tool] [http-nio-8085-exec-10] org.springframework.web.HttpLogging      : Accept=[text/plain, application/json, application/*+json, */*]
2026-02-16T13:01:14.975+05:30 DEBUG 16928 --- [arihant-grc-tool] [http-nio-8085-exec-10] org.springframework.web.HttpLogging      : Response 200 OK
2026-02-16T13:01:14.975+05:30 DEBUG 16928 --- [arihant-grc-tool] [http-nio-8085-exec-10] org.springframework.web.HttpLogging      : Reading to [java.lang.String] as "application/json;charset=UTF-8"
2026-02-16T13:01:14.975+05:30 DEBUG 16928 --- [arihant-grc-tool] [http-nio-8085-exec-10] o.s.web.client.RestTemplate              : HTTP GET https://www.googleapis.com/oauth2/v3/userinfo
2026-02-16T13:01:14.975+05:30 DEBUG 16928 --- [arihant-grc-tool] [http-nio-8085-exec-10] o.s.web.client.RestTemplate              : Accept=[application/json, application/*+json]
2026-02-16T13:01:15.076+05:30 DEBUG 16928 --- [arihant-grc-tool] [http-nio-8085-exec-10] o.s.web.client.RestTemplate              : Response 200 OK
2026-02-16T13:01:15.076+05:30 DEBUG 16928 --- [arihant-grc-tool] [http-nio-8085-exec-10] o.s.web.client.RestTemplate              : Reading to [java.util.Map<java.lang.String, java.lang.Object>]
2026-02-16T13:02:55.924+05:30 DEBUG 16928 --- [arihant-grc-tool] [http-nio-8085-exec-7] o.s.web.client.DefaultRestClient         : Writing [{grant_type=[authorization_code], code=[4/0AfrIepDXRAj8Yze5LmsoTsxt_4QkDrq3AoeoE14CbcV7CkoIO93fXYzQcAHWsvB0IRzo3Q], redirect_uri=[http://localhost:8085/login/oauth2/code/google], code_verifier=[xCGsTFCQO3RF31kxZgXjcgxo7tUqtzICCNrhhcSCvjJB-eIdwfyZaUven-Q1P7_gKEy2pG8tndSMgfjdzLNQmbT2pxBWpFFbqPxgF5BqPmsLCLpoFaSZv2PtnqEFeMc6]}] as "application/x-www-form-urlencoded" with org.springframework.http.converter.FormHttpMessageConverter
2026-02-16T13:02:56.061+05:30 DEBUG 16928 --- [arihant-grc-tool] [http-nio-8085-exec-7] o.s.web.client.DefaultRestClient         : Reading to [org.springframework.security.oauth2.core.endpoint.OAuth2AccessTokenResponse] as "application/json;charset=utf-8"
2026-02-16T13:02:56.070+05:30 DEBUG 16928 --- [arihant-grc-tool] [http-nio-8085-exec-7] org.springframework.web.HttpLogging      : HTTP GET https://www.googleapis.com/oauth2/v3/certs
2026-02-16T13:02:56.070+05:30 DEBUG 16928 --- [arihant-grc-tool] [http-nio-8085-exec-7] org.springframework.web.HttpLogging      : Accept=[text/plain, application/json, application/*+json, */*]
2026-02-16T13:02:56.093+05:30 DEBUG 16928 --- [arihant-grc-tool] [http-nio-8085-exec-7] org.springframework.web.HttpLogging      : Response 200 OK
2026-02-16T13:02:56.093+05:30 DEBUG 16928 --- [arihant-grc-tool] [http-nio-8085-exec-7] org.springframework.web.HttpLogging      : Reading to [java.lang.String] as "application/json;charset=UTF-8"
2026-02-16T13:02:56.109+05:30 DEBUG 16928 --- [arihant-grc-tool] [http-nio-8085-exec-7] o.s.web.client.RestTemplate              : HTTP GET https://www.googleapis.com/oauth2/v3/userinfo
2026-02-16T13:02:56.110+05:30 DEBUG 16928 --- [arihant-grc-tool] [http-nio-8085-exec-7] o.s.web.client.RestTemplate              : Accept=[application/json, application/*+json]
2026-02-16T13:02:56.194+05:30 DEBUG 16928 --- [arihant-grc-tool] [http-nio-8085-exec-7] o.s.web.client.RestTemplate              : Response 200 OK
2026-02-16T13:02:56.194+05:30 DEBUG 16928 --- [arihant-grc-tool] [http-nio-8085-exec-7] o.s.web.client.RestTemplate              : Reading to [java.util.Map<java.lang.String, java.lang.Object>]
2026-02-16T13:04:16.971+05:30 DEBUG 16928 --- [arihant-grc-tool] [http-nio-8085-exec-7] o.s.web.client.DefaultRestClient         : Writing [{grant_type=[authorization_code], code=[4/0AfrIepB8nt3xijAbd9syxYxGIOzfkDdxf_RD4pKiENU2_kgFFeu9iRrsK6JpmhWw2p--Wg], redirect_uri=[http://localhost:8085/login/oauth2/code/google], code_verifier=[hRR083Izp4qTKp_XseHBmuektEbxsJf-Fmxy2JbPEGlGObKKAfX1O6Y6eJNxTLlesFFwHK-5pPcYbWeC_wIEwkUvv9x4ysqDZlB4_T6VOqOmG2i8BsdS-ejFRWQrIMrA]}] as "application/x-www-form-urlencoded" with org.springframework.http.converter.FormHttpMessageConverter
2026-02-16T13:04:17.121+05:30 DEBUG 16928 --- [arihant-grc-tool] [http-nio-8085-exec-7] o.s.web.client.DefaultRestClient         : Reading to [org.springframework.security.oauth2.core.endpoint.OAuth2AccessTokenResponse] as "application/json;charset=utf-8"
2026-02-16T13:04:17.121+05:30 DEBUG 16928 --- [arihant-grc-tool] [http-nio-8085-exec-7] org.springframework.web.HttpLogging      : HTTP GET https://www.googleapis.com/oauth2/v3/certs
2026-02-16T13:04:17.121+05:30 DEBUG 16928 --- [arihant-grc-tool] [http-nio-8085-exec-7] org.springframework.web.HttpLogging      : Accept=[text/plain, application/json, application/*+json, */*]
2026-02-16T13:04:17.155+05:30 DEBUG 16928 --- [arihant-grc-tool] [http-nio-8085-exec-7] org.springframework.web.HttpLogging      : Response 200 OK
2026-02-16T13:04:17.155+05:30 DEBUG 16928 --- [arihant-grc-tool] [http-nio-8085-exec-7] org.springframework.web.HttpLogging      : Reading to [java.lang.String] as "application/json;charset=UTF-8"
2026-02-16T13:04:17.155+05:30 DEBUG 16928 --- [arihant-grc-tool] [http-nio-8085-exec-7] o.s.web.client.RestTemplate              : HTTP GET https://www.googleapis.com/oauth2/v3/userinfo
2026-02-16T13:04:17.169+05:30 DEBUG 16928 --- [arihant-grc-tool] [http-nio-8085-exec-7] o.s.web.client.RestTemplate              : Accept=[application/json, application/*+json]
2026-02-16T13:04:17.271+05:30 DEBUG 16928 --- [arihant-grc-tool] [http-nio-8085-exec-7] o.s.web.client.RestTemplate              : Response 200 OK
2026-02-16T13:04:17.285+05:30 DEBUG 16928 --- [arihant-grc-tool] [http-nio-8085-exec-7] o.s.web.client.RestTemplate              : Reading to [java.util.Map<java.lang.String, java.lang.Object>]
2026-02-16T13:06:25.150+05:30  INFO 16928 --- [arihant-grc-tool] [SpringApplicationShutdownHook] o.s.boot.tomcat.GracefulShutdown         : Commencing graceful shutdown. Waiting for active requests to complete
2026-02-16T13:06:25.157+05:30  INFO 16928 --- [arihant-grc-tool] [tomcat-shutdown] o.s.boot.tomcat.GracefulShutdown         : Graceful shutdown complete
2026-02-16T13:06:25.157+05:30  INFO 16928 --- [arihant-grc-tool] [SpringApplicationShutdownHook] j.LocalContainerEntityManagerFactoryBean : Closing JPA EntityManagerFactory for persistence unit 'default'
2026-02-16T13:06:25.157+05:30  INFO 16928 --- [arihant-grc-tool] [SpringApplicationShutdownHook] com.zaxxer.hikari.HikariDataSource       : HikariPool-1 - Shutdown initiated...
2026-02-16T13:06:25.157+05:30  INFO 16928 --- [arihant-grc-tool] [SpringApplicationShutdownHook] com.zaxxer.hikari.HikariDataSource       : HikariPool-1 - Shutdown completed.
2026-02-16T13:06:35.731+05:30  INFO 16020 --- [arihant-grc-tool] [main] com.grctool.ArihantGrcToolApplication    : Starting ArihantGrcToolApplication using Java 21.0.10 with PID 16020 (D:\Company_Projects\arihant-grc-tool\arihant-grc-tool\target\classes started by prathameshpawar in D:\Company_Projects\arihant-grc-tool\arihant-grc-tool)
2026-02-16T13:06:35.743+05:30  INFO 16020 --- [arihant-grc-tool] [main] com.grctool.ArihantGrcToolApplication    : No active profile set, falling back to 1 default profile: "default"
2026-02-16T13:06:36.518+05:30  INFO 16020 --- [arihant-grc-tool] [main] .s.d.r.c.RepositoryConfigurationDelegate : Bootstrapping Spring Data JPA repositories in DEFAULT mode.
2026-02-16T13:06:36.597+05:30  INFO 16020 --- [arihant-grc-tool] [main] .s.d.r.c.RepositoryConfigurationDelegate : Finished Spring Data repository scanning in 67 ms. Found 11 JPA repository interfaces.
2026-02-16T13:06:37.185+05:30  INFO 16020 --- [arihant-grc-tool] [main] o.s.boot.tomcat.TomcatWebServer          : Tomcat initialized with port 8085 (http)
2026-02-16T13:06:37.211+05:30  INFO 16020 --- [arihant-grc-tool] [main] o.apache.catalina.core.StandardService   : Starting service [Tomcat]
2026-02-16T13:06:37.211+05:30  INFO 16020 --- [arihant-grc-tool] [main] o.apache.catalina.core.StandardEngine    : Starting Servlet engine: [Apache Tomcat/11.0.18]
2026-02-16T13:06:37.249+05:30  INFO 16020 --- [arihant-grc-tool] [main] b.w.c.s.WebApplicationContextInitializer : Root WebApplicationContext: initialization completed in 1467 ms
2026-02-16T13:06:37.376+05:30 DEBUG 16020 --- [arihant-grc-tool] [main] o.s.w.f.ServerHttpObservationFilter      : Filter 'webMvcObservationFilter' configured for use
2026-02-16T13:06:37.694+05:30  INFO 16020 --- [arihant-grc-tool] [main] com.zaxxer.hikari.HikariDataSource       : HikariPool-1 - Starting...
2026-02-16T13:06:37.886+05:30  INFO 16020 --- [arihant-grc-tool] [main] com.zaxxer.hikari.pool.HikariPool        : HikariPool-1 - Added connection org.postgresql.jdbc.PgConnection@16df9bde
2026-02-16T13:06:37.886+05:30  INFO 16020 --- [arihant-grc-tool] [main] com.zaxxer.hikari.HikariDataSource       : HikariPool-1 - Start completed.
2026-02-16T13:06:37.902+05:30  INFO 16020 --- [arihant-grc-tool] [main] org.flywaydb.core.FlywayExecutor         : Database: jdbc:postgresql://localhost:5432/grc_db (PostgreSQL 18.1)
2026-02-16T13:06:37.918+05:30  INFO 16020 --- [arihant-grc-tool] [main] o.f.c.i.resource.ResourceNameValidator   : 1 SQL migrations were detected but not run because they did not follow the filename convention.
2026-02-16T13:06:37.918+05:30  INFO 16020 --- [arihant-grc-tool] [main] o.f.c.i.resource.ResourceNameValidator   : Set 'validateMigrationNaming' to true to fail fast and see a list of the invalid file names.
2026-02-16T13:06:37.996+05:30  INFO 16020 --- [arihant-grc-tool] [main] o.f.core.internal.command.DbValidate     : Successfully validated 18 migrations (execution time 00:00.035s)
2026-02-16T13:06:38.060+05:30  INFO 16020 --- [arihant-grc-tool] [main] o.f.core.internal.command.DbMigrate      : Current version of schema "public": 19
2026-02-16T13:06:38.060+05:30  WARN 16020 --- [arihant-grc-tool] [main] o.f.core.internal.command.DbMigrate      : outOfOrder mode is active. Migration of schema "public" may not be reproducible.
2026-02-16T13:06:38.060+05:30  INFO 16020 --- [arihant-grc-tool] [main] o.f.core.internal.command.DbMigrate      : Schema "public" is up to date. No migration necessary.
2026-02-16T13:06:38.692+05:30  INFO 16020 --- [arihant-grc-tool] [main] o.s.o.j.p.SpringPersistenceUnitInfo      : No LoadTimeWeaver setup: ignoring JPA class transformer
2026-02-16T13:06:39.874+05:30  INFO 16020 --- [arihant-grc-tool] [main] j.LocalContainerEntityManagerFactoryBean : Initialized JPA EntityManagerFactory for persistence unit 'default'
2026-02-16T13:06:39.954+05:30  INFO 16020 --- [arihant-grc-tool] [main] o.s.d.j.r.query.QueryEnhancerFactories   : Hibernate is in classpath; If applicable, HQL parser will be used.
2026-02-16T13:06:40.973+05:30  WARN 16020 --- [arihant-grc-tool] [main] JpaBaseConfiguration$JpaWebConfiguration : spring.jpa.open-in-view is enabled by default. Therefore, database queries may be performed during view rendering. Explicitly configure spring.jpa.open-in-view to disable this warning
2026-02-16T13:06:41.325+05:30 DEBUG 16020 --- [arihant-grc-tool] [main] s.w.s.m.m.a.RequestMappingHandlerMapping : 40 mappings in 'requestMappingHandlerMapping'
2026-02-16T13:06:41.341+05:30 DEBUG 16020 --- [arihant-grc-tool] [main] o.s.w.s.handler.SimpleUrlHandlerMapping  : Patterns [/webjars/**, /**] in 'resourceHandlerMapping'
2026-02-16T13:06:41.373+05:30 DEBUG 16020 --- [arihant-grc-tool] [main] s.w.s.m.m.a.RequestMappingHandlerAdapter : ControllerAdvice beans: 0 @ModelAttribute, 0 @InitBinder, 2 RequestBodyAdvice, 1 ResponseBodyAdvice
2026-02-16T13:06:41.421+05:30 DEBUG 16020 --- [arihant-grc-tool] [main] .m.m.a.ExceptionHandlerExceptionResolver : ControllerAdvice beans: 1 @ExceptionHandler, 1 ResponseBodyAdvice
2026-02-16T13:06:41.565+05:30  INFO 16020 --- [arihant-grc-tool] [main] o.s.b.a.e.web.EndpointLinksResolver      : Exposing 1 endpoint beneath base path '/actuator'
2026-02-16T13:06:41.628+05:30  INFO 16020 --- [arihant-grc-tool] [main] o.s.boot.tomcat.TomcatWebServer          : Tomcat started on port 8085 (http) with context path '/'
2026-02-16T13:06:41.628+05:30  INFO 16020 --- [arihant-grc-tool] [main] com.grctool.ArihantGrcToolApplication    : Started ArihantGrcToolApplication in 6.363 seconds (process running for 6.769)
2026-02-16T13:07:04.920+05:30  INFO 16020 --- [arihant-grc-tool] [http-nio-8085-exec-1] o.a.c.c.C.[Tomcat].[localhost].[/]       : Initializing Spring DispatcherServlet 'dispatcherServlet'
2026-02-16T13:07:04.921+05:30  INFO 16020 --- [arihant-grc-tool] [http-nio-8085-exec-1] o.s.web.servlet.DispatcherServlet        : Initializing Servlet 'dispatcherServlet'
2026-02-16T13:07:04.921+05:30 DEBUG 16020 --- [arihant-grc-tool] [http-nio-8085-exec-1] o.s.web.servlet.DispatcherServlet        : Detected StandardServletMultipartResolver
2026-02-16T13:07:04.921+05:30 DEBUG 16020 --- [arihant-grc-tool] [http-nio-8085-exec-1] o.s.web.servlet.DispatcherServlet        : Detected AcceptHeaderLocaleResolver
2026-02-16T13:07:04.924+05:30 DEBUG 16020 --- [arihant-grc-tool] [http-nio-8085-exec-1] o.s.web.servlet.DispatcherServlet        : Detected org.springframework.web.servlet.view.DefaultRequestToViewNameTranslator@6aaaa66b
2026-02-16T13:07:04.925+05:30 DEBUG 16020 --- [arihant-grc-tool] [http-nio-8085-exec-1] o.s.web.servlet.DispatcherServlet        : Detected org.springframework.web.servlet.support.SessionFlashMapManager@1276caf2
2026-02-16T13:07:04.925+05:30 DEBUG 16020 --- [arihant-grc-tool] [http-nio-8085-exec-1] o.s.web.servlet.DispatcherServlet        : enableLoggingRequestDetails='false': request parameters and headers will be masked to prevent unsafe logging of potentially sensitive data
2026-02-16T13:07:04.925+05:30  INFO 16020 --- [arihant-grc-tool] [http-nio-8085-exec-1] o.s.web.servlet.DispatcherServlet        : Completed initialization in 4 ms
2026-02-16T13:07:04.992+05:30 DEBUG 16020 --- [arihant-grc-tool] [http-nio-8085-exec-1] o.s.web.servlet.DispatcherServlet        : OPTIONS "/api/users/v1/auth/me", parameters={}
2026-02-16T13:07:04.998+05:30 DEBUG 16020 --- [arihant-grc-tool] [http-nio-8085-exec-1] s.w.s.m.m.a.RequestMappingHandlerMapping : Mapped to com.grctool.controller.UserController#getCurrentUser(OidcUser)
2026-02-16T13:07:05.013+05:30 DEBUG 16020 --- [arihant-grc-tool] [http-nio-8085-exec-1] o.s.web.cors.DefaultCorsProcessor        : Skip: no CORS configuration has been provided
2026-02-16T13:07:05.020+05:30 DEBUG 16020 --- [arihant-grc-tool] [http-nio-8085-exec-1] o.s.web.servlet.DispatcherServlet        : Completed 200 OK
2026-02-16T13:07:13.467+05:30 DEBUG 16020 --- [arihant-grc-tool] [http-nio-8085-exec-2] o.s.web.client.DefaultRestClient         : Writing [{grant_type=[authorization_code], code=[4/0AfrIepA3pAxXzXZ7Lbz1yQ8mwDdZdl8S4ZOrxPWKeCWu1dLfdfRdqIyoe6R7qMU16HlmhA], redirect_uri=[http://localhost:8085/login/oauth2/code/google], code_verifier=[NrJJIxOpcqVgVCol9dQbtX27YTf-ZMp8bbsoMoDMyCHSFo8uAz5yWt3uV0wLaumACMUCraxGPGWoGRDgPM74GlRQwVDqaqPuMjl2W5iMj-yBnpYuXXQLoc2dbbscTcYq]}] as "application/x-www-form-urlencoded" with org.springframework.http.converter.FormHttpMessageConverter
2026-02-16T13:07:14.001+05:30 DEBUG 16020 --- [arihant-grc-tool] [http-nio-8085-exec-2] o.s.web.client.DefaultRestClient         : Reading to [org.springframework.security.oauth2.core.endpoint.OAuth2AccessTokenResponse] as "application/json;charset=utf-8"
2026-02-16T13:07:14.265+05:30 DEBUG 16020 --- [arihant-grc-tool] [http-nio-8085-exec-2] org.springframework.web.HttpLogging      : HTTP GET https://www.googleapis.com/oauth2/v3/certs
2026-02-16T13:07:14.266+05:30 DEBUG 16020 --- [arihant-grc-tool] [http-nio-8085-exec-2] org.springframework.web.HttpLogging      : Accept=[text/plain, application/json, application/*+json, */*]
2026-02-16T13:07:14.317+05:30 DEBUG 16020 --- [arihant-grc-tool] [http-nio-8085-exec-2] org.springframework.web.HttpLogging      : Response 200 OK
2026-02-16T13:07:14.317+05:30 DEBUG 16020 --- [arihant-grc-tool] [http-nio-8085-exec-2] org.springframework.web.HttpLogging      : Reading to [java.lang.String] as "application/json;charset=UTF-8"
2026-02-16T13:07:14.350+05:30 DEBUG 16020 --- [arihant-grc-tool] [http-nio-8085-exec-2] o.s.web.client.RestTemplate              : HTTP GET https://www.googleapis.com/oauth2/v3/userinfo
2026-02-16T13:07:14.350+05:30 DEBUG 16020 --- [arihant-grc-tool] [http-nio-8085-exec-2] o.s.web.client.RestTemplate              : Accept=[application/json, application/*+json]
2026-02-16T13:07:14.483+05:30 DEBUG 16020 --- [arihant-grc-tool] [http-nio-8085-exec-2] o.s.web.client.RestTemplate              : Response 200 OK
2026-02-16T13:07:14.483+05:30 DEBUG 16020 --- [arihant-grc-tool] [http-nio-8085-exec-2] o.s.web.client.RestTemplate              : Reading to [java.util.Map<java.lang.String, java.lang.Object>]
2026-02-16T13:07:14.928+05:30 DEBUG 16020 --- [arihant-grc-tool] [http-nio-8085-exec-6] o.s.web.servlet.DispatcherServlet        : OPTIONS "/api/users/v1/auth/me", parameters={}
2026-02-16T13:07:14.932+05:30 DEBUG 16020 --- [arihant-grc-tool] [http-nio-8085-exec-6] s.w.s.m.m.a.RequestMappingHandlerMapping : Mapped to com.grctool.controller.UserController#getCurrentUser(OidcUser)
2026-02-16T13:07:14.932+05:30 DEBUG 16020 --- [arihant-grc-tool] [http-nio-8085-exec-6] o.s.web.cors.DefaultCorsProcessor        : Skip: no CORS configuration has been provided
2026-02-16T13:07:14.933+05:30 DEBUG 16020 --- [arihant-grc-tool] [http-nio-8085-exec-6] o.s.web.servlet.DispatcherServlet        : Completed 200 OK
2026-02-16T13:08:11.128+05:30  INFO 16020 --- [arihant-grc-tool] [SpringApplicationShutdownHook] o.s.boot.tomcat.GracefulShutdown         : Commencing graceful shutdown. Waiting for active requests to complete
2026-02-16T13:08:11.128+05:30  INFO 16020 --- [arihant-grc-tool] [tomcat-shutdown] o.s.boot.tomcat.GracefulShutdown         : Graceful shutdown complete
2026-02-16T13:08:11.128+05:30  INFO 16020 --- [arihant-grc-tool] [SpringApplicationShutdownHook] j.LocalContainerEntityManagerFactoryBean : Closing JPA EntityManagerFactory for persistence unit 'default'
2026-02-16T13:08:11.144+05:30  INFO 16020 --- [arihant-grc-tool] [SpringApplicationShutdownHook] com.zaxxer.hikari.HikariDataSource       : HikariPool-1 - Shutdown initiated...
2026-02-16T13:08:11.144+05:30  INFO 16020 --- [arihant-grc-tool] [SpringApplicationShutdownHook] com.zaxxer.hikari.HikariDataSource       : HikariPool-1 - Shutdown completed.
2026-02-16T13:08:22.111+05:30  INFO 2644 --- [arihant-grc-tool] [main] com.grctool.ArihantGrcToolApplication    : Starting ArihantGrcToolApplication using Java 21.0.10 with PID 2644 (D:\Company_Projects\arihant-grc-tool\arihant-grc-tool\target\classes started by prathameshpawar in D:\Company_Projects\arihant-grc-tool\arihant-grc-tool)
2026-02-16T13:08:22.111+05:30  INFO 2644 --- [arihant-grc-tool] [main] com.grctool.ArihantGrcToolApplication    : No active profile set, falling back to 1 default profile: "default"
2026-02-16T13:08:22.892+05:30  INFO 2644 --- [arihant-grc-tool] [main] .s.d.r.c.RepositoryConfigurationDelegate : Bootstrapping Spring Data JPA repositories in DEFAULT mode.
2026-02-16T13:08:22.971+05:30  INFO 2644 --- [arihant-grc-tool] [main] .s.d.r.c.RepositoryConfigurationDelegate : Finished Spring Data repository scanning in 68 ms. Found 11 JPA repository interfaces.
2026-02-16T13:08:23.589+05:30  INFO 2644 --- [arihant-grc-tool] [main] o.s.boot.tomcat.TomcatWebServer          : Tomcat initialized with port 8085 (http)
2026-02-16T13:08:23.589+05:30  INFO 2644 --- [arihant-grc-tool] [main] o.apache.catalina.core.StandardService   : Starting service [Tomcat]
2026-02-16T13:08:23.589+05:30  INFO 2644 --- [arihant-grc-tool] [main] o.apache.catalina.core.StandardEngine    : Starting Servlet engine: [Apache Tomcat/11.0.18]
2026-02-16T13:08:23.653+05:30  INFO 2644 --- [arihant-grc-tool] [main] b.w.c.s.WebApplicationContextInitializer : Root WebApplicationContext: initialization completed in 1483 ms
2026-02-16T13:08:23.793+05:30 DEBUG 2644 --- [arihant-grc-tool] [main] o.s.w.f.ServerHttpObservationFilter      : Filter 'webMvcObservationFilter' configured for use
2026-02-16T13:08:24.117+05:30  INFO 2644 --- [arihant-grc-tool] [main] com.zaxxer.hikari.HikariDataSource       : HikariPool-1 - Starting...
2026-02-16T13:08:24.307+05:30  INFO 2644 --- [arihant-grc-tool] [main] com.zaxxer.hikari.pool.HikariPool        : HikariPool-1 - Added connection org.postgresql.jdbc.PgConnection@16df9bde
2026-02-16T13:08:24.323+05:30  INFO 2644 --- [arihant-grc-tool] [main] com.zaxxer.hikari.HikariDataSource       : HikariPool-1 - Start completed.
2026-02-16T13:08:24.339+05:30  INFO 2644 --- [arihant-grc-tool] [main] org.flywaydb.core.FlywayExecutor         : Database: jdbc:postgresql://localhost:5432/grc_db (PostgreSQL 18.1)
2026-02-16T13:08:24.355+05:30  INFO 2644 --- [arihant-grc-tool] [main] o.f.c.i.resource.ResourceNameValidator   : 1 SQL migrations were detected but not run because they did not follow the filename convention.
2026-02-16T13:08:24.355+05:30  INFO 2644 --- [arihant-grc-tool] [main] o.f.c.i.resource.ResourceNameValidator   : Set 'validateMigrationNaming' to true to fail fast and see a list of the invalid file names.
2026-02-16T13:08:24.418+05:30  INFO 2644 --- [arihant-grc-tool] [main] o.f.core.internal.command.DbValidate     : Successfully validated 18 migrations (execution time 00:00.035s)
2026-02-16T13:08:24.593+05:30  INFO 2644 --- [arihant-grc-tool] [main] o.f.core.internal.command.DbMigrate      : Current version of schema "public": 19
2026-02-16T13:08:24.609+05:30  WARN 2644 --- [arihant-grc-tool] [main] o.f.core.internal.command.DbMigrate      : outOfOrder mode is active. Migration of schema "public" may not be reproducible.
2026-02-16T13:08:24.609+05:30  INFO 2644 --- [arihant-grc-tool] [main] o.f.core.internal.command.DbMigrate      : Schema "public" is up to date. No migration necessary.
2026-02-16T13:08:25.255+05:30  INFO 2644 --- [arihant-grc-tool] [main] o.s.o.j.p.SpringPersistenceUnitInfo      : No LoadTimeWeaver setup: ignoring JPA class transformer
2026-02-16T13:08:26.468+05:30  INFO 2644 --- [arihant-grc-tool] [main] j.LocalContainerEntityManagerFactoryBean : Initialized JPA EntityManagerFactory for persistence unit 'default'
2026-02-16T13:08:26.547+05:30  INFO 2644 --- [arihant-grc-tool] [main] o.s.d.j.r.query.QueryEnhancerFactories   : Hibernate is in classpath; If applicable, HQL parser will be used.
2026-02-16T13:08:27.612+05:30  WARN 2644 --- [arihant-grc-tool] [main] JpaBaseConfiguration$JpaWebConfiguration : spring.jpa.open-in-view is enabled by default. Therefore, database queries may be performed during view rendering. Explicitly configure spring.jpa.open-in-view to disable this warning
2026-02-16T13:08:27.977+05:30 DEBUG 2644 --- [arihant-grc-tool] [main] s.w.s.m.m.a.RequestMappingHandlerMapping : 40 mappings in 'requestMappingHandlerMapping'
2026-02-16T13:08:27.993+05:30 DEBUG 2644 --- [arihant-grc-tool] [main] o.s.w.s.handler.SimpleUrlHandlerMapping  : Patterns [/webjars/**, /**] in 'resourceHandlerMapping'
2026-02-16T13:08:28.031+05:30 DEBUG 2644 --- [arihant-grc-tool] [main] s.w.s.m.m.a.RequestMappingHandlerAdapter : ControllerAdvice beans: 0 @ModelAttribute, 0 @InitBinder, 2 RequestBodyAdvice, 1 ResponseBodyAdvice
2026-02-16T13:08:28.057+05:30 DEBUG 2644 --- [arihant-grc-tool] [main] .m.m.a.ExceptionHandlerExceptionResolver : ControllerAdvice beans: 1 @ExceptionHandler, 1 ResponseBodyAdvice
2026-02-16T13:08:28.216+05:30  INFO 2644 --- [arihant-grc-tool] [main] o.s.b.a.e.web.EndpointLinksResolver      : Exposing 1 endpoint beneath base path '/actuator'
2026-02-16T13:08:28.264+05:30  INFO 2644 --- [arihant-grc-tool] [main] o.s.boot.tomcat.TomcatWebServer          : Tomcat started on port 8085 (http) with context path '/'
2026-02-16T13:08:28.285+05:30  INFO 2644 --- [arihant-grc-tool] [main] com.grctool.ArihantGrcToolApplication    : Started ArihantGrcToolApplication in 6.636 seconds (process running for 7.036)
2026-02-16T13:08:33.483+05:30  INFO 2644 --- [arihant-grc-tool] [http-nio-8085-exec-1] o.a.c.c.C.[Tomcat].[localhost].[/]       : Initializing Spring DispatcherServlet 'dispatcherServlet'
2026-02-16T13:08:33.484+05:30  INFO 2644 --- [arihant-grc-tool] [http-nio-8085-exec-1] o.s.web.servlet.DispatcherServlet        : Initializing Servlet 'dispatcherServlet'
2026-02-16T13:08:33.484+05:30 DEBUG 2644 --- [arihant-grc-tool] [http-nio-8085-exec-1] o.s.web.servlet.DispatcherServlet        : Detected StandardServletMultipartResolver
2026-02-16T13:08:33.484+05:30 DEBUG 2644 --- [arihant-grc-tool] [http-nio-8085-exec-1] o.s.web.servlet.DispatcherServlet        : Detected AcceptHeaderLocaleResolver
2026-02-16T13:08:33.486+05:30 DEBUG 2644 --- [arihant-grc-tool] [http-nio-8085-exec-1] o.s.web.servlet.DispatcherServlet        : Detected org.springframework.web.servlet.view.DefaultRequestToViewNameTranslator@6aaaa66b
2026-02-16T13:08:33.487+05:30 DEBUG 2644 --- [arihant-grc-tool] [http-nio-8085-exec-1] o.s.web.servlet.DispatcherServlet        : Detected org.springframework.web.servlet.support.SessionFlashMapManager@1276caf2
2026-02-16T13:08:33.487+05:30 DEBUG 2644 --- [arihant-grc-tool] [http-nio-8085-exec-1] o.s.web.servlet.DispatcherServlet        : enableLoggingRequestDetails='false': request parameters and headers will be masked to prevent unsafe logging of potentially sensitive data
2026-02-16T13:08:33.488+05:30  INFO 2644 --- [arihant-grc-tool] [http-nio-8085-exec-1] o.s.web.servlet.DispatcherServlet        : Completed initialization in 3 ms
2026-02-16T13:08:33.554+05:30 DEBUG 2644 --- [arihant-grc-tool] [http-nio-8085-exec-1] o.s.web.servlet.DispatcherServlet        : OPTIONS "/api/users/v1/auth/me", parameters={}
2026-02-16T13:08:33.564+05:30 DEBUG 2644 --- [arihant-grc-tool] [http-nio-8085-exec-1] s.w.s.m.m.a.RequestMappingHandlerMapping : Mapped to com.grctool.controller.UserController#getCurrentUser(OidcUser)
2026-02-16T13:08:33.587+05:30 DEBUG 2644 --- [arihant-grc-tool] [http-nio-8085-exec-1] o.s.web.cors.DefaultCorsProcessor        : Skip: no CORS configuration has been provided
2026-02-16T13:08:33.587+05:30 DEBUG 2644 --- [arihant-grc-tool] [http-nio-8085-exec-1] o.s.web.servlet.DispatcherServlet        : Completed 200 OK
2026-02-16T13:08:52.629+05:30 DEBUG 2644 --- [arihant-grc-tool] [http-nio-8085-exec-2] o.s.web.servlet.DispatcherServlet        : OPTIONS "/api/users/v1/auth/me", parameters={}
2026-02-16T13:08:52.630+05:30 DEBUG 2644 --- [arihant-grc-tool] [http-nio-8085-exec-2] s.w.s.m.m.a.RequestMappingHandlerMapping : Mapped to com.grctool.controller.UserController#getCurrentUser(OidcUser)
2026-02-16T13:08:52.631+05:30 DEBUG 2644 --- [arihant-grc-tool] [http-nio-8085-exec-2] o.s.web.cors.DefaultCorsProcessor        : Skip: no CORS configuration has been provided
2026-02-16T13:08:52.631+05:30 DEBUG 2644 --- [arihant-grc-tool] [http-nio-8085-exec-2] o.s.web.servlet.DispatcherServlet        : Completed 200 OK
2026-02-16T13:12:34.692+05:30  INFO 2644 --- [arihant-grc-tool] [SpringApplicationShutdownHook] o.s.boot.tomcat.GracefulShutdown         : Commencing graceful shutdown. Waiting for active requests to complete
2026-02-16T13:12:34.692+05:30  INFO 2644 --- [arihant-grc-tool] [tomcat-shutdown] o.s.boot.tomcat.GracefulShutdown         : Graceful shutdown complete
2026-02-16T13:12:34.708+05:30  INFO 2644 --- [arihant-grc-tool] [SpringApplicationShutdownHook] j.LocalContainerEntityManagerFactoryBean : Closing JPA EntityManagerFactory for persistence unit 'default'
2026-02-16T13:12:34.710+05:30  INFO 2644 --- [arihant-grc-tool] [SpringApplicationShutdownHook] com.zaxxer.hikari.HikariDataSource       : HikariPool-1 - Shutdown initiated...
2026-02-16T13:12:34.710+05:30  INFO 2644 --- [arihant-grc-tool] [SpringApplicationShutdownHook] com.zaxxer.hikari.HikariDataSource       : HikariPool-1 - Shutdown completed.
2026-02-16T13:12:45.652+05:30  INFO 19252 --- [arihant-grc-tool] [main] com.grctool.ArihantGrcToolApplication    : Starting ArihantGrcToolApplication using Java 21.0.10 with PID 19252 (D:\Company_Projects\arihant-grc-tool\arihant-grc-tool\target\classes started by prathameshpawar in D:\Company_Projects\arihant-grc-tool\arihant-grc-tool)
2026-02-16T13:12:45.652+05:30  INFO 19252 --- [arihant-grc-tool] [main] com.grctool.ArihantGrcToolApplication    : No active profile set, falling back to 1 default profile: "default"
2026-02-16T13:12:46.424+05:30  INFO 19252 --- [arihant-grc-tool] [main] .s.d.r.c.RepositoryConfigurationDelegate : Bootstrapping Spring Data JPA repositories in DEFAULT mode.
2026-02-16T13:12:46.504+05:30  INFO 19252 --- [arihant-grc-tool] [main] .s.d.r.c.RepositoryConfigurationDelegate : Finished Spring Data repository scanning in 72 ms. Found 11 JPA repository interfaces.
2026-02-16T13:12:47.092+05:30  INFO 19252 --- [arihant-grc-tool] [main] o.s.boot.tomcat.TomcatWebServer          : Tomcat initialized with port 8085 (http)
2026-02-16T13:12:47.108+05:30  INFO 19252 --- [arihant-grc-tool] [main] o.apache.catalina.core.StandardService   : Starting service [Tomcat]
2026-02-16T13:12:47.108+05:30  INFO 19252 --- [arihant-grc-tool] [main] o.apache.catalina.core.StandardEngine    : Starting Servlet engine: [Apache Tomcat/11.0.18]
2026-02-16T13:12:47.156+05:30  INFO 19252 --- [arihant-grc-tool] [main] b.w.c.s.WebApplicationContextInitializer : Root WebApplicationContext: initialization completed in 1447 ms
2026-02-16T13:12:47.282+05:30 DEBUG 19252 --- [arihant-grc-tool] [main] o.s.w.f.ServerHttpObservationFilter      : Filter 'webMvcObservationFilter' configured for use
2026-02-16T13:12:47.298+05:30 DEBUG 19252 --- [arihant-grc-tool] [main] o.springframework.web.filter.CorsFilter  : Filter 'corsFilter' configured for use
2026-02-16T13:12:47.588+05:30  INFO 19252 --- [arihant-grc-tool] [main] com.zaxxer.hikari.HikariDataSource       : HikariPool-1 - Starting...
2026-02-16T13:12:47.794+05:30  INFO 19252 --- [arihant-grc-tool] [main] com.zaxxer.hikari.pool.HikariPool        : HikariPool-1 - Added connection org.postgresql.jdbc.PgConnection@324e8baa
2026-02-16T13:12:47.794+05:30  INFO 19252 --- [arihant-grc-tool] [main] com.zaxxer.hikari.HikariDataSource       : HikariPool-1 - Start completed.
2026-02-16T13:12:47.826+05:30  INFO 19252 --- [arihant-grc-tool] [main] org.flywaydb.core.FlywayExecutor         : Database: jdbc:postgresql://localhost:5432/grc_db (PostgreSQL 18.1)
2026-02-16T13:12:47.853+05:30  INFO 19252 --- [arihant-grc-tool] [main] o.f.c.i.resource.ResourceNameValidator   : 1 SQL migrations were detected but not run because they did not follow the filename convention.
2026-02-16T13:12:47.853+05:30  INFO 19252 --- [arihant-grc-tool] [main] o.f.c.i.resource.ResourceNameValidator   : Set 'validateMigrationNaming' to true to fail fast and see a list of the invalid file names.
2026-02-16T13:12:47.920+05:30  INFO 19252 --- [arihant-grc-tool] [main] o.f.core.internal.command.DbValidate     : Successfully validated 18 migrations (execution time 00:00.038s)
2026-02-16T13:12:47.984+05:30  INFO 19252 --- [arihant-grc-tool] [main] o.f.core.internal.command.DbMigrate      : Current version of schema "public": 19
2026-02-16T13:12:47.984+05:30  WARN 19252 --- [arihant-grc-tool] [main] o.f.core.internal.command.DbMigrate      : outOfOrder mode is active. Migration of schema "public" may not be reproducible.
2026-02-16T13:12:47.984+05:30  INFO 19252 --- [arihant-grc-tool] [main] o.f.core.internal.command.DbMigrate      : Schema "public" is up to date. No migration necessary.
2026-02-16T13:12:48.621+05:30  INFO 19252 --- [arihant-grc-tool] [main] o.s.o.j.p.SpringPersistenceUnitInfo      : No LoadTimeWeaver setup: ignoring JPA class transformer
2026-02-16T13:12:49.803+05:30  INFO 19252 --- [arihant-grc-tool] [main] j.LocalContainerEntityManagerFactoryBean : Initialized JPA EntityManagerFactory for persistence unit 'default'
2026-02-16T13:12:49.883+05:30  INFO 19252 --- [arihant-grc-tool] [main] o.s.d.j.r.query.QueryEnhancerFactories   : Hibernate is in classpath; If applicable, HQL parser will be used.
2026-02-16T13:12:50.916+05:30  WARN 19252 --- [arihant-grc-tool] [main] JpaBaseConfiguration$JpaWebConfiguration : spring.jpa.open-in-view is enabled by default. Therefore, database queries may be performed during view rendering. Explicitly configure spring.jpa.open-in-view to disable this warning
2026-02-16T13:12:51.267+05:30 DEBUG 19252 --- [arihant-grc-tool] [main] s.w.s.m.m.a.RequestMappingHandlerMapping : 40 mappings in 'requestMappingHandlerMapping'
2026-02-16T13:12:51.290+05:30 DEBUG 19252 --- [arihant-grc-tool] [main] o.s.w.s.handler.SimpleUrlHandlerMapping  : Patterns [/webjars/**, /**] in 'resourceHandlerMapping'
2026-02-16T13:12:51.317+05:30 DEBUG 19252 --- [arihant-grc-tool] [main] s.w.s.m.m.a.RequestMappingHandlerAdapter : ControllerAdvice beans: 0 @ModelAttribute, 0 @InitBinder, 2 RequestBodyAdvice, 1 ResponseBodyAdvice
2026-02-16T13:12:51.362+05:30 DEBUG 19252 --- [arihant-grc-tool] [main] .m.m.a.ExceptionHandlerExceptionResolver : ControllerAdvice beans: 1 @ExceptionHandler, 1 ResponseBodyAdvice
2026-02-16T13:12:51.515+05:30  INFO 19252 --- [arihant-grc-tool] [main] o.s.b.a.e.web.EndpointLinksResolver      : Exposing 1 endpoint beneath base path '/actuator'
2026-02-16T13:12:51.568+05:30  INFO 19252 --- [arihant-grc-tool] [main] o.s.boot.tomcat.TomcatWebServer          : Tomcat started on port 8085 (http) with context path '/'
2026-02-16T13:12:51.575+05:30  INFO 19252 --- [arihant-grc-tool] [main] com.grctool.ArihantGrcToolApplication    : Started ArihantGrcToolApplication in 6.371 seconds (process running for 6.788)
2026-02-16T13:12:57.620+05:30  INFO 19252 --- [arihant-grc-tool] [http-nio-8085-exec-1] o.a.c.c.C.[Tomcat].[localhost].[/]       : Initializing Spring DispatcherServlet 'dispatcherServlet'
2026-02-16T13:12:57.621+05:30  INFO 19252 --- [arihant-grc-tool] [http-nio-8085-exec-1] o.s.web.servlet.DispatcherServlet        : Initializing Servlet 'dispatcherServlet'
2026-02-16T13:12:57.621+05:30 DEBUG 19252 --- [arihant-grc-tool] [http-nio-8085-exec-1] o.s.web.servlet.DispatcherServlet        : Detected StandardServletMultipartResolver
2026-02-16T13:12:57.622+05:30 DEBUG 19252 --- [arihant-grc-tool] [http-nio-8085-exec-1] o.s.web.servlet.DispatcherServlet        : Detected AcceptHeaderLocaleResolver
2026-02-16T13:12:57.623+05:30 DEBUG 19252 --- [arihant-grc-tool] [http-nio-8085-exec-1] o.s.web.servlet.DispatcherServlet        : Detected org.springframework.web.servlet.view.DefaultRequestToViewNameTranslator@24c036b7
2026-02-16T13:12:57.624+05:30 DEBUG 19252 --- [arihant-grc-tool] [http-nio-8085-exec-1] o.s.web.servlet.DispatcherServlet        : Detected org.springframework.web.servlet.support.SessionFlashMapManager@4d34baec
2026-02-16T13:12:57.624+05:30 DEBUG 19252 --- [arihant-grc-tool] [http-nio-8085-exec-1] o.s.web.servlet.DispatcherServlet        : enableLoggingRequestDetails='false': request parameters and headers will be masked to prevent unsafe logging of potentially sensitive data
2026-02-16T13:12:57.625+05:30  INFO 19252 --- [arihant-grc-tool] [http-nio-8085-exec-1] o.s.web.servlet.DispatcherServlet        : Completed initialization in 4 ms
2026-02-16T13:12:57.734+05:30 DEBUG 19252 --- [arihant-grc-tool] [http-nio-8085-exec-2] o.s.web.servlet.DispatcherServlet        : GET "/api/users/v1/auth/me", parameters={}
2026-02-16T13:12:57.741+05:30 DEBUG 19252 --- [arihant-grc-tool] [http-nio-8085-exec-2] s.w.s.m.m.a.RequestMappingHandlerMapping : Mapped to com.grctool.controller.UserController#getCurrentUser(OidcUser)
2026-02-16T13:12:57.774+05:30 DEBUG 19252 --- [arihant-grc-tool] [http-nio-8085-exec-2] o.s.w.s.m.m.a.HttpEntityMethodProcessor  : Using 'application/json', given [*/*] and supported [application/json, application/*+json]
2026-02-16T13:12:57.775+05:30 DEBUG 19252 --- [arihant-grc-tool] [http-nio-8085-exec-2] o.s.w.s.m.m.a.HttpEntityMethodProcessor  : Nothing to write: null body
2026-02-16T13:12:57.778+05:30 DEBUG 19252 --- [arihant-grc-tool] [http-nio-8085-exec-2] o.s.web.servlet.DispatcherServlet        : Completed 401 UNAUTHORIZED
2026-02-16T13:13:13.606+05:30 DEBUG 19252 --- [arihant-grc-tool] [http-nio-8085-exec-4] o.s.web.client.DefaultRestClient         : Writing [{grant_type=[authorization_code], code=[4/0AfrIepC6gVEJy9pHs7tRNIXNyr2SMatWTKLr6i64-qXPpl5m6GThH0zF7WHbk8iQL2mYKw], redirect_uri=[http://localhost:8085/login/oauth2/code/google], code_verifier=[OnbYbd4n6LlcolGH8OpNXEfFQ1ACEYU8RtzZO9lG9Km-rF7ZStvga1Qc5DEWQnjgVGYdbT0aL_dIeZznTYQcL7wXT0iixgu5FYyTOcHvK18jN1T2Z8InvIbZMBrwS0fL]}] as "application/x-www-form-urlencoded" with org.springframework.http.converter.FormHttpMessageConverter
2026-02-16T13:13:14.161+05:30 DEBUG 19252 --- [arihant-grc-tool] [http-nio-8085-exec-4] o.s.web.client.DefaultRestClient         : Reading to [org.springframework.security.oauth2.core.endpoint.OAuth2AccessTokenResponse] as "application/json;charset=utf-8"
2026-02-16T13:13:14.417+05:30 DEBUG 19252 --- [arihant-grc-tool] [http-nio-8085-exec-4] org.springframework.web.HttpLogging      : HTTP GET https://www.googleapis.com/oauth2/v3/certs
2026-02-16T13:13:14.426+05:30 DEBUG 19252 --- [arihant-grc-tool] [http-nio-8085-exec-4] org.springframework.web.HttpLogging      : Accept=[text/plain, application/json, application/*+json, */*]
2026-02-16T13:13:14.467+05:30 DEBUG 19252 --- [arihant-grc-tool] [http-nio-8085-exec-4] org.springframework.web.HttpLogging      : Response 200 OK
2026-02-16T13:13:14.467+05:30 DEBUG 19252 --- [arihant-grc-tool] [http-nio-8085-exec-4] org.springframework.web.HttpLogging      : Reading to [java.lang.String] as "application/json;charset=UTF-8"
2026-02-16T13:13:14.496+05:30 DEBUG 19252 --- [arihant-grc-tool] [http-nio-8085-exec-4] o.s.web.client.RestTemplate              : HTTP GET https://www.googleapis.com/oauth2/v3/userinfo
2026-02-16T13:13:14.496+05:30 DEBUG 19252 --- [arihant-grc-tool] [http-nio-8085-exec-4] o.s.web.client.RestTemplate              : Accept=[application/json, application/*+json]
2026-02-16T13:13:14.593+05:30 DEBUG 19252 --- [arihant-grc-tool] [http-nio-8085-exec-4] o.s.web.client.RestTemplate              : Response 200 OK
2026-02-16T13:13:14.593+05:30 DEBUG 19252 --- [arihant-grc-tool] [http-nio-8085-exec-4] o.s.web.client.RestTemplate              : Reading to [java.util.Map<java.lang.String, java.lang.Object>]
2026-02-16T13:13:15.048+05:30 DEBUG 19252 --- [arihant-grc-tool] [http-nio-8085-exec-5] o.s.web.servlet.DispatcherServlet        : GET "/api/users/v1/auth/me", parameters={}
2026-02-16T13:13:15.050+05:30 DEBUG 19252 --- [arihant-grc-tool] [http-nio-8085-exec-5] s.w.s.m.m.a.RequestMappingHandlerMapping : Mapped to com.grctool.controller.UserController#getCurrentUser(OidcUser)
2026-02-16T13:13:15.051+05:30 DEBUG 19252 --- [arihant-grc-tool] [http-nio-8085-exec-5] o.s.w.s.m.m.a.HttpEntityMethodProcessor  : Using 'application/json', given [*/*] and supported [application/json, application/*+json]
2026-02-16T13:13:15.053+05:30 DEBUG 19252 --- [arihant-grc-tool] [http-nio-8085-exec-5] o.s.w.s.m.m.a.HttpEntityMethodProcessor  : Writing [{role=ADMIN, name=Prathmesh Pawar, email=prathmeshpawar4169@gmail.com, picture=https://lh3.googleuse (truncated)...]
2026-02-16T13:13:15.113+05:30 DEBUG 19252 --- [arihant-grc-tool] [http-nio-8085-exec-5] o.s.web.servlet.DispatcherServlet        : Completed 200 OK
2026-02-16T13:13:15.123+05:30 DEBUG 19252 --- [arihant-grc-tool] [http-nio-8085-exec-10] o.s.web.servlet.DispatcherServlet        : GET "/api/users/v1/auth/me", parameters={}
2026-02-16T13:13:15.124+05:30 DEBUG 19252 --- [arihant-grc-tool] [http-nio-8085-exec-10] s.w.s.m.m.a.RequestMappingHandlerMapping : Mapped to com.grctool.controller.UserController#getCurrentUser(OidcUser)
2026-02-16T13:13:15.126+05:30 DEBUG 19252 --- [arihant-grc-tool] [http-nio-8085-exec-10] o.s.w.s.m.m.a.HttpEntityMethodProcessor  : Using 'application/json', given [*/*] and supported [application/json, application/*+json]
2026-02-16T13:13:15.127+05:30 DEBUG 19252 --- [arihant-grc-tool] [http-nio-8085-exec-10] o.s.w.s.m.m.a.HttpEntityMethodProcessor  : Writing [{role=ADMIN, name=Prathmesh Pawar, email=prathmeshpawar4169@gmail.com, picture=https://lh3.googleuse (truncated)...]
2026-02-16T13:13:15.132+05:30 DEBUG 19252 --- [arihant-grc-tool] [http-nio-8085-exec-10] o.s.web.servlet.DispatcherServlet        : Completed 200 OK
2026-02-16T13:13:47.091+05:30 DEBUG 19252 --- [arihant-grc-tool] [http-nio-8085-exec-1] o.s.web.servlet.DispatcherServlet        : GET "/api/users/v1/auth/me", parameters={}
2026-02-16T13:13:47.092+05:30 DEBUG 19252 --- [arihant-grc-tool] [http-nio-8085-exec-1] s.w.s.m.m.a.RequestMappingHandlerMapping : Mapped to com.grctool.controller.UserController#getCurrentUser(OidcUser)
2026-02-16T13:13:47.093+05:30 DEBUG 19252 --- [arihant-grc-tool] [http-nio-8085-exec-1] o.s.w.s.m.m.a.HttpEntityMethodProcessor  : Using 'application/json', given [*/*] and supported [application/json, application/*+json]
2026-02-16T13:13:47.093+05:30 DEBUG 19252 --- [arihant-grc-tool] [http-nio-8085-exec-1] o.s.w.s.m.m.a.HttpEntityMethodProcessor  : Nothing to write: null body
2026-02-16T13:13:47.093+05:30 DEBUG 19252 --- [arihant-grc-tool] [http-nio-8085-exec-1] o.s.web.servlet.DispatcherServlet        : Completed 401 UNAUTHORIZED
2026-02-16T13:13:56.997+05:30 DEBUG 19252 --- [arihant-grc-tool] [http-nio-8085-exec-6] o.s.web.client.DefaultRestClient         : Writing [{grant_type=[authorization_code], code=[4/0AfrIepBcWaZtQKvgF4EoaezhJq4Eyb2569BbIXQMocUS9iufw_AW-2ybBW8J144XzpYLYA], redirect_uri=[http://localhost:8085/login/oauth2/code/google], code_verifier=[nGoDWUaqOOz57twq4R4ogMfM4LyuQWqblA_YyN9T_QNI4QHNFit5pB57mRXP65fK8mtOWT4kbFS6CwKDvpfToNIwvJaJAme1FwQg1tzorlzqBeTKRkpqmK6w1qgm7Z90]}] as "application/x-www-form-urlencoded" with org.springframework.http.converter.FormHttpMessageConverter
2026-02-16T13:13:57.157+05:30 DEBUG 19252 --- [arihant-grc-tool] [http-nio-8085-exec-6] o.s.web.client.DefaultRestClient         : Reading to [org.springframework.security.oauth2.core.endpoint.OAuth2AccessTokenResponse] as "application/json;charset=utf-8"
2026-02-16T13:13:57.157+05:30 DEBUG 19252 --- [arihant-grc-tool] [http-nio-8085-exec-6] org.springframework.web.HttpLogging      : HTTP GET https://www.googleapis.com/oauth2/v3/certs
2026-02-16T13:13:57.157+05:30 DEBUG 19252 --- [arihant-grc-tool] [http-nio-8085-exec-6] org.springframework.web.HttpLogging      : Accept=[text/plain, application/json, application/*+json, */*]
2026-02-16T13:13:57.206+05:30 DEBUG 19252 --- [arihant-grc-tool] [http-nio-8085-exec-6] org.springframework.web.HttpLogging      : Response 200 OK
2026-02-16T13:13:57.206+05:30 DEBUG 19252 --- [arihant-grc-tool] [http-nio-8085-exec-6] org.springframework.web.HttpLogging      : Reading to [java.lang.String] as "application/json;charset=UTF-8"
2026-02-16T13:13:57.206+05:30 DEBUG 19252 --- [arihant-grc-tool] [http-nio-8085-exec-6] o.s.web.client.RestTemplate              : HTTP GET https://www.googleapis.com/oauth2/v3/userinfo
2026-02-16T13:13:57.206+05:30 DEBUG 19252 --- [arihant-grc-tool] [http-nio-8085-exec-6] o.s.web.client.RestTemplate              : Accept=[application/json, application/*+json]
2026-02-16T13:13:57.324+05:30 DEBUG 19252 --- [arihant-grc-tool] [http-nio-8085-exec-6] o.s.web.client.RestTemplate              : Response 200 OK
2026-02-16T13:13:57.324+05:30 DEBUG 19252 --- [arihant-grc-tool] [http-nio-8085-exec-6] o.s.web.client.RestTemplate              : Reading to [java.util.Map<java.lang.String, java.lang.Object>]
2026-02-16T13:13:57.765+05:30 DEBUG 19252 --- [arihant-grc-tool] [http-nio-8085-exec-4] o.s.web.servlet.DispatcherServlet        : GET "/api/users/v1/auth/me", parameters={}
2026-02-16T13:13:57.766+05:30 DEBUG 19252 --- [arihant-grc-tool] [http-nio-8085-exec-4] s.w.s.m.m.a.RequestMappingHandlerMapping : Mapped to com.grctool.controller.UserController#getCurrentUser(OidcUser)
2026-02-16T13:13:57.767+05:30 DEBUG 19252 --- [arihant-grc-tool] [http-nio-8085-exec-4] o.s.w.s.m.m.a.HttpEntityMethodProcessor  : Using 'application/json', given [*/*] and supported [application/json, application/*+json]
2026-02-16T13:13:57.767+05:30 DEBUG 19252 --- [arihant-grc-tool] [http-nio-8085-exec-4] o.s.w.s.m.m.a.HttpEntityMethodProcessor  : Writing [{role=ADMIN, name=Prathmesh Pawar, email=prathmeshpawar4169@gmail.com, picture=https://lh3.googleuse (truncated)...]
2026-02-16T13:13:57.769+05:30 DEBUG 19252 --- [arihant-grc-tool] [http-nio-8085-exec-4] o.s.web.servlet.DispatcherServlet        : Completed 200 OK
2026-02-16T13:13:57.773+05:30 DEBUG 19252 --- [arihant-grc-tool] [http-nio-8085-exec-5] o.s.web.servlet.DispatcherServlet        : GET "/api/users/v1/auth/me", parameters={}
2026-02-16T13:13:57.776+05:30 DEBUG 19252 --- [arihant-grc-tool] [http-nio-8085-exec-5] s.w.s.m.m.a.RequestMappingHandlerMapping : Mapped to com.grctool.controller.UserController#getCurrentUser(OidcUser)
2026-02-16T13:13:57.777+05:30 DEBUG 19252 --- [arihant-grc-tool] [http-nio-8085-exec-5] o.s.w.s.m.m.a.HttpEntityMethodProcessor  : Using 'application/json', given [*/*] and supported [application/json, application/*+json]
2026-02-16T13:13:57.778+05:30 DEBUG 19252 --- [arihant-grc-tool] [http-nio-8085-exec-5] o.s.w.s.m.m.a.HttpEntityMethodProcessor  : Writing [{role=ADMIN, name=Prathmesh Pawar, email=prathmeshpawar4169@gmail.com, picture=https://lh3.googleuse (truncated)...]
2026-02-16T13:13:57.781+05:30 DEBUG 19252 --- [arihant-grc-tool] [http-nio-8085-exec-5] o.s.web.servlet.DispatcherServlet        : Completed 200 OK
2026-02-16T13:19:39.006+05:30 DEBUG 19252 --- [arihant-grc-tool] [http-nio-8085-exec-9] o.s.web.servlet.DispatcherServlet        : GET "/api/users/v1/auth/me", parameters={}
2026-02-16T13:19:39.007+05:30 DEBUG 19252 --- [arihant-grc-tool] [http-nio-8085-exec-9] s.w.s.m.m.a.RequestMappingHandlerMapping : Mapped to com.grctool.controller.UserController#getCurrentUser(OidcUser)
2026-02-16T13:19:39.008+05:30 DEBUG 19252 --- [arihant-grc-tool] [http-nio-8085-exec-9] o.s.w.s.m.m.a.HttpEntityMethodProcessor  : Using 'application/json', given [*/*] and supported [application/json, application/*+json]
2026-02-16T13:19:39.008+05:30 DEBUG 19252 --- [arihant-grc-tool] [http-nio-8085-exec-9] o.s.w.s.m.m.a.HttpEntityMethodProcessor  : Writing [{role=ADMIN, name=Prathmesh Pawar, email=prathmeshpawar4169@gmail.com, picture=https://lh3.googleuse (truncated)...]
2026-02-16T13:19:39.008+05:30 DEBUG 19252 --- [arihant-grc-tool] [http-nio-8085-exec-9] o.s.web.servlet.DispatcherServlet        : Completed 200 OK
2026-02-16T13:19:39.012+05:30 DEBUG 19252 --- [arihant-grc-tool] [http-nio-8085-exec-3] o.s.web.servlet.DispatcherServlet        : GET "/api/users/v1/auth/me", parameters={}
2026-02-16T13:19:39.012+05:30 DEBUG 19252 --- [arihant-grc-tool] [http-nio-8085-exec-3] s.w.s.m.m.a.RequestMappingHandlerMapping : Mapped to com.grctool.controller.UserController#getCurrentUser(OidcUser)
2026-02-16T13:19:39.012+05:30 DEBUG 19252 --- [arihant-grc-tool] [http-nio-8085-exec-3] o.s.w.s.m.m.a.HttpEntityMethodProcessor  : Using 'application/json', given [*/*] and supported [application/json, application/*+json]
2026-02-16T13:19:39.012+05:30 DEBUG 19252 --- [arihant-grc-tool] [http-nio-8085-exec-3] o.s.w.s.m.m.a.HttpEntityMethodProcessor  : Writing [{role=ADMIN, name=Prathmesh Pawar, email=prathmeshpawar4169@gmail.com, picture=https://lh3.googleuse (truncated)...]
2026-02-16T13:19:39.017+05:30 DEBUG 19252 --- [arihant-grc-tool] [http-nio-8085-exec-3] o.s.web.servlet.DispatcherServlet        : Completed 200 OK
2026-02-16T13:19:39.450+05:30 DEBUG 19252 --- [arihant-grc-tool] [http-nio-8085-exec-1] o.s.web.servlet.DispatcherServlet        : GET "/api/users/v1/auth/me", parameters={}
2026-02-16T13:19:39.450+05:30 DEBUG 19252 --- [arihant-grc-tool] [http-nio-8085-exec-1] s.w.s.m.m.a.RequestMappingHandlerMapping : Mapped to com.grctool.controller.UserController#getCurrentUser(OidcUser)
2026-02-16T13:19:39.450+05:30 DEBUG 19252 --- [arihant-grc-tool] [http-nio-8085-exec-1] o.s.w.s.m.m.a.HttpEntityMethodProcessor  : Using 'application/json', given [*/*] and supported [application/json, application/*+json]
2026-02-16T13:19:39.450+05:30 DEBUG 19252 --- [arihant-grc-tool] [http-nio-8085-exec-1] o.s.w.s.m.m.a.HttpEntityMethodProcessor  : Writing [{role=ADMIN, name=Prathmesh Pawar, email=prathmeshpawar4169@gmail.com, picture=https://lh3.googleuse (truncated)...]
2026-02-16T13:19:39.450+05:30 DEBUG 19252 --- [arihant-grc-tool] [http-nio-8085-exec-1] o.s.web.servlet.DispatcherServlet        : Completed 200 OK
2026-02-16T13:19:39.467+05:30 DEBUG 19252 --- [arihant-grc-tool] [http-nio-8085-exec-2] o.s.web.servlet.DispatcherServlet        : GET "/api/users/v1/auth/me", parameters={}
2026-02-16T13:19:39.467+05:30 DEBUG 19252 --- [arihant-grc-tool] [http-nio-8085-exec-2] s.w.s.m.m.a.RequestMappingHandlerMapping : Mapped to com.grctool.controller.UserController#getCurrentUser(OidcUser)
2026-02-16T13:19:39.467+05:30 DEBUG 19252 --- [arihant-grc-tool] [http-nio-8085-exec-2] o.s.w.s.m.m.a.HttpEntityMethodProcessor  : Using 'application/json', given [*/*] and supported [application/json, application/*+json]
2026-02-16T13:19:39.467+05:30 DEBUG 19252 --- [arihant-grc-tool] [http-nio-8085-exec-2] o.s.w.s.m.m.a.HttpEntityMethodProcessor  : Writing [{role=ADMIN, name=Prathmesh Pawar, email=prathmeshpawar4169@gmail.com, picture=https://lh3.googleuse (truncated)...]
2026-02-16T13:19:39.467+05:30 DEBUG 19252 --- [arihant-grc-tool] [http-nio-8085-exec-2] o.s.web.servlet.DispatcherServlet        : Completed 200 OK
2026-02-16T13:19:47.953+05:30 DEBUG 19252 --- [arihant-grc-tool] [http-nio-8085-exec-6] o.s.web.servlet.DispatcherServlet        : GET "/api/users/v1/auth/me", parameters={}
2026-02-16T13:19:47.954+05:30 DEBUG 19252 --- [arihant-grc-tool] [http-nio-8085-exec-6] s.w.s.m.m.a.RequestMappingHandlerMapping : Mapped to com.grctool.controller.UserController#getCurrentUser(OidcUser)
2026-02-16T13:19:47.955+05:30 DEBUG 19252 --- [arihant-grc-tool] [http-nio-8085-exec-6] o.s.w.s.m.m.a.HttpEntityMethodProcessor  : Using 'application/json', given [*/*] and supported [application/json, application/*+json]
2026-02-16T13:19:47.955+05:30 DEBUG 19252 --- [arihant-grc-tool] [http-nio-8085-exec-6] o.s.w.s.m.m.a.HttpEntityMethodProcessor  : Writing [{role=ADMIN, name=Prathmesh Pawar, email=prathmeshpawar4169@gmail.com, picture=https://lh3.googleuse (truncated)...]
2026-02-16T13:19:47.957+05:30 DEBUG 19252 --- [arihant-grc-tool] [http-nio-8085-exec-6] o.s.web.servlet.DispatcherServlet        : Completed 200 OK
2026-02-16T13:19:47.957+05:30 DEBUG 19252 --- [arihant-grc-tool] [http-nio-8085-exec-4] o.s.web.servlet.DispatcherServlet        : GET "/api/users/v1/auth/me", parameters={}
2026-02-16T13:19:47.957+05:30 DEBUG 19252 --- [arihant-grc-tool] [http-nio-8085-exec-4] s.w.s.m.m.a.RequestMappingHandlerMapping : Mapped to com.grctool.controller.UserController#getCurrentUser(OidcUser)
2026-02-16T13:19:47.957+05:30 DEBUG 19252 --- [arihant-grc-tool] [http-nio-8085-exec-4] o.s.w.s.m.m.a.HttpEntityMethodProcessor  : Using 'application/json', given [*/*] and supported [application/json, application/*+json]
2026-02-16T13:19:47.957+05:30 DEBUG 19252 --- [arihant-grc-tool] [http-nio-8085-exec-4] o.s.w.s.m.m.a.HttpEntityMethodProcessor  : Writing [{role=ADMIN, name=Prathmesh Pawar, email=prathmeshpawar4169@gmail.com, picture=https://lh3.googleuse (truncated)...]
2026-02-16T13:19:47.957+05:30 DEBUG 19252 --- [arihant-grc-tool] [http-nio-8085-exec-4] o.s.web.servlet.DispatcherServlet        : Completed 200 OK
2026-02-16T14:39:57.417+05:30  INFO 8356 --- [arihant-grc-tool] [main] com.grctool.ArihantGrcToolApplication    : Starting ArihantGrcToolApplication using Java 21.0.10 with PID 8356 (D:\Company_Projects\arihant-grc-tool\arihant-grc-tool\target\classes started by prathameshpawar in D:\Company_Projects\arihant-grc-tool\arihant-grc-tool)
2026-02-16T14:39:57.417+05:30  INFO 8356 --- [arihant-grc-tool] [main] com.grctool.ArihantGrcToolApplication    : No active profile set, falling back to 1 default profile: "default"
2026-02-16T14:39:58.518+05:30  INFO 8356 --- [arihant-grc-tool] [main] .s.d.r.c.RepositoryConfigurationDelegate : Bootstrapping Spring Data JPA repositories in DEFAULT mode.
2026-02-16T14:39:58.630+05:30  INFO 8356 --- [arihant-grc-tool] [main] .s.d.r.c.RepositoryConfigurationDelegate : Finished Spring Data repository scanning in 102 ms. Found 11 JPA repository interfaces.
2026-02-16T14:39:59.345+05:30  INFO 8356 --- [arihant-grc-tool] [main] o.s.boot.tomcat.TomcatWebServer          : Tomcat initialized with port 8085 (http)
2026-02-16T14:39:59.361+05:30  INFO 8356 --- [arihant-grc-tool] [main] o.apache.catalina.core.StandardService   : Starting service [Tomcat]
2026-02-16T14:39:59.361+05:30  INFO 8356 --- [arihant-grc-tool] [main] o.apache.catalina.core.StandardEngine    : Starting Servlet engine: [Apache Tomcat/11.0.18]
2026-02-16T14:39:59.469+05:30  INFO 8356 --- [arihant-grc-tool] [main] b.w.c.s.WebApplicationContextInitializer : Root WebApplicationContext: initialization completed in 1969 ms
2026-02-16T14:39:59.647+05:30 DEBUG 8356 --- [arihant-grc-tool] [main] o.s.w.f.ServerHttpObservationFilter      : Filter 'webMvcObservationFilter' configured for use
2026-02-16T14:39:59.647+05:30 DEBUG 8356 --- [arihant-grc-tool] [main] o.springframework.web.filter.CorsFilter  : Filter 'corsFilter' configured for use
2026-02-16T14:40:00.051+05:30  INFO 8356 --- [arihant-grc-tool] [main] com.zaxxer.hikari.HikariDataSource       : HikariPool-1 - Starting...
2026-02-16T14:40:00.295+05:30  INFO 8356 --- [arihant-grc-tool] [main] com.zaxxer.hikari.pool.HikariPool        : HikariPool-1 - Added connection org.postgresql.jdbc.PgConnection@324e8baa
2026-02-16T14:40:00.295+05:30  INFO 8356 --- [arihant-grc-tool] [main] com.zaxxer.hikari.HikariDataSource       : HikariPool-1 - Start completed.
2026-02-16T14:40:00.311+05:30  INFO 8356 --- [arihant-grc-tool] [main] org.flywaydb.core.FlywayExecutor         : Database: jdbc:postgresql://localhost:5432/grc_db (PostgreSQL 18.1)
2026-02-16T14:40:00.342+05:30  INFO 8356 --- [arihant-grc-tool] [main] o.f.c.i.resource.ResourceNameValidator   : 1 SQL migrations were detected but not run because they did not follow the filename convention.
2026-02-16T14:40:00.342+05:30  INFO 8356 --- [arihant-grc-tool] [main] o.f.c.i.resource.ResourceNameValidator   : Set 'validateMigrationNaming' to true to fail fast and see a list of the invalid file names.
2026-02-16T14:40:00.453+05:30  INFO 8356 --- [arihant-grc-tool] [main] o.f.core.internal.command.DbValidate     : Successfully validated 18 migrations (execution time 00:00.061s)
2026-02-16T14:40:00.516+05:30  INFO 8356 --- [arihant-grc-tool] [main] o.f.core.internal.command.DbMigrate      : Current version of schema "public": 19
2026-02-16T14:40:00.516+05:30  WARN 8356 --- [arihant-grc-tool] [main] o.f.core.internal.command.DbMigrate      : outOfOrder mode is active. Migration of schema "public" may not be reproducible.
2026-02-16T14:40:00.516+05:30  INFO 8356 --- [arihant-grc-tool] [main] o.f.core.internal.command.DbMigrate      : Schema "public" is up to date. No migration necessary.
2026-02-16T14:40:01.373+05:30  INFO 8356 --- [arihant-grc-tool] [main] o.s.o.j.p.SpringPersistenceUnitInfo      : No LoadTimeWeaver setup: ignoring JPA class transformer
2026-02-16T14:40:03.045+05:30  INFO 8356 --- [arihant-grc-tool] [main] j.LocalContainerEntityManagerFactoryBean : Initialized JPA EntityManagerFactory for persistence unit 'default'
2026-02-16T14:40:03.133+05:30  INFO 8356 --- [arihant-grc-tool] [main] o.s.d.j.r.query.QueryEnhancerFactories   : Hibernate is in classpath; If applicable, HQL parser will be used.
2026-02-16T14:40:04.624+05:30  WARN 8356 --- [arihant-grc-tool] [main] JpaBaseConfiguration$JpaWebConfiguration : spring.jpa.open-in-view is enabled by default. Therefore, database queries may be performed during view rendering. Explicitly configure spring.jpa.open-in-view to disable this warning
2026-02-16T14:40:05.069+05:30 DEBUG 8356 --- [arihant-grc-tool] [main] s.w.s.m.m.a.RequestMappingHandlerMapping : 40 mappings in 'requestMappingHandlerMapping'
2026-02-16T14:40:05.102+05:30 DEBUG 8356 --- [arihant-grc-tool] [main] o.s.w.s.handler.SimpleUrlHandlerMapping  : Patterns [/webjars/**, /**] in 'resourceHandlerMapping'
2026-02-16T14:40:05.131+05:30 DEBUG 8356 --- [arihant-grc-tool] [main] s.w.s.m.m.a.RequestMappingHandlerAdapter : ControllerAdvice beans: 0 @ModelAttribute, 0 @InitBinder, 2 RequestBodyAdvice, 1 ResponseBodyAdvice
2026-02-16T14:40:05.201+05:30 DEBUG 8356 --- [arihant-grc-tool] [main] .m.m.a.ExceptionHandlerExceptionResolver : ControllerAdvice beans: 1 @ExceptionHandler, 1 ResponseBodyAdvice
2026-02-16T14:40:05.385+05:30  INFO 8356 --- [arihant-grc-tool] [main] o.s.b.a.e.web.EndpointLinksResolver      : Exposing 1 endpoint beneath base path '/actuator'
2026-02-16T14:40:05.465+05:30  INFO 8356 --- [arihant-grc-tool] [main] o.s.boot.tomcat.TomcatWebServer          : Tomcat started on port 8085 (http) with context path '/'
2026-02-16T14:40:05.481+05:30  INFO 8356 --- [arihant-grc-tool] [main] com.grctool.ArihantGrcToolApplication    : Started ArihantGrcToolApplication in 8.761 seconds (process running for 9.264)
2026-02-16T14:40:21.384+05:30  INFO 8356 --- [arihant-grc-tool] [http-nio-8085-exec-1] o.a.c.c.C.[Tomcat].[localhost].[/]       : Initializing Spring DispatcherServlet 'dispatcherServlet'
2026-02-16T14:40:21.384+05:30  INFO 8356 --- [arihant-grc-tool] [http-nio-8085-exec-1] o.s.web.servlet.DispatcherServlet        : Initializing Servlet 'dispatcherServlet'
2026-02-16T14:40:21.384+05:30 DEBUG 8356 --- [arihant-grc-tool] [http-nio-8085-exec-1] o.s.web.servlet.DispatcherServlet        : Detected StandardServletMultipartResolver
2026-02-16T14:40:21.384+05:30 DEBUG 8356 --- [arihant-grc-tool] [http-nio-8085-exec-1] o.s.web.servlet.DispatcherServlet        : Detected AcceptHeaderLocaleResolver
2026-02-16T14:40:21.384+05:30 DEBUG 8356 --- [arihant-grc-tool] [http-nio-8085-exec-1] o.s.web.servlet.DispatcherServlet        : Detected org.springframework.web.servlet.view.DefaultRequestToViewNameTranslator@24c036b7
2026-02-16T14:40:21.390+05:30 DEBUG 8356 --- [arihant-grc-tool] [http-nio-8085-exec-1] o.s.web.servlet.DispatcherServlet        : Detected org.springframework.web.servlet.support.SessionFlashMapManager@4d34baec
2026-02-16T14:40:21.390+05:30 DEBUG 8356 --- [arihant-grc-tool] [http-nio-8085-exec-1] o.s.web.servlet.DispatcherServlet        : enableLoggingRequestDetails='false': request parameters and headers will be masked to prevent unsafe logging of potentially sensitive data
2026-02-16T14:40:21.390+05:30  INFO 8356 --- [arihant-grc-tool] [http-nio-8085-exec-1] o.s.web.servlet.DispatcherServlet        : Completed initialization in 6 ms
2026-02-16T14:40:54.482+05:30 DEBUG 8356 --- [arihant-grc-tool] [http-nio-8085-exec-3] o.s.web.client.DefaultRestClient         : Writing [{grant_type=[authorization_code], code=[4/0AfrIepDKSDEr_7KW_CrUjhSbGOXIgNFTJS_qOBRF27GEj9aEkk9VYn6bZWtCim6VUgRPsA], redirect_uri=[http://localhost:8085/login/oauth2/code/google], code_verifier=[uA_CVvEY1DwyGeOiiqVAamOeEEfNJKhZZjgTnHHwfOwV8YNIWshVWKjL3Q2BvYnMBOjaeZwC7M8p4OdsF58BO05GrCAPjpdW0aw4uDtd_PGjcRwEzLfMxjDE9szAfgwx]}] as "application/x-www-form-urlencoded" with org.springframework.http.converter.FormHttpMessageConverter
2026-02-16T14:40:55.448+05:30 DEBUG 8356 --- [arihant-grc-tool] [http-nio-8085-exec-3] o.s.web.client.DefaultRestClient         : Reading to [org.springframework.security.oauth2.core.endpoint.OAuth2AccessTokenResponse] as "application/json;charset=utf-8"
2026-02-16T14:40:55.930+05:30 DEBUG 8356 --- [arihant-grc-tool] [http-nio-8085-exec-3] org.springframework.web.HttpLogging      : HTTP GET https://www.googleapis.com/oauth2/v3/certs
2026-02-16T14:40:55.930+05:30 DEBUG 8356 --- [arihant-grc-tool] [http-nio-8085-exec-3] org.springframework.web.HttpLogging      : Accept=[text/plain, application/json, application/*+json, */*]
2026-02-16T14:40:55.997+05:30 DEBUG 8356 --- [arihant-grc-tool] [http-nio-8085-exec-3] org.springframework.web.HttpLogging      : Response 200 OK
2026-02-16T14:40:55.997+05:30 DEBUG 8356 --- [arihant-grc-tool] [http-nio-8085-exec-3] org.springframework.web.HttpLogging      : Reading to [java.lang.String] as "application/json;charset=UTF-8"
2026-02-16T14:40:56.048+05:30 DEBUG 8356 --- [arihant-grc-tool] [http-nio-8085-exec-3] o.s.web.client.RestTemplate              : HTTP GET https://www.googleapis.com/oauth2/v3/userinfo
2026-02-16T14:40:56.048+05:30 DEBUG 8356 --- [arihant-grc-tool] [http-nio-8085-exec-3] o.s.web.client.RestTemplate              : Accept=[application/json, application/*+json]
2026-02-16T14:40:56.162+05:30 DEBUG 8356 --- [arihant-grc-tool] [http-nio-8085-exec-3] o.s.web.client.RestTemplate              : Response 200 OK
2026-02-16T14:40:56.162+05:30 DEBUG 8356 --- [arihant-grc-tool] [http-nio-8085-exec-3] o.s.web.client.RestTemplate              : Reading to [java.util.Map<java.lang.String, java.lang.Object>]
2026-02-16T14:40:56.686+05:30 DEBUG 8356 --- [arihant-grc-tool] [http-nio-8085-exec-5] o.s.web.servlet.DispatcherServlet        : GET "/api/users/v1/auth/me", parameters={}
2026-02-16T14:40:56.701+05:30 DEBUG 8356 --- [arihant-grc-tool] [http-nio-8085-exec-5] s.w.s.m.m.a.RequestMappingHandlerMapping : Mapped to com.grctool.controller.UserController#getCurrentUser(OidcUser)
2026-02-16T14:40:56.758+05:30 DEBUG 8356 --- [arihant-grc-tool] [http-nio-8085-exec-5] o.s.w.s.m.m.a.HttpEntityMethodProcessor  : Using 'application/json', given [*/*] and supported [application/json, application/*+json]
2026-02-16T14:40:56.758+05:30 DEBUG 8356 --- [arihant-grc-tool] [http-nio-8085-exec-5] o.s.w.s.m.m.a.HttpEntityMethodProcessor  : Writing [{role=ADMIN, name=Prathmesh Pawar, email=prathmeshpawar4169@gmail.com, picture=https://lh3.googleuse (truncated)...]
2026-02-16T14:40:56.822+05:30 DEBUG 8356 --- [arihant-grc-tool] [http-nio-8085-exec-5] o.s.web.servlet.DispatcherServlet        : Completed 200 OK
2026-02-16T14:40:56.839+05:30 DEBUG 8356 --- [arihant-grc-tool] [http-nio-8085-exec-6] o.s.web.servlet.DispatcherServlet        : GET "/api/users/v1/auth/me", parameters={}
2026-02-16T14:40:56.839+05:30 DEBUG 8356 --- [arihant-grc-tool] [http-nio-8085-exec-6] s.w.s.m.m.a.RequestMappingHandlerMapping : Mapped to com.grctool.controller.UserController#getCurrentUser(OidcUser)
2026-02-16T14:40:56.839+05:30 DEBUG 8356 --- [arihant-grc-tool] [http-nio-8085-exec-6] o.s.w.s.m.m.a.HttpEntityMethodProcessor  : Using 'application/json', given [*/*] and supported [application/json, application/*+json]
2026-02-16T14:40:56.839+05:30 DEBUG 8356 --- [arihant-grc-tool] [http-nio-8085-exec-6] o.s.w.s.m.m.a.HttpEntityMethodProcessor  : Writing [{role=ADMIN, name=Prathmesh Pawar, email=prathmeshpawar4169@gmail.com, picture=https://lh3.googleuse (truncated)...]
2026-02-16T14:40:56.839+05:30 DEBUG 8356 --- [arihant-grc-tool] [http-nio-8085-exec-6] o.s.web.servlet.DispatcherServlet        : Completed 200 OK
2026-02-16T14:43:55.183+05:30  INFO 8356 --- [arihant-grc-tool] [SpringApplicationShutdownHook] o.s.boot.tomcat.GracefulShutdown         : Commencing graceful shutdown. Waiting for active requests to complete
2026-02-16T14:43:55.194+05:30  INFO 8356 --- [arihant-grc-tool] [tomcat-shutdown] o.s.boot.tomcat.GracefulShutdown         : Graceful shutdown complete
2026-02-16T14:43:55.201+05:30  INFO 8356 --- [arihant-grc-tool] [SpringApplicationShutdownHook] j.LocalContainerEntityManagerFactoryBean : Closing JPA EntityManagerFactory for persistence unit 'default'
2026-02-16T14:43:55.201+05:30  INFO 8356 --- [arihant-grc-tool] [SpringApplicationShutdownHook] com.zaxxer.hikari.HikariDataSource       : HikariPool-1 - Shutdown initiated...
2026-02-16T14:43:55.215+05:30  INFO 8356 --- [arihant-grc-tool] [SpringApplicationShutdownHook] com.zaxxer.hikari.HikariDataSource       : HikariPool-1 - Shutdown completed.
2026-02-16T15:02:15.314+05:30  INFO 4932 --- [arihant-grc-tool] [main] com.grctool.ArihantGrcToolApplication    : Starting ArihantGrcToolApplication using Java 21.0.10 with PID 4932 (D:\Company_Projects\arihant-grc-tool\arihant-grc-tool\target\classes started by prathameshpawar in D:\Company_Projects\arihant-grc-tool\arihant-grc-tool)
2026-02-16T15:02:15.327+05:30  INFO 4932 --- [arihant-grc-tool] [main] com.grctool.ArihantGrcToolApplication    : No active profile set, falling back to 1 default profile: "default"
2026-02-16T15:02:16.433+05:30  INFO 4932 --- [arihant-grc-tool] [main] .s.d.r.c.RepositoryConfigurationDelegate : Bootstrapping Spring Data JPA repositories in DEFAULT mode.
2026-02-16T15:02:16.576+05:30  INFO 4932 --- [arihant-grc-tool] [main] .s.d.r.c.RepositoryConfigurationDelegate : Finished Spring Data repository scanning in 118 ms. Found 11 JPA repository interfaces.
2026-02-16T15:02:17.306+05:30  INFO 4932 --- [arihant-grc-tool] [main] o.s.boot.tomcat.TomcatWebServer          : Tomcat initialized with port 8085 (http)
2026-02-16T15:02:17.322+05:30  INFO 4932 --- [arihant-grc-tool] [main] o.apache.catalina.core.StandardService   : Starting service [Tomcat]
2026-02-16T15:02:17.322+05:30  INFO 4932 --- [arihant-grc-tool] [main] o.apache.catalina.core.StandardEngine    : Starting Servlet engine: [Apache Tomcat/11.0.18]
2026-02-16T15:02:17.402+05:30  INFO 4932 --- [arihant-grc-tool] [main] b.w.c.s.WebApplicationContextInitializer : Root WebApplicationContext: initialization completed in 2000 ms
2026-02-16T15:02:17.579+05:30 DEBUG 4932 --- [arihant-grc-tool] [main] o.s.w.f.ServerHttpObservationFilter      : Filter 'webMvcObservationFilter' configured for use
2026-02-16T15:02:17.579+05:30 DEBUG 4932 --- [arihant-grc-tool] [main] o.springframework.web.filter.CorsFilter  : Filter 'corsFilter' configured for use
2026-02-16T15:02:17.980+05:30  INFO 4932 --- [arihant-grc-tool] [main] com.zaxxer.hikari.HikariDataSource       : HikariPool-1 - Starting...
2026-02-16T15:02:18.220+05:30  INFO 4932 --- [arihant-grc-tool] [main] com.zaxxer.hikari.pool.HikariPool        : HikariPool-1 - Added connection org.postgresql.jdbc.PgConnection@324e8baa
2026-02-16T15:02:18.225+05:30  INFO 4932 --- [arihant-grc-tool] [main] com.zaxxer.hikari.HikariDataSource       : HikariPool-1 - Start completed.
2026-02-16T15:02:18.247+05:30  INFO 4932 --- [arihant-grc-tool] [main] org.flywaydb.core.FlywayExecutor         : Database: jdbc:postgresql://localhost:5432/grc_db (PostgreSQL 18.1)
2026-02-16T15:02:18.279+05:30  INFO 4932 --- [arihant-grc-tool] [main] o.f.c.i.resource.ResourceNameValidator   : 1 SQL migrations were detected but not run because they did not follow the filename convention.
2026-02-16T15:02:18.279+05:30  INFO 4932 --- [arihant-grc-tool] [main] o.f.c.i.resource.ResourceNameValidator   : Set 'validateMigrationNaming' to true to fail fast and see a list of the invalid file names.
2026-02-16T15:02:18.390+05:30  INFO 4932 --- [arihant-grc-tool] [main] o.f.core.internal.command.DbValidate     : Successfully validated 19 migrations (execution time 00:00.063s)
2026-02-16T15:02:18.438+05:30  INFO 4932 --- [arihant-grc-tool] [main] o.f.core.internal.command.DbMigrate      : Current version of schema "public": 19
2026-02-16T15:02:18.438+05:30  WARN 4932 --- [arihant-grc-tool] [main] o.f.core.internal.command.DbMigrate      : outOfOrder mode is active. Migration of schema "public" may not be reproducible.
2026-02-16T15:02:18.468+05:30  INFO 4932 --- [arihant-grc-tool] [main] o.f.core.internal.command.DbMigrate      : Migrating schema "public" to version "20 - add user photo column"
2026-02-16T15:02:18.505+05:30  INFO 4932 --- [arihant-grc-tool] [main] o.f.core.internal.command.DbMigrate      : Successfully applied 1 migration to schema "public", now at version v20 (execution time 00:00.019s)
2026-02-16T15:02:19.384+05:30  INFO 4932 --- [arihant-grc-tool] [main] o.s.o.j.p.SpringPersistenceUnitInfo      : No LoadTimeWeaver setup: ignoring JPA class transformer
2026-02-16T15:02:21.202+05:30  INFO 4932 --- [arihant-grc-tool] [main] j.LocalContainerEntityManagerFactoryBean : Initialized JPA EntityManagerFactory for persistence unit 'default'
2026-02-16T15:02:21.299+05:30  INFO 4932 --- [arihant-grc-tool] [main] o.s.d.j.r.query.QueryEnhancerFactories   : Hibernate is in classpath; If applicable, HQL parser will be used.
2026-02-16T15:02:22.665+05:30  WARN 4932 --- [arihant-grc-tool] [main] JpaBaseConfiguration$JpaWebConfiguration : spring.jpa.open-in-view is enabled by default. Therefore, database queries may be performed during view rendering. Explicitly configure spring.jpa.open-in-view to disable this warning
2026-02-16T15:02:23.174+05:30 DEBUG 4932 --- [arihant-grc-tool] [main] s.w.s.m.m.a.RequestMappingHandlerMapping : 40 mappings in 'requestMappingHandlerMapping'
2026-02-16T15:02:23.204+05:30 DEBUG 4932 --- [arihant-grc-tool] [main] o.s.w.s.handler.SimpleUrlHandlerMapping  : Patterns [/webjars/**, /**] in 'resourceHandlerMapping'
2026-02-16T15:02:23.237+05:30 DEBUG 4932 --- [arihant-grc-tool] [main] s.w.s.m.m.a.RequestMappingHandlerAdapter : ControllerAdvice beans: 0 @ModelAttribute, 0 @InitBinder, 2 RequestBodyAdvice, 1 ResponseBodyAdvice
2026-02-16T15:02:23.289+05:30 DEBUG 4932 --- [arihant-grc-tool] [main] .m.m.a.ExceptionHandlerExceptionResolver : ControllerAdvice beans: 1 @ExceptionHandler, 1 ResponseBodyAdvice
2026-02-16T15:02:23.483+05:30  INFO 4932 --- [arihant-grc-tool] [main] o.s.b.a.e.web.EndpointLinksResolver      : Exposing 1 endpoint beneath base path '/actuator'
2026-02-16T15:02:23.572+05:30  INFO 4932 --- [arihant-grc-tool] [main] o.s.boot.tomcat.TomcatWebServer          : Tomcat started on port 8085 (http) with context path '/'
2026-02-16T15:02:23.586+05:30  INFO 4932 --- [arihant-grc-tool] [main] com.grctool.ArihantGrcToolApplication    : Started ArihantGrcToolApplication in 8.997 seconds (process running for 9.571)
2026-02-16T15:02:33.687+05:30  INFO 4932 --- [arihant-grc-tool] [http-nio-8085-exec-1] o.a.c.c.C.[Tomcat].[localhost].[/]       : Initializing Spring DispatcherServlet 'dispatcherServlet'
2026-02-16T15:02:33.687+05:30  INFO 4932 --- [arihant-grc-tool] [http-nio-8085-exec-1] o.s.web.servlet.DispatcherServlet        : Initializing Servlet 'dispatcherServlet'
2026-02-16T15:02:33.690+05:30 DEBUG 4932 --- [arihant-grc-tool] [http-nio-8085-exec-1] o.s.web.servlet.DispatcherServlet        : Detected StandardServletMultipartResolver
2026-02-16T15:02:33.690+05:30 DEBUG 4932 --- [arihant-grc-tool] [http-nio-8085-exec-1] o.s.web.servlet.DispatcherServlet        : Detected AcceptHeaderLocaleResolver
2026-02-16T15:02:33.690+05:30 DEBUG 4932 --- [arihant-grc-tool] [http-nio-8085-exec-1] o.s.web.servlet.DispatcherServlet        : Detected org.springframework.web.servlet.view.DefaultRequestToViewNameTranslator@3fe8a255
2026-02-16T15:02:33.690+05:30 DEBUG 4932 --- [arihant-grc-tool] [http-nio-8085-exec-1] o.s.web.servlet.DispatcherServlet        : Detected org.springframework.web.servlet.support.SessionFlashMapManager@37a907cb
2026-02-16T15:02:33.690+05:30 DEBUG 4932 --- [arihant-grc-tool] [http-nio-8085-exec-1] o.s.web.servlet.DispatcherServlet        : enableLoggingRequestDetails='false': request parameters and headers will be masked to prevent unsafe logging of potentially sensitive data
2026-02-16T15:02:33.690+05:30  INFO 4932 --- [arihant-grc-tool] [http-nio-8085-exec-1] o.s.web.servlet.DispatcherServlet        : Completed initialization in 3 ms
2026-02-16T15:02:33.917+05:30 DEBUG 4932 --- [arihant-grc-tool] [http-nio-8085-exec-1] o.s.web.servlet.DispatcherServlet        : GET "/api/users/v1/auth/me", parameters={}
2026-02-16T15:02:33.929+05:30 DEBUG 4932 --- [arihant-grc-tool] [http-nio-8085-exec-1] s.w.s.m.m.a.RequestMappingHandlerMapping : Mapped to com.grctool.controller.UserController#getCurrentUser(OidcUser)
2026-02-16T15:02:34.009+05:30 DEBUG 4932 --- [arihant-grc-tool] [http-nio-8085-exec-1] o.s.w.s.m.m.a.HttpEntityMethodProcessor  : Using 'application/json', given [*/*] and supported [application/json, application/*+json]
2026-02-16T15:02:34.009+05:30 DEBUG 4932 --- [arihant-grc-tool] [http-nio-8085-exec-1] o.s.w.s.m.m.a.HttpEntityMethodProcessor  : Nothing to write: null body
2026-02-16T15:02:34.015+05:30 DEBUG 4932 --- [arihant-grc-tool] [http-nio-8085-exec-1] o.s.web.servlet.DispatcherServlet        : Completed 401 UNAUTHORIZED
2026-02-16T15:02:34.032+05:30 DEBUG 4932 --- [arihant-grc-tool] [http-nio-8085-exec-1] o.s.web.servlet.DispatcherServlet        : GET "/api/users/v1/auth/me", parameters={}
2026-02-16T15:02:34.032+05:30 DEBUG 4932 --- [arihant-grc-tool] [http-nio-8085-exec-1] s.w.s.m.m.a.RequestMappingHandlerMapping : Mapped to com.grctool.controller.UserController#getCurrentUser(OidcUser)
2026-02-16T15:02:34.032+05:30 DEBUG 4932 --- [arihant-grc-tool] [http-nio-8085-exec-1] o.s.w.s.m.m.a.HttpEntityMethodProcessor  : Using 'application/json', given [*/*] and supported [application/json, application/*+json]
2026-02-16T15:02:34.032+05:30 DEBUG 4932 --- [arihant-grc-tool] [http-nio-8085-exec-1] o.s.w.s.m.m.a.HttpEntityMethodProcessor  : Nothing to write: null body
2026-02-16T15:02:34.032+05:30 DEBUG 4932 --- [arihant-grc-tool] [http-nio-8085-exec-1] o.s.web.servlet.DispatcherServlet        : Completed 401 UNAUTHORIZED
2026-02-16T15:02:40.068+05:30 DEBUG 4932 --- [arihant-grc-tool] [http-nio-8085-exec-7] o.s.web.client.DefaultRestClient         : Writing [{grant_type=[authorization_code], code=[4/0AfrIepC3hT-aW9S3pKMYj-TZeDwuz5hrcQj_yL8b-LQ18D-Q3S25g2DdBnAQ2fXqBrPjFA], redirect_uri=[http://localhost:8085/login/oauth2/code/google], code_verifier=[PQPnZ389ZV7vawpTvxywSw0yfm7OiNwUqo5naaFV3iNvg0oqtBn7uH5Qs9BohU1vqZeyV-V2nKHdugBz11QiBY0zVeS5D7CDoKtyvQwq4N2guoocnQHNQ6T844wA-SQm]}] as "application/x-www-form-urlencoded" with org.springframework.http.converter.FormHttpMessageConverter
2026-02-16T15:02:40.899+05:30 DEBUG 4932 --- [arihant-grc-tool] [http-nio-8085-exec-7] o.s.web.client.DefaultRestClient         : Reading to [org.springframework.security.oauth2.core.endpoint.OAuth2AccessTokenResponse] as "application/json;charset=utf-8"
2026-02-16T15:02:41.375+05:30 DEBUG 4932 --- [arihant-grc-tool] [http-nio-8085-exec-7] org.springframework.web.HttpLogging      : HTTP GET https://www.googleapis.com/oauth2/v3/certs
2026-02-16T15:02:41.384+05:30 DEBUG 4932 --- [arihant-grc-tool] [http-nio-8085-exec-7] org.springframework.web.HttpLogging      : Accept=[text/plain, application/json, application/*+json, */*]
2026-02-16T15:02:41.467+05:30 DEBUG 4932 --- [arihant-grc-tool] [http-nio-8085-exec-7] org.springframework.web.HttpLogging      : Response 200 OK
2026-02-16T15:02:41.467+05:30 DEBUG 4932 --- [arihant-grc-tool] [http-nio-8085-exec-7] org.springframework.web.HttpLogging      : Reading to [java.lang.String] as "application/json;charset=UTF-8"
2026-02-16T15:02:41.516+05:30 DEBUG 4932 --- [arihant-grc-tool] [http-nio-8085-exec-7] o.s.web.client.RestTemplate              : HTTP GET https://www.googleapis.com/oauth2/v3/userinfo
2026-02-16T15:02:41.527+05:30 DEBUG 4932 --- [arihant-grc-tool] [http-nio-8085-exec-7] o.s.web.client.RestTemplate              : Accept=[application/json, application/*+json]
2026-02-16T15:02:41.617+05:30 DEBUG 4932 --- [arihant-grc-tool] [http-nio-8085-exec-7] o.s.web.client.RestTemplate              : Response 200 OK
2026-02-16T15:02:41.630+05:30 DEBUG 4932 --- [arihant-grc-tool] [http-nio-8085-exec-7] o.s.web.client.RestTemplate              : Reading to [java.util.Map<java.lang.String, java.lang.Object>]
2026-02-16T15:02:42.072+05:30 DEBUG 4932 --- [arihant-grc-tool] [http-nio-8085-exec-2] o.s.web.servlet.DispatcherServlet        : GET "/api/users/v1/auth/me", parameters={}
2026-02-16T15:02:42.082+05:30 DEBUG 4932 --- [arihant-grc-tool] [http-nio-8085-exec-2] s.w.s.m.m.a.RequestMappingHandlerMapping : Mapped to com.grctool.controller.UserController#getCurrentUser(OidcUser)
2026-02-16T15:02:42.082+05:30 DEBUG 4932 --- [arihant-grc-tool] [http-nio-8085-exec-2] o.s.w.s.m.m.a.HttpEntityMethodProcessor  : Using 'application/json', given [*/*] and supported [application/json, application/*+json]
2026-02-16T15:02:42.082+05:30 DEBUG 4932 --- [arihant-grc-tool] [http-nio-8085-exec-2] o.s.w.s.m.m.a.HttpEntityMethodProcessor  : Writing [{role=ADMIN, name=Prathmesh Pawar, email=prathmeshpawar4169@gmail.com, picture=https://lh3.googleuse (truncated)...]
2026-02-16T15:02:42.147+05:30 DEBUG 4932 --- [arihant-grc-tool] [http-nio-8085-exec-2] o.s.web.servlet.DispatcherServlet        : Completed 200 OK
2026-02-16T15:02:42.164+05:30 DEBUG 4932 --- [arihant-grc-tool] [http-nio-8085-exec-5] o.s.web.servlet.DispatcherServlet        : GET "/api/users/v1/auth/me", parameters={}
2026-02-16T15:02:42.166+05:30 DEBUG 4932 --- [arihant-grc-tool] [http-nio-8085-exec-5] s.w.s.m.m.a.RequestMappingHandlerMapping : Mapped to com.grctool.controller.UserController#getCurrentUser(OidcUser)
2026-02-16T15:02:42.167+05:30 DEBUG 4932 --- [arihant-grc-tool] [http-nio-8085-exec-5] o.s.w.s.m.m.a.HttpEntityMethodProcessor  : Using 'application/json', given [*/*] and supported [application/json, application/*+json]
2026-02-16T15:02:42.169+05:30 DEBUG 4932 --- [arihant-grc-tool] [http-nio-8085-exec-5] o.s.w.s.m.m.a.HttpEntityMethodProcessor  : Writing [{role=ADMIN, name=Prathmesh Pawar, email=prathmeshpawar4169@gmail.com, picture=https://lh3.googleuse (truncated)...]
2026-02-16T15:02:42.170+05:30 DEBUG 4932 --- [arihant-grc-tool] [http-nio-8085-exec-5] o.s.web.servlet.DispatcherServlet        : Completed 200 OK
2026-02-16T15:03:07.528+05:30 DEBUG 4932 --- [arihant-grc-tool] [http-nio-8085-exec-6] o.s.web.servlet.DispatcherServlet        : GET "/api/users/v1/auth/me", parameters={}
2026-02-16T15:03:07.530+05:30 DEBUG 4932 --- [arihant-grc-tool] [http-nio-8085-exec-6] s.w.s.m.m.a.RequestMappingHandlerMapping : Mapped to com.grctool.controller.UserController#getCurrentUser(OidcUser)
2026-02-16T15:03:07.532+05:30 DEBUG 4932 --- [arihant-grc-tool] [http-nio-8085-exec-6] o.s.w.s.m.m.a.HttpEntityMethodProcessor  : Using 'application/json', given [*/*] and supported [application/json, application/*+json]
2026-02-16T15:03:07.532+05:30 DEBUG 4932 --- [arihant-grc-tool] [http-nio-8085-exec-6] o.s.w.s.m.m.a.HttpEntityMethodProcessor  : Writing [{role=ADMIN, name=Prathmesh Pawar, email=prathmeshpawar4169@gmail.com, picture=https://lh3.googleuse (truncated)...]
2026-02-16T15:03:07.536+05:30 DEBUG 4932 --- [arihant-grc-tool] [http-nio-8085-exec-6] o.s.web.servlet.DispatcherServlet        : Completed 200 OK
2026-02-16T15:03:07.540+05:30 DEBUG 4932 --- [arihant-grc-tool] [http-nio-8085-exec-4] o.s.web.servlet.DispatcherServlet        : GET "/api/users/v1/auth/me", parameters={}
2026-02-16T15:03:07.540+05:30 DEBUG 4932 --- [arihant-grc-tool] [http-nio-8085-exec-4] s.w.s.m.m.a.RequestMappingHandlerMapping : Mapped to com.grctool.controller.UserController#getCurrentUser(OidcUser)
2026-02-16T15:03:07.544+05:30 DEBUG 4932 --- [arihant-grc-tool] [http-nio-8085-exec-4] o.s.w.s.m.m.a.HttpEntityMethodProcessor  : Using 'application/json', given [*/*] and supported [application/json, application/*+json]
2026-02-16T15:03:07.546+05:30 DEBUG 4932 --- [arihant-grc-tool] [http-nio-8085-exec-4] o.s.w.s.m.m.a.HttpEntityMethodProcessor  : Writing [{role=ADMIN, name=Prathmesh Pawar, email=prathmeshpawar4169@gmail.com, picture=https://lh3.googleuse (truncated)...]
2026-02-16T15:03:07.548+05:30 DEBUG 4932 --- [arihant-grc-tool] [http-nio-8085-exec-4] o.s.web.servlet.DispatcherServlet        : Completed 200 OK
2026-02-16T15:14:26.672+05:30 DEBUG 4932 --- [arihant-grc-tool] [http-nio-8085-exec-3] o.s.web.servlet.DispatcherServlet        : GET "/api/users/v1/auth/me", parameters={}
2026-02-16T15:14:26.679+05:30 DEBUG 4932 --- [arihant-grc-tool] [http-nio-8085-exec-3] s.w.s.m.m.a.RequestMappingHandlerMapping : Mapped to com.grctool.controller.UserController#getCurrentUser(OidcUser)
2026-02-16T15:14:26.684+05:30 DEBUG 4932 --- [arihant-grc-tool] [http-nio-8085-exec-3] o.s.w.s.m.m.a.HttpEntityMethodProcessor  : Using 'application/json', given [*/*] and supported [application/json, application/*+json]
2026-02-16T15:14:26.690+05:30 DEBUG 4932 --- [arihant-grc-tool] [http-nio-8085-exec-3] o.s.w.s.m.m.a.HttpEntityMethodProcessor  : Writing [{role=ADMIN, name=Prathmesh Pawar, email=prathmeshpawar4169@gmail.com, picture=https://lh3.googleuse (truncated)...]
2026-02-16T15:14:26.730+05:30 DEBUG 4932 --- [arihant-grc-tool] [http-nio-8085-exec-3] o.s.web.servlet.DispatcherServlet        : Completed 200 OK
2026-02-16T15:14:26.740+05:30 DEBUG 4932 --- [arihant-grc-tool] [http-nio-8085-exec-7] o.s.web.servlet.DispatcherServlet        : GET "/api/users/v1/auth/me", parameters={}
2026-02-16T15:14:26.750+05:30 DEBUG 4932 --- [arihant-grc-tool] [http-nio-8085-exec-7] s.w.s.m.m.a.RequestMappingHandlerMapping : Mapped to com.grctool.controller.UserController#getCurrentUser(OidcUser)
2026-02-16T15:14:26.765+05:30 DEBUG 4932 --- [arihant-grc-tool] [http-nio-8085-exec-7] o.s.w.s.m.m.a.HttpEntityMethodProcessor  : Using 'application/json', given [*/*] and supported [application/json, application/*+json]
2026-02-16T15:14:26.771+05:30 DEBUG 4932 --- [arihant-grc-tool] [http-nio-8085-exec-7] o.s.w.s.m.m.a.HttpEntityMethodProcessor  : Writing [{role=ADMIN, name=Prathmesh Pawar, email=prathmeshpawar4169@gmail.com, picture=https://lh3.googleuse (truncated)...]
2026-02-16T15:14:26.784+05:30 DEBUG 4932 --- [arihant-grc-tool] [http-nio-8085-exec-7] o.s.web.servlet.DispatcherServlet        : Completed 200 OK
2026-02-16T15:14:53.820+05:30 DEBUG 4932 --- [arihant-grc-tool] [http-nio-8085-exec-2] o.s.web.servlet.DispatcherServlet        : GET "/api/users/v1/auth/me", parameters={}
2026-02-16T15:14:53.822+05:30 DEBUG 4932 --- [arihant-grc-tool] [http-nio-8085-exec-2] s.w.s.m.m.a.RequestMappingHandlerMapping : Mapped to com.grctool.controller.UserController#getCurrentUser(OidcUser)
2026-02-16T15:14:53.823+05:30 DEBUG 4932 --- [arihant-grc-tool] [http-nio-8085-exec-2] o.s.w.s.m.m.a.HttpEntityMethodProcessor  : Using 'application/json', given [*/*] and supported [application/json, application/*+json]
2026-02-16T15:14:53.825+05:30 DEBUG 4932 --- [arihant-grc-tool] [http-nio-8085-exec-2] o.s.w.s.m.m.a.HttpEntityMethodProcessor  : Writing [{role=ADMIN, name=Prathmesh Pawar, email=prathmeshpawar4169@gmail.com, picture=https://lh3.googleuse (truncated)...]
2026-02-16T15:14:53.830+05:30 DEBUG 4932 --- [arihant-grc-tool] [http-nio-8085-exec-2] o.s.web.servlet.DispatcherServlet        : Completed 200 OK
2026-02-16T15:14:53.835+05:30 DEBUG 4932 --- [arihant-grc-tool] [http-nio-8085-exec-5] o.s.web.servlet.DispatcherServlet        : GET "/api/users/v1/auth/me", parameters={}
2026-02-16T15:14:53.837+05:30 DEBUG 4932 --- [arihant-grc-tool] [http-nio-8085-exec-5] s.w.s.m.m.a.RequestMappingHandlerMapping : Mapped to com.grctool.controller.UserController#getCurrentUser(OidcUser)
2026-02-16T15:14:53.838+05:30 DEBUG 4932 --- [arihant-grc-tool] [http-nio-8085-exec-5] o.s.w.s.m.m.a.HttpEntityMethodProcessor  : Using 'application/json', given [*/*] and supported [application/json, application/*+json]
2026-02-16T15:14:53.840+05:30 DEBUG 4932 --- [arihant-grc-tool] [http-nio-8085-exec-5] o.s.w.s.m.m.a.HttpEntityMethodProcessor  : Writing [{role=ADMIN, name=Prathmesh Pawar, email=prathmeshpawar4169@gmail.com, picture=https://lh3.googleuse (truncated)...]
2026-02-16T15:14:53.842+05:30 DEBUG 4932 --- [arihant-grc-tool] [http-nio-8085-exec-5] o.s.web.servlet.DispatcherServlet        : Completed 200 OK
2026-02-16T15:14:54.260+05:30 DEBUG 4932 --- [arihant-grc-tool] [http-nio-8085-exec-6] o.s.web.servlet.DispatcherServlet        : GET "/api/users/v1/auth/me", parameters={}
2026-02-16T15:14:54.260+05:30 DEBUG 4932 --- [arihant-grc-tool] [http-nio-8085-exec-6] s.w.s.m.m.a.RequestMappingHandlerMapping : Mapped to com.grctool.controller.UserController#getCurrentUser(OidcUser)
2026-02-16T15:14:54.260+05:30 DEBUG 4932 --- [arihant-grc-tool] [http-nio-8085-exec-6] o.s.w.s.m.m.a.HttpEntityMethodProcessor  : Using 'application/json', given [*/*] and supported [application/json, application/*+json]
2026-02-16T15:14:54.260+05:30 DEBUG 4932 --- [arihant-grc-tool] [http-nio-8085-exec-6] o.s.w.s.m.m.a.HttpEntityMethodProcessor  : Writing [{role=ADMIN, name=Prathmesh Pawar, email=prathmeshpawar4169@gmail.com, picture=https://lh3.googleuse (truncated)...]
2026-02-16T15:14:54.267+05:30 DEBUG 4932 --- [arihant-grc-tool] [http-nio-8085-exec-6] o.s.web.servlet.DispatcherServlet        : Completed 200 OK
2026-02-16T15:14:54.273+05:30 DEBUG 4932 --- [arihant-grc-tool] [http-nio-8085-exec-4] o.s.web.servlet.DispatcherServlet        : GET "/api/users/v1/auth/me", parameters={}
2026-02-16T15:14:54.274+05:30 DEBUG 4932 --- [arihant-grc-tool] [http-nio-8085-exec-4] s.w.s.m.m.a.RequestMappingHandlerMapping : Mapped to com.grctool.controller.UserController#getCurrentUser(OidcUser)
2026-02-16T15:14:54.274+05:30 DEBUG 4932 --- [arihant-grc-tool] [http-nio-8085-exec-4] o.s.w.s.m.m.a.HttpEntityMethodProcessor  : Using 'application/json', given [*/*] and supported [application/json, application/*+json]
2026-02-16T15:14:54.276+05:30 DEBUG 4932 --- [arihant-grc-tool] [http-nio-8085-exec-4] o.s.w.s.m.m.a.HttpEntityMethodProcessor  : Writing [{role=ADMIN, name=Prathmesh Pawar, email=prathmeshpawar4169@gmail.com, picture=https://lh3.googleuse (truncated)...]
2026-02-16T15:14:54.278+05:30 DEBUG 4932 --- [arihant-grc-tool] [http-nio-8085-exec-4] o.s.web.servlet.DispatcherServlet        : Completed 200 OK
2026-02-16T15:14:56.821+05:30 DEBUG 4932 --- [arihant-grc-tool] [http-nio-8085-exec-8] o.s.web.servlet.DispatcherServlet        : GET "/api/users/v1/auth/me", parameters={}
2026-02-16T15:14:56.822+05:30 DEBUG 4932 --- [arihant-grc-tool] [http-nio-8085-exec-8] s.w.s.m.m.a.RequestMappingHandlerMapping : Mapped to com.grctool.controller.UserController#getCurrentUser(OidcUser)
2026-02-16T15:14:56.827+05:30 DEBUG 4932 --- [arihant-grc-tool] [http-nio-8085-exec-8] o.s.w.s.m.m.a.HttpEntityMethodProcessor  : Using 'application/json', given [*/*] and supported [application/json, application/*+json]
2026-02-16T15:14:56.830+05:30 DEBUG 4932 --- [arihant-grc-tool] [http-nio-8085-exec-8] o.s.w.s.m.m.a.HttpEntityMethodProcessor  : Writing [{role=ADMIN, name=Prathmesh Pawar, email=prathmeshpawar4169@gmail.com, picture=https://lh3.googleuse (truncated)...]
2026-02-16T15:14:56.834+05:30 DEBUG 4932 --- [arihant-grc-tool] [http-nio-8085-exec-8] o.s.web.servlet.DispatcherServlet        : Completed 200 OK
2026-02-16T15:14:56.841+05:30 DEBUG 4932 --- [arihant-grc-tool] [http-nio-8085-exec-9] o.s.web.servlet.DispatcherServlet        : GET "/api/users/v1/auth/me", parameters={}
2026-02-16T15:14:56.842+05:30 DEBUG 4932 --- [arihant-grc-tool] [http-nio-8085-exec-9] s.w.s.m.m.a.RequestMappingHandlerMapping : Mapped to com.grctool.controller.UserController#getCurrentUser(OidcUser)
2026-02-16T15:14:56.844+05:30 DEBUG 4932 --- [arihant-grc-tool] [http-nio-8085-exec-9] o.s.w.s.m.m.a.HttpEntityMethodProcessor  : Using 'application/json', given [*/*] and supported [application/json, application/*+json]
2026-02-16T15:14:56.846+05:30 DEBUG 4932 --- [arihant-grc-tool] [http-nio-8085-exec-9] o.s.w.s.m.m.a.HttpEntityMethodProcessor  : Writing [{role=ADMIN, name=Prathmesh Pawar, email=prathmeshpawar4169@gmail.com, picture=https://lh3.googleuse (truncated)...]
2026-02-16T15:14:56.854+05:30 DEBUG 4932 --- [arihant-grc-tool] [http-nio-8085-exec-9] o.s.web.servlet.DispatcherServlet        : Completed 200 OK
2026-02-16T15:16:32.315+05:30 DEBUG 4932 --- [arihant-grc-tool] [http-nio-8085-exec-2] o.s.web.servlet.DispatcherServlet        : GET "/api/users/v1/auth/me", parameters={}
2026-02-16T15:16:32.318+05:30 DEBUG 4932 --- [arihant-grc-tool] [http-nio-8085-exec-2] s.w.s.m.m.a.RequestMappingHandlerMapping : Mapped to com.grctool.controller.UserController#getCurrentUser(OidcUser)
2026-02-16T15:16:32.322+05:30 DEBUG 4932 --- [arihant-grc-tool] [http-nio-8085-exec-2] o.s.w.s.m.m.a.HttpEntityMethodProcessor  : Using 'application/json', given [*/*] and supported [application/json, application/*+json]
2026-02-16T15:16:32.323+05:30 DEBUG 4932 --- [arihant-grc-tool] [http-nio-8085-exec-2] o.s.w.s.m.m.a.HttpEntityMethodProcessor  : Writing [{role=ADMIN, name=Prathmesh Pawar, email=prathmeshpawar4169@gmail.com, picture=https://lh3.googleuse (truncated)...]
2026-02-16T15:16:32.327+05:30 DEBUG 4932 --- [arihant-grc-tool] [http-nio-8085-exec-2] o.s.web.servlet.DispatcherServlet        : Completed 200 OK
2026-02-16T15:16:32.333+05:30 DEBUG 4932 --- [arihant-grc-tool] [http-nio-8085-exec-5] o.s.web.servlet.DispatcherServlet        : GET "/api/users/v1/auth/me", parameters={}
2026-02-16T15:16:32.335+05:30 DEBUG 4932 --- [arihant-grc-tool] [http-nio-8085-exec-5] s.w.s.m.m.a.RequestMappingHandlerMapping : Mapped to com.grctool.controller.UserController#getCurrentUser(OidcUser)
2026-02-16T15:16:32.337+05:30 DEBUG 4932 --- [arihant-grc-tool] [http-nio-8085-exec-5] o.s.w.s.m.m.a.HttpEntityMethodProcessor  : Using 'application/json', given [*/*] and supported [application/json, application/*+json]
2026-02-16T15:16:32.338+05:30 DEBUG 4932 --- [arihant-grc-tool] [http-nio-8085-exec-5] o.s.w.s.m.m.a.HttpEntityMethodProcessor  : Writing [{role=ADMIN, name=Prathmesh Pawar, email=prathmeshpawar4169@gmail.com, picture=https://lh3.googleuse (truncated)...]
2026-02-16T15:16:32.338+05:30 DEBUG 4932 --- [arihant-grc-tool] [http-nio-8085-exec-5] o.s.web.servlet.DispatcherServlet        : Completed 200 OK
2026-02-16T15:16:32.755+05:30 DEBUG 4932 --- [arihant-grc-tool] [http-nio-8085-exec-6] o.s.web.servlet.DispatcherServlet        : GET "/api/users/v1/auth/me", parameters={}
2026-02-16T15:16:32.756+05:30 DEBUG 4932 --- [arihant-grc-tool] [http-nio-8085-exec-6] s.w.s.m.m.a.RequestMappingHandlerMapping : Mapped to com.grctool.controller.UserController#getCurrentUser(OidcUser)
2026-02-16T15:16:32.758+05:30 DEBUG 4932 --- [arihant-grc-tool] [http-nio-8085-exec-6] o.s.w.s.m.m.a.HttpEntityMethodProcessor  : Using 'application/json', given [*/*] and supported [application/json, application/*+json]
2026-02-16T15:16:32.758+05:30 DEBUG 4932 --- [arihant-grc-tool] [http-nio-8085-exec-6] o.s.w.s.m.m.a.HttpEntityMethodProcessor  : Writing [{role=ADMIN, name=Prathmesh Pawar, email=prathmeshpawar4169@gmail.com, picture=https://lh3.googleuse (truncated)...]
2026-02-16T15:16:32.761+05:30 DEBUG 4932 --- [arihant-grc-tool] [http-nio-8085-exec-6] o.s.web.servlet.DispatcherServlet        : Completed 200 OK
2026-02-16T15:16:32.769+05:30 DEBUG 4932 --- [arihant-grc-tool] [http-nio-8085-exec-4] o.s.web.servlet.DispatcherServlet        : GET "/api/users/v1/auth/me", parameters={}
2026-02-16T15:16:32.772+05:30 DEBUG 4932 --- [arihant-grc-tool] [http-nio-8085-exec-4] s.w.s.m.m.a.RequestMappingHandlerMapping : Mapped to com.grctool.controller.UserController#getCurrentUser(OidcUser)
2026-02-16T15:16:32.774+05:30 DEBUG 4932 --- [arihant-grc-tool] [http-nio-8085-exec-4] o.s.w.s.m.m.a.HttpEntityMethodProcessor  : Using 'application/json', given [*/*] and supported [application/json, application/*+json]
2026-02-16T15:16:32.774+05:30 DEBUG 4932 --- [arihant-grc-tool] [http-nio-8085-exec-4] o.s.w.s.m.m.a.HttpEntityMethodProcessor  : Writing [{role=ADMIN, name=Prathmesh Pawar, email=prathmeshpawar4169@gmail.com, picture=https://lh3.googleuse (truncated)...]
2026-02-16T15:16:32.775+05:30 DEBUG 4932 --- [arihant-grc-tool] [http-nio-8085-exec-4] o.s.web.servlet.DispatcherServlet        : Completed 200 OK
2026-02-16T16:29:30.318+05:30 DEBUG 4932 --- [arihant-grc-tool] [http-nio-8085-exec-3] o.s.web.servlet.DispatcherServlet        : GET "/api/users/v1/auth/me", parameters={}
2026-02-16T16:29:30.318+05:30 DEBUG 4932 --- [arihant-grc-tool] [http-nio-8085-exec-3] s.w.s.m.m.a.RequestMappingHandlerMapping : Mapped to com.grctool.controller.UserController#getCurrentUser(OidcUser)
2026-02-16T16:29:30.326+05:30 DEBUG 4932 --- [arihant-grc-tool] [http-nio-8085-exec-3] o.s.w.s.m.m.a.HttpEntityMethodProcessor  : Using 'application/json', given [*/*] and supported [application/json, application/*+json]
2026-02-16T16:29:30.326+05:30 DEBUG 4932 --- [arihant-grc-tool] [http-nio-8085-exec-3] o.s.w.s.m.m.a.HttpEntityMethodProcessor  : Nothing to write: null body
2026-02-16T16:29:30.326+05:30 DEBUG 4932 --- [arihant-grc-tool] [http-nio-8085-exec-3] o.s.web.servlet.DispatcherServlet        : Completed 401 UNAUTHORIZED
2026-02-16T16:29:30.335+05:30 DEBUG 4932 --- [arihant-grc-tool] [http-nio-8085-exec-3] o.s.web.servlet.DispatcherServlet        : GET "/api/users/v1/auth/me", parameters={}
2026-02-16T16:29:30.335+05:30 DEBUG 4932 --- [arihant-grc-tool] [http-nio-8085-exec-3] s.w.s.m.m.a.RequestMappingHandlerMapping : Mapped to com.grctool.controller.UserController#getCurrentUser(OidcUser)
2026-02-16T16:29:30.340+05:30 DEBUG 4932 --- [arihant-grc-tool] [http-nio-8085-exec-3] o.s.w.s.m.m.a.HttpEntityMethodProcessor  : Using 'application/json', given [*/*] and supported [application/json, application/*+json]
2026-02-16T16:29:30.340+05:30 DEBUG 4932 --- [arihant-grc-tool] [http-nio-8085-exec-3] o.s.w.s.m.m.a.HttpEntityMethodProcessor  : Nothing to write: null body
2026-02-16T16:29:30.340+05:30 DEBUG 4932 --- [arihant-grc-tool] [http-nio-8085-exec-3] o.s.web.servlet.DispatcherServlet        : Completed 401 UNAUTHORIZED
2026-02-16T16:29:30.389+05:30 DEBUG 4932 --- [arihant-grc-tool] [http-nio-8085-exec-7] o.s.web.servlet.DispatcherServlet        : GET "/api/users/v1/auth/me", parameters={}
2026-02-16T16:29:30.389+05:30 DEBUG 4932 --- [arihant-grc-tool] [http-nio-8085-exec-7] s.w.s.m.m.a.RequestMappingHandlerMapping : Mapped to com.grctool.controller.UserController#getCurrentUser(OidcUser)
2026-02-16T16:29:30.393+05:30 DEBUG 4932 --- [arihant-grc-tool] [http-nio-8085-exec-7] o.s.w.s.m.m.a.HttpEntityMethodProcessor  : Using 'application/json', given [*/*] and supported [application/json, application/*+json]
2026-02-16T16:29:30.393+05:30 DEBUG 4932 --- [arihant-grc-tool] [http-nio-8085-exec-7] o.s.w.s.m.m.a.HttpEntityMethodProcessor  : Nothing to write: null body
2026-02-16T16:29:30.395+05:30 DEBUG 4932 --- [arihant-grc-tool] [http-nio-8085-exec-7] o.s.web.servlet.DispatcherServlet        : Completed 401 UNAUTHORIZED
2026-02-16T16:29:30.403+05:30 DEBUG 4932 --- [arihant-grc-tool] [http-nio-8085-exec-2] o.s.web.servlet.DispatcherServlet        : GET "/api/users/v1/auth/me", parameters={}
2026-02-16T16:29:30.403+05:30 DEBUG 4932 --- [arihant-grc-tool] [http-nio-8085-exec-2] s.w.s.m.m.a.RequestMappingHandlerMapping : Mapped to com.grctool.controller.UserController#getCurrentUser(OidcUser)
2026-02-16T16:29:30.405+05:30 DEBUG 4932 --- [arihant-grc-tool] [http-nio-8085-exec-2] o.s.w.s.m.m.a.HttpEntityMethodProcessor  : Using 'application/json', given [*/*] and supported [application/json, application/*+json]
2026-02-16T16:29:30.405+05:30 DEBUG 4932 --- [arihant-grc-tool] [http-nio-8085-exec-2] o.s.w.s.m.m.a.HttpEntityMethodProcessor  : Nothing to write: null body
2026-02-16T16:29:30.407+05:30 DEBUG 4932 --- [arihant-grc-tool] [http-nio-8085-exec-2] o.s.web.servlet.DispatcherServlet        : Completed 401 UNAUTHORIZED
2026-02-16T16:30:14.481+05:30 DEBUG 4932 --- [arihant-grc-tool] [http-nio-8085-exec-5] o.s.web.servlet.DispatcherServlet        : GET "/api/users/v1/auth/me", parameters={}
2026-02-16T16:30:14.482+05:30 DEBUG 4932 --- [arihant-grc-tool] [http-nio-8085-exec-5] s.w.s.m.m.a.RequestMappingHandlerMapping : Mapped to com.grctool.controller.UserController#getCurrentUser(OidcUser)
2026-02-16T16:30:14.484+05:30 DEBUG 4932 --- [arihant-grc-tool] [http-nio-8085-exec-5] o.s.w.s.m.m.a.HttpEntityMethodProcessor  : Using 'application/json', given [*/*] and supported [application/json, application/*+json]
2026-02-16T16:30:14.486+05:30 DEBUG 4932 --- [arihant-grc-tool] [http-nio-8085-exec-5] o.s.w.s.m.m.a.HttpEntityMethodProcessor  : Nothing to write: null body
2026-02-16T16:30:14.488+05:30 DEBUG 4932 --- [arihant-grc-tool] [http-nio-8085-exec-5] o.s.web.servlet.DispatcherServlet        : Completed 401 UNAUTHORIZED
2026-02-16T16:30:14.684+05:30 DEBUG 4932 --- [arihant-grc-tool] [http-nio-8085-exec-6] o.s.web.servlet.DispatcherServlet        : GET "/api/users/v1/auth/me", parameters={}
2026-02-16T16:30:14.684+05:30 DEBUG 4932 --- [arihant-grc-tool] [http-nio-8085-exec-6] s.w.s.m.m.a.RequestMappingHandlerMapping : Mapped to com.grctool.controller.UserController#getCurrentUser(OidcUser)
2026-02-16T16:30:14.687+05:30 DEBUG 4932 --- [arihant-grc-tool] [http-nio-8085-exec-6] o.s.w.s.m.m.a.HttpEntityMethodProcessor  : Using 'application/json', given [*/*] and supported [application/json, application/*+json]
2026-02-16T16:30:14.687+05:30 DEBUG 4932 --- [arihant-grc-tool] [http-nio-8085-exec-6] o.s.w.s.m.m.a.HttpEntityMethodProcessor  : Nothing to write: null body
2026-02-16T16:30:14.691+05:30 DEBUG 4932 --- [arihant-grc-tool] [http-nio-8085-exec-6] o.s.web.servlet.DispatcherServlet        : Completed 401 UNAUTHORIZED
2026-02-16T16:33:20.500+05:30  INFO 4932 --- [arihant-grc-tool] [SpringApplicationShutdownHook] o.s.boot.tomcat.GracefulShutdown         : Commencing graceful shutdown. Waiting for active requests to complete
2026-02-16T16:33:20.508+05:30  INFO 4932 --- [arihant-grc-tool] [tomcat-shutdown] o.s.boot.tomcat.GracefulShutdown         : Graceful shutdown complete
2026-02-16T16:33:20.517+05:30  INFO 4932 --- [arihant-grc-tool] [SpringApplicationShutdownHook] j.LocalContainerEntityManagerFactoryBean : Closing JPA EntityManagerFactory for persistence unit 'default'
2026-02-16T16:33:20.517+05:30  INFO 4932 --- [arihant-grc-tool] [SpringApplicationShutdownHook] com.zaxxer.hikari.HikariDataSource       : HikariPool-1 - Shutdown initiated...
2026-02-16T16:33:20.550+05:30  INFO 4932 --- [arihant-grc-tool] [SpringApplicationShutdownHook] com.zaxxer.hikari.HikariDataSource       : HikariPool-1 - Shutdown completed.
2026-02-16T16:34:37.588+05:30  INFO 1096 --- [arihant-grc-tool] [main] com.grctool.ArihantGrcToolApplication    : Starting ArihantGrcToolApplication using Java 21.0.10 with PID 1096 (D:\Company_Projects\arihant-grc-tool\arihant-grc-tool\target\classes started by prathameshpawar in D:\Company_Projects\arihant-grc-tool\arihant-grc-tool)
2026-02-16T16:34:37.594+05:30  INFO 1096 --- [arihant-grc-tool] [main] com.grctool.ArihantGrcToolApplication    : No active profile set, falling back to 1 default profile: "default"
2026-02-16T16:34:39.179+05:30  INFO 1096 --- [arihant-grc-tool] [main] .s.d.r.c.RepositoryConfigurationDelegate : Bootstrapping Spring Data JPA repositories in DEFAULT mode.
2026-02-16T16:34:39.305+05:30  INFO 1096 --- [arihant-grc-tool] [main] .s.d.r.c.RepositoryConfigurationDelegate : Finished Spring Data repository scanning in 110 ms. Found 11 JPA repository interfaces.
2026-02-16T16:34:40.205+05:30  INFO 1096 --- [arihant-grc-tool] [main] o.s.boot.tomcat.TomcatWebServer          : Tomcat initialized with port 8085 (http)
2026-02-16T16:34:40.229+05:30  INFO 1096 --- [arihant-grc-tool] [main] o.apache.catalina.core.StandardService   : Starting service [Tomcat]
2026-02-16T16:34:40.235+05:30  INFO 1096 --- [arihant-grc-tool] [main] o.apache.catalina.core.StandardEngine    : Starting Servlet engine: [Apache Tomcat/11.0.18]
2026-02-16T16:34:40.359+05:30  INFO 1096 --- [arihant-grc-tool] [main] b.w.c.s.WebApplicationContextInitializer : Root WebApplicationContext: initialization completed in 2670 ms
2026-02-16T16:34:40.563+05:30 DEBUG 1096 --- [arihant-grc-tool] [main] o.s.w.f.ServerHttpObservationFilter      : Filter 'webMvcObservationFilter' configured for use
2026-02-16T16:34:40.563+05:30 DEBUG 1096 --- [arihant-grc-tool] [main] o.springframework.web.filter.CorsFilter  : Filter 'corsFilter' configured for use
2026-02-16T16:34:41.013+05:30  INFO 1096 --- [arihant-grc-tool] [main] com.zaxxer.hikari.HikariDataSource       : HikariPool-1 - Starting...
2026-02-16T16:34:41.307+05:30  INFO 1096 --- [arihant-grc-tool] [main] com.zaxxer.hikari.pool.HikariPool        : HikariPool-1 - Added connection org.postgresql.jdbc.PgConnection@194037f9
2026-02-16T16:34:41.309+05:30  INFO 1096 --- [arihant-grc-tool] [main] com.zaxxer.hikari.HikariDataSource       : HikariPool-1 - Start completed.
2026-02-16T16:34:41.335+05:30  INFO 1096 --- [arihant-grc-tool] [main] org.flywaydb.core.FlywayExecutor         : Database: jdbc:postgresql://localhost:5432/grc_db (PostgreSQL 18.1)
2026-02-16T16:34:41.368+05:30  INFO 1096 --- [arihant-grc-tool] [main] o.f.c.i.resource.ResourceNameValidator   : 1 SQL migrations were detected but not run because they did not follow the filename convention.
2026-02-16T16:34:41.370+05:30  INFO 1096 --- [arihant-grc-tool] [main] o.f.c.i.resource.ResourceNameValidator   : Set 'validateMigrationNaming' to true to fail fast and see a list of the invalid file names.
2026-02-16T16:34:41.479+05:30  INFO 1096 --- [arihant-grc-tool] [main] o.f.core.internal.command.DbValidate     : Successfully validated 20 migrations (execution time 00:00.062s)
2026-02-16T16:34:41.528+05:30  INFO 1096 --- [arihant-grc-tool] [main] o.f.core.internal.command.DbMigrate      : Current version of schema "public": 20
2026-02-16T16:34:41.528+05:30  WARN 1096 --- [arihant-grc-tool] [main] o.f.core.internal.command.DbMigrate      : outOfOrder mode is active. Migration of schema "public" may not be reproducible.
2026-02-16T16:34:41.558+05:30  INFO 1096 --- [arihant-grc-tool] [main] o.f.core.internal.command.DbMigrate      : Migrating schema "public" to version "21 - Expand Audit Log Metadata"
2026-02-16T16:34:41.592+05:30  INFO 1096 --- [arihant-grc-tool] [main] o.f.core.internal.command.DbMigrate      : Successfully applied 1 migration to schema "public", now at version v21 (execution time 00:00.015s)
2026-02-16T16:34:43.141+05:30  INFO 1096 --- [arihant-grc-tool] [main] o.s.o.j.p.SpringPersistenceUnitInfo      : No LoadTimeWeaver setup: ignoring JPA class transformer
2026-02-16T16:34:45.286+05:30  INFO 1096 --- [arihant-grc-tool] [main] j.LocalContainerEntityManagerFactoryBean : Initialized JPA EntityManagerFactory for persistence unit 'default'
2026-02-16T16:34:45.419+05:30  INFO 1096 --- [arihant-grc-tool] [main] o.s.d.j.r.query.QueryEnhancerFactories   : Hibernate is in classpath; If applicable, HQL parser will be used.
2026-02-16T16:34:47.050+05:30  WARN 1096 --- [arihant-grc-tool] [main] JpaBaseConfiguration$JpaWebConfiguration : spring.jpa.open-in-view is enabled by default. Therefore, database queries may be performed during view rendering. Explicitly configure spring.jpa.open-in-view to disable this warning
2026-02-16T16:34:47.586+05:30 DEBUG 1096 --- [arihant-grc-tool] [main] s.w.s.m.m.a.RequestMappingHandlerMapping : 40 mappings in 'requestMappingHandlerMapping'
2026-02-16T16:34:47.634+05:30 DEBUG 1096 --- [arihant-grc-tool] [main] o.s.w.s.handler.SimpleUrlHandlerMapping  : Patterns [/webjars/**, /**] in 'resourceHandlerMapping'
2026-02-16T16:34:47.687+05:30 DEBUG 1096 --- [arihant-grc-tool] [main] s.w.s.m.m.a.RequestMappingHandlerAdapter : ControllerAdvice beans: 0 @ModelAttribute, 0 @InitBinder, 2 RequestBodyAdvice, 1 ResponseBodyAdvice
2026-02-16T16:34:47.774+05:30 DEBUG 1096 --- [arihant-grc-tool] [main] .m.m.a.ExceptionHandlerExceptionResolver : ControllerAdvice beans: 1 @ExceptionHandler, 1 ResponseBodyAdvice
2026-02-16T16:34:48.035+05:30  INFO 1096 --- [arihant-grc-tool] [main] o.s.b.a.e.web.EndpointLinksResolver      : Exposing 1 endpoint beneath base path '/actuator'
2026-02-16T16:34:48.130+05:30  INFO 1096 --- [arihant-grc-tool] [main] o.s.boot.tomcat.TomcatWebServer          : Tomcat started on port 8085 (http) with context path '/'
2026-02-16T16:34:48.147+05:30  INFO 1096 --- [arihant-grc-tool] [main] com.grctool.ArihantGrcToolApplication    : Started ArihantGrcToolApplication in 11.361 seconds (process running for 11.957)
2026-02-16T16:41:15.663+05:30  INFO 1096 --- [arihant-grc-tool] [SpringApplicationShutdownHook] o.s.boot.tomcat.GracefulShutdown         : Commencing graceful shutdown. Waiting for active requests to complete
2026-02-16T16:41:15.676+05:30  INFO 1096 --- [arihant-grc-tool] [tomcat-shutdown] o.s.boot.tomcat.GracefulShutdown         : Graceful shutdown complete
2026-02-16T16:41:15.691+05:30  INFO 1096 --- [arihant-grc-tool] [SpringApplicationShutdownHook] j.LocalContainerEntityManagerFactoryBean : Closing JPA EntityManagerFactory for persistence unit 'default'
2026-02-16T16:41:15.691+05:30  INFO 1096 --- [arihant-grc-tool] [SpringApplicationShutdownHook] com.zaxxer.hikari.HikariDataSource       : HikariPool-1 - Shutdown initiated...
2026-02-16T16:41:15.691+05:30  INFO 1096 --- [arihant-grc-tool] [SpringApplicationShutdownHook] com.zaxxer.hikari.HikariDataSource       : HikariPool-1 - Shutdown completed.
2026-02-16T16:41:32.343+05:30  INFO 18088 --- [arihant-grc-tool] [main] com.grctool.ArihantGrcToolApplication    : Starting ArihantGrcToolApplication using Java 21.0.10 with PID 18088 (D:\Company_Projects\arihant-grc-tool\arihant-grc-tool\target\classes started by prathameshpawar in D:\Company_Projects\arihant-grc-tool\arihant-grc-tool)
2026-02-16T16:41:32.349+05:30  INFO 18088 --- [arihant-grc-tool] [main] com.grctool.ArihantGrcToolApplication    : No active profile set, falling back to 1 default profile: "default"
2026-02-16T16:41:33.518+05:30  INFO 18088 --- [arihant-grc-tool] [main] .s.d.r.c.RepositoryConfigurationDelegate : Bootstrapping Spring Data JPA repositories in DEFAULT mode.
2026-02-16T16:41:33.616+05:30  INFO 18088 --- [arihant-grc-tool] [main] .s.d.r.c.RepositoryConfigurationDelegate : Finished Spring Data repository scanning in 100 ms. Found 11 JPA repository interfaces.
2026-02-16T16:41:34.330+05:30  INFO 18088 --- [arihant-grc-tool] [main] o.s.boot.tomcat.TomcatWebServer          : Tomcat initialized with port 8085 (http)
2026-02-16T16:41:34.346+05:30  INFO 18088 --- [arihant-grc-tool] [main] o.apache.catalina.core.StandardService   : Starting service [Tomcat]
2026-02-16T16:41:34.362+05:30  INFO 18088 --- [arihant-grc-tool] [main] o.apache.catalina.core.StandardEngine    : Starting Servlet engine: [Apache Tomcat/11.0.18]
2026-02-16T16:41:34.438+05:30  INFO 18088 --- [arihant-grc-tool] [main] b.w.c.s.WebApplicationContextInitializer : Root WebApplicationContext: initialization completed in 2019 ms
2026-02-16T16:41:34.617+05:30 DEBUG 18088 --- [arihant-grc-tool] [main] o.s.w.f.ServerHttpObservationFilter      : Filter 'webMvcObservationFilter' configured for use
2026-02-16T16:41:34.617+05:30 DEBUG 18088 --- [arihant-grc-tool] [main] o.springframework.web.filter.CorsFilter  : Filter 'corsFilter' configured for use
2026-02-16T16:41:35.000+05:30  INFO 18088 --- [arihant-grc-tool] [main] com.zaxxer.hikari.HikariDataSource       : HikariPool-1 - Starting...
2026-02-16T16:41:35.240+05:30  INFO 18088 --- [arihant-grc-tool] [main] com.zaxxer.hikari.pool.HikariPool        : HikariPool-1 - Added connection org.postgresql.jdbc.PgConnection@194037f9
2026-02-16T16:41:35.240+05:30  INFO 18088 --- [arihant-grc-tool] [main] com.zaxxer.hikari.HikariDataSource       : HikariPool-1 - Start completed.
2026-02-16T16:41:35.270+05:30  INFO 18088 --- [arihant-grc-tool] [main] org.flywaydb.core.FlywayExecutor         : Database: jdbc:postgresql://localhost:5432/grc_db (PostgreSQL 18.1)
2026-02-16T16:41:35.302+05:30  INFO 18088 --- [arihant-grc-tool] [main] o.f.c.i.resource.ResourceNameValidator   : 1 SQL migrations were detected but not run because they did not follow the filename convention.
2026-02-16T16:41:35.302+05:30  INFO 18088 --- [arihant-grc-tool] [main] o.f.c.i.resource.ResourceNameValidator   : Set 'validateMigrationNaming' to true to fail fast and see a list of the invalid file names.
2026-02-16T16:41:35.404+05:30  INFO 18088 --- [arihant-grc-tool] [main] o.f.core.internal.command.DbValidate     : Successfully validated 20 migrations (execution time 00:00.058s)
2026-02-16T16:41:35.461+05:30  INFO 18088 --- [arihant-grc-tool] [main] o.f.core.internal.command.DbMigrate      : Current version of schema "public": 21
2026-02-16T16:41:35.461+05:30  WARN 18088 --- [arihant-grc-tool] [main] o.f.core.internal.command.DbMigrate      : outOfOrder mode is active. Migration of schema "public" may not be reproducible.
2026-02-16T16:41:35.478+05:30  INFO 18088 --- [arihant-grc-tool] [main] o.f.core.internal.command.DbMigrate      : Schema "public" is up to date. No migration necessary.
2026-02-16T16:41:36.336+05:30  INFO 18088 --- [arihant-grc-tool] [main] o.s.o.j.p.SpringPersistenceUnitInfo      : No LoadTimeWeaver setup: ignoring JPA class transformer
2026-02-16T16:41:37.942+05:30  INFO 18088 --- [arihant-grc-tool] [main] j.LocalContainerEntityManagerFactoryBean : Initialized JPA EntityManagerFactory for persistence unit 'default'
2026-02-16T16:41:38.037+05:30  INFO 18088 --- [arihant-grc-tool] [main] o.s.d.j.r.query.QueryEnhancerFactories   : Hibernate is in classpath; If applicable, HQL parser will be used.
2026-02-16T16:41:39.467+05:30  WARN 18088 --- [arihant-grc-tool] [main] JpaBaseConfiguration$JpaWebConfiguration : spring.jpa.open-in-view is enabled by default. Therefore, database queries may be performed during view rendering. Explicitly configure spring.jpa.open-in-view to disable this warning
2026-02-16T16:41:39.912+05:30 DEBUG 18088 --- [arihant-grc-tool] [main] s.w.s.m.m.a.RequestMappingHandlerMapping : 40 mappings in 'requestMappingHandlerMapping'
2026-02-16T16:41:39.944+05:30 DEBUG 18088 --- [arihant-grc-tool] [main] o.s.w.s.handler.SimpleUrlHandlerMapping  : Patterns [/webjars/**, /**] in 'resourceHandlerMapping'
2026-02-16T16:41:39.976+05:30 DEBUG 18088 --- [arihant-grc-tool] [main] s.w.s.m.m.a.RequestMappingHandlerAdapter : ControllerAdvice beans: 0 @ModelAttribute, 0 @InitBinder, 2 RequestBodyAdvice, 1 ResponseBodyAdvice
2026-02-16T16:41:40.047+05:30 DEBUG 18088 --- [arihant-grc-tool] [main] .m.m.a.ExceptionHandlerExceptionResolver : ControllerAdvice beans: 1 @ExceptionHandler, 1 ResponseBodyAdvice
2026-02-16T16:41:40.243+05:30  INFO 18088 --- [arihant-grc-tool] [main] o.s.b.a.e.web.EndpointLinksResolver      : Exposing 1 endpoint beneath base path '/actuator'
2026-02-16T16:41:40.327+05:30  INFO 18088 --- [arihant-grc-tool] [main] o.s.boot.tomcat.TomcatWebServer          : Tomcat started on port 8085 (http) with context path '/'
2026-02-16T16:41:40.353+05:30  INFO 18088 --- [arihant-grc-tool] [main] com.grctool.ArihantGrcToolApplication    : Started ArihantGrcToolApplication in 8.658 seconds (process running for 9.176)
2026-02-16T16:41:47.208+05:30  INFO 18088 --- [arihant-grc-tool] [http-nio-8085-exec-1] o.a.c.c.C.[Tomcat].[localhost].[/]       : Initializing Spring DispatcherServlet 'dispatcherServlet'
2026-02-16T16:41:47.208+05:30  INFO 18088 --- [arihant-grc-tool] [http-nio-8085-exec-1] o.s.web.servlet.DispatcherServlet        : Initializing Servlet 'dispatcherServlet'
2026-02-16T16:41:47.208+05:30 DEBUG 18088 --- [arihant-grc-tool] [http-nio-8085-exec-1] o.s.web.servlet.DispatcherServlet        : Detected StandardServletMultipartResolver
2026-02-16T16:41:47.210+05:30 DEBUG 18088 --- [arihant-grc-tool] [http-nio-8085-exec-1] o.s.web.servlet.DispatcherServlet        : Detected AcceptHeaderLocaleResolver
2026-02-16T16:41:47.214+05:30 DEBUG 18088 --- [arihant-grc-tool] [http-nio-8085-exec-1] o.s.web.servlet.DispatcherServlet        : Detected org.springframework.web.servlet.view.DefaultRequestToViewNameTranslator@399fd2ab
2026-02-16T16:41:47.214+05:30 DEBUG 18088 --- [arihant-grc-tool] [http-nio-8085-exec-1] o.s.web.servlet.DispatcherServlet        : Detected org.springframework.web.servlet.support.SessionFlashMapManager@4d62b6da
2026-02-16T16:41:47.214+05:30 DEBUG 18088 --- [arihant-grc-tool] [http-nio-8085-exec-1] o.s.web.servlet.DispatcherServlet        : enableLoggingRequestDetails='false': request parameters and headers will be masked to prevent unsafe logging of potentially sensitive data
2026-02-16T16:41:47.214+05:30  INFO 18088 --- [arihant-grc-tool] [http-nio-8085-exec-1] o.s.web.servlet.DispatcherServlet        : Completed initialization in 6 ms
2026-02-16T16:41:47.474+05:30 DEBUG 18088 --- [arihant-grc-tool] [http-nio-8085-exec-1] o.s.web.servlet.DispatcherServlet        : GET "/api/users/v1/auth/me", parameters={}
2026-02-16T16:41:47.494+05:30 DEBUG 18088 --- [arihant-grc-tool] [http-nio-8085-exec-1] s.w.s.m.m.a.RequestMappingHandlerMapping : Mapped to com.grctool.controller.UserController#getCurrentUser(OidcUser)
2026-02-16T16:41:47.582+05:30 DEBUG 18088 --- [arihant-grc-tool] [http-nio-8085-exec-1] o.s.w.s.m.m.a.HttpEntityMethodProcessor  : Using 'application/json', given [*/*] and supported [application/json, application/*+json]
2026-02-16T16:41:47.588+05:30 DEBUG 18088 --- [arihant-grc-tool] [http-nio-8085-exec-1] o.s.w.s.m.m.a.HttpEntityMethodProcessor  : Nothing to write: null body
2026-02-16T16:41:47.588+05:30 DEBUG 18088 --- [arihant-grc-tool] [http-nio-8085-exec-1] o.s.web.servlet.DispatcherServlet        : Completed 401 UNAUTHORIZED
2026-02-16T16:42:08.164+05:30 DEBUG 18088 --- [arihant-grc-tool] [http-nio-8085-exec-3] o.s.web.servlet.DispatcherServlet        : GET "/api/users/v1/auth/me", parameters={}
2026-02-16T16:42:08.167+05:30 DEBUG 18088 --- [arihant-grc-tool] [http-nio-8085-exec-3] s.w.s.m.m.a.RequestMappingHandlerMapping : Mapped to com.grctool.controller.UserController#getCurrentUser(OidcUser)
2026-02-16T16:42:08.167+05:30 DEBUG 18088 --- [arihant-grc-tool] [http-nio-8085-exec-3] o.s.w.s.m.m.a.HttpEntityMethodProcessor  : Using 'application/json', given [*/*] and supported [application/json, application/*+json]
2026-02-16T16:42:08.167+05:30 DEBUG 18088 --- [arihant-grc-tool] [http-nio-8085-exec-3] o.s.w.s.m.m.a.HttpEntityMethodProcessor  : Nothing to write: null body
2026-02-16T16:42:08.172+05:30 DEBUG 18088 --- [arihant-grc-tool] [http-nio-8085-exec-3] o.s.web.servlet.DispatcherServlet        : Completed 401 UNAUTHORIZED
2026-02-16T16:42:16.521+05:30 DEBUG 18088 --- [arihant-grc-tool] [http-nio-8085-exec-10] o.s.web.servlet.DispatcherServlet        : GET "/api/users/v1/auth/me", parameters={}
2026-02-16T16:42:16.525+05:30 DEBUG 18088 --- [arihant-grc-tool] [http-nio-8085-exec-10] s.w.s.m.m.a.RequestMappingHandlerMapping : Mapped to com.grctool.controller.UserController#getCurrentUser(OidcUser)
2026-02-16T16:42:16.527+05:30 DEBUG 18088 --- [arihant-grc-tool] [http-nio-8085-exec-10] o.s.w.s.m.m.a.HttpEntityMethodProcessor  : Using 'application/json', given [*/*] and supported [application/json, application/*+json]
2026-02-16T16:42:16.527+05:30 DEBUG 18088 --- [arihant-grc-tool] [http-nio-8085-exec-10] o.s.w.s.m.m.a.HttpEntityMethodProcessor  : Nothing to write: null body
2026-02-16T16:42:16.528+05:30 DEBUG 18088 --- [arihant-grc-tool] [http-nio-8085-exec-10] o.s.web.servlet.DispatcherServlet        : Completed 401 UNAUTHORIZED
2026-02-16T16:49:22.648+05:30 DEBUG 18088 --- [arihant-grc-tool] [http-nio-8085-exec-9] o.s.web.servlet.DispatcherServlet        : GET "/api/users/v1/auth/me", parameters={}
2026-02-16T16:49:22.650+05:30 DEBUG 18088 --- [arihant-grc-tool] [http-nio-8085-exec-9] s.w.s.m.m.a.RequestMappingHandlerMapping : Mapped to com.grctool.controller.UserController#getCurrentUser(OidcUser)
2026-02-16T16:49:22.657+05:30 DEBUG 18088 --- [arihant-grc-tool] [http-nio-8085-exec-9] o.s.w.s.m.m.a.HttpEntityMethodProcessor  : Using 'application/json', given [*/*] and supported [application/json, application/*+json]
2026-02-16T16:49:22.657+05:30 DEBUG 18088 --- [arihant-grc-tool] [http-nio-8085-exec-9] o.s.w.s.m.m.a.HttpEntityMethodProcessor  : Nothing to write: null body
2026-02-16T16:49:22.657+05:30 DEBUG 18088 --- [arihant-grc-tool] [http-nio-8085-exec-9] o.s.web.servlet.DispatcherServlet        : Completed 401 UNAUTHORIZED
2026-02-16T16:50:05.880+05:30 DEBUG 18088 --- [arihant-grc-tool] [http-nio-8085-exec-10] o.s.web.servlet.DispatcherServlet        : GET "/api/users/v1/auth/me", parameters={}
2026-02-16T16:50:05.882+05:30 DEBUG 18088 --- [arihant-grc-tool] [http-nio-8085-exec-10] s.w.s.m.m.a.RequestMappingHandlerMapping : Mapped to com.grctool.controller.UserController#getCurrentUser(OidcUser)
2026-02-16T16:50:05.884+05:30 DEBUG 18088 --- [arihant-grc-tool] [http-nio-8085-exec-10] o.s.w.s.m.m.a.HttpEntityMethodProcessor  : Using 'application/json', given [*/*] and supported [application/json, application/*+json]
2026-02-16T16:50:05.884+05:30 DEBUG 18088 --- [arihant-grc-tool] [http-nio-8085-exec-10] o.s.w.s.m.m.a.HttpEntityMethodProcessor  : Nothing to write: null body
2026-02-16T16:50:05.886+05:30 DEBUG 18088 --- [arihant-grc-tool] [http-nio-8085-exec-10] o.s.web.servlet.DispatcherServlet        : Completed 401 UNAUTHORIZED
2026-02-16T16:50:14.163+05:30 DEBUG 18088 --- [arihant-grc-tool] [http-nio-8085-exec-7] o.s.web.servlet.DispatcherServlet        : GET "/api/users/v1/auth/me", parameters={}
2026-02-16T16:50:14.171+05:30 DEBUG 18088 --- [arihant-grc-tool] [http-nio-8085-exec-7] s.w.s.m.m.a.RequestMappingHandlerMapping : Mapped to com.grctool.controller.UserController#getCurrentUser(OidcUser)
2026-02-16T16:50:14.173+05:30 DEBUG 18088 --- [arihant-grc-tool] [http-nio-8085-exec-7] o.s.w.s.m.m.a.HttpEntityMethodProcessor  : Using 'application/json', given [*/*] and supported [application/json, application/*+json]
2026-02-16T16:50:14.174+05:30 DEBUG 18088 --- [arihant-grc-tool] [http-nio-8085-exec-7] o.s.w.s.m.m.a.HttpEntityMethodProcessor  : Nothing to write: null body
2026-02-16T16:50:14.174+05:30 DEBUG 18088 --- [arihant-grc-tool] [http-nio-8085-exec-7] o.s.web.servlet.DispatcherServlet        : Completed 401 UNAUTHORIZED
2026-02-16T16:51:56.560+05:30  INFO 18088 --- [arihant-grc-tool] [SpringApplicationShutdownHook] o.s.boot.tomcat.GracefulShutdown         : Commencing graceful shutdown. Waiting for active requests to complete
2026-02-16T16:51:56.569+05:30  INFO 18088 --- [arihant-grc-tool] [tomcat-shutdown] o.s.boot.tomcat.GracefulShutdown         : Graceful shutdown complete
2026-02-16T16:51:56.584+05:30  INFO 18088 --- [arihant-grc-tool] [SpringApplicationShutdownHook] j.LocalContainerEntityManagerFactoryBean : Closing JPA EntityManagerFactory for persistence unit 'default'
2026-02-16T16:51:56.584+05:30  INFO 18088 --- [arihant-grc-tool] [SpringApplicationShutdownHook] com.zaxxer.hikari.HikariDataSource       : HikariPool-1 - Shutdown initiated...
2026-02-16T16:51:56.591+05:30  INFO 18088 --- [arihant-grc-tool] [SpringApplicationShutdownHook] com.zaxxer.hikari.HikariDataSource       : HikariPool-1 - Shutdown completed.
2026-02-16T17:01:08.484+05:30  INFO 5364 --- [arihant-grc-tool] [main] com.grctool.ArihantGrcToolApplication    : Starting ArihantGrcToolApplication using Java 21.0.10 with PID 5364 (D:\Company_Projects\arihant-grc-tool\arihant-grc-tool\target\classes started by prathameshpawar in D:\Company_Projects\arihant-grc-tool\arihant-grc-tool)
2026-02-16T17:01:08.484+05:30  INFO 5364 --- [arihant-grc-tool] [main] com.grctool.ArihantGrcToolApplication    : No active profile set, falling back to 1 default profile: "default"
2026-02-16T17:01:09.589+05:30  INFO 5364 --- [arihant-grc-tool] [main] .s.d.r.c.RepositoryConfigurationDelegate : Bootstrapping Spring Data JPA repositories in DEFAULT mode.
2026-02-16T17:01:09.701+05:30  INFO 5364 --- [arihant-grc-tool] [main] .s.d.r.c.RepositoryConfigurationDelegate : Finished Spring Data repository scanning in 92 ms. Found 11 JPA repository interfaces.
2026-02-16T17:01:10.449+05:30  INFO 5364 --- [arihant-grc-tool] [main] o.s.boot.tomcat.TomcatWebServer          : Tomcat initialized with port 8085 (http)
2026-02-16T17:01:10.465+05:30  INFO 5364 --- [arihant-grc-tool] [main] o.apache.catalina.core.StandardService   : Starting service [Tomcat]
2026-02-16T17:01:10.465+05:30  INFO 5364 --- [arihant-grc-tool] [main] o.apache.catalina.core.StandardEngine    : Starting Servlet engine: [Apache Tomcat/11.0.18]
2026-02-16T17:01:10.533+05:30  INFO 5364 --- [arihant-grc-tool] [main] b.w.c.s.WebApplicationContextInitializer : Root WebApplicationContext: initialization completed in 1971 ms
2026-02-16T17:01:10.707+05:30 DEBUG 5364 --- [arihant-grc-tool] [main] o.s.w.f.ServerHttpObservationFilter      : Filter 'webMvcObservationFilter' configured for use
2026-02-16T17:01:10.707+05:30 DEBUG 5364 --- [arihant-grc-tool] [main] o.springframework.web.filter.CorsFilter  : Filter 'corsFilter' configured for use
2026-02-16T17:01:11.122+05:30  INFO 5364 --- [arihant-grc-tool] [main] com.zaxxer.hikari.HikariDataSource       : HikariPool-1 - Starting...
2026-02-16T17:01:11.338+05:30  INFO 5364 --- [arihant-grc-tool] [main] com.zaxxer.hikari.pool.HikariPool        : HikariPool-1 - Added connection org.postgresql.jdbc.PgConnection@194037f9
2026-02-16T17:01:11.338+05:30  INFO 5364 --- [arihant-grc-tool] [main] com.zaxxer.hikari.HikariDataSource       : HikariPool-1 - Start completed.
2026-02-16T17:01:11.370+05:30  INFO 5364 --- [arihant-grc-tool] [main] org.flywaydb.core.FlywayExecutor         : Database: jdbc:postgresql://localhost:5432/grc_db (PostgreSQL 18.1)
2026-02-16T17:01:11.402+05:30  INFO 5364 --- [arihant-grc-tool] [main] o.f.c.i.resource.ResourceNameValidator   : 1 SQL migrations were detected but not run because they did not follow the filename convention.
2026-02-16T17:01:11.402+05:30  INFO 5364 --- [arihant-grc-tool] [main] o.f.c.i.resource.ResourceNameValidator   : Set 'validateMigrationNaming' to true to fail fast and see a list of the invalid file names.
2026-02-16T17:01:11.497+05:30  INFO 5364 --- [arihant-grc-tool] [main] o.f.core.internal.command.DbValidate     : Successfully validated 20 migrations (execution time 00:00.059s)
2026-02-16T17:01:11.576+05:30  INFO 5364 --- [arihant-grc-tool] [main] o.f.core.internal.command.DbMigrate      : Current version of schema "public": 21
2026-02-16T17:01:11.576+05:30  WARN 5364 --- [arihant-grc-tool] [main] o.f.core.internal.command.DbMigrate      : outOfOrder mode is active. Migration of schema "public" may not be reproducible.
2026-02-16T17:01:11.576+05:30  INFO 5364 --- [arihant-grc-tool] [main] o.f.core.internal.command.DbMigrate      : Schema "public" is up to date. No migration necessary.
2026-02-16T17:01:12.509+05:30  INFO 5364 --- [arihant-grc-tool] [main] o.s.o.j.p.SpringPersistenceUnitInfo      : No LoadTimeWeaver setup: ignoring JPA class transformer
2026-02-16T17:01:14.121+05:30  INFO 5364 --- [arihant-grc-tool] [main] j.LocalContainerEntityManagerFactoryBean : Initialized JPA EntityManagerFactory for persistence unit 'default'
2026-02-16T17:01:14.210+05:30  INFO 5364 --- [arihant-grc-tool] [main] o.s.d.j.r.query.QueryEnhancerFactories   : Hibernate is in classpath; If applicable, HQL parser will be used.
2026-02-16T17:01:15.579+05:30  WARN 5364 --- [arihant-grc-tool] [main] JpaBaseConfiguration$JpaWebConfiguration : spring.jpa.open-in-view is enabled by default. Therefore, database queries may be performed during view rendering. Explicitly configure spring.jpa.open-in-view to disable this warning
2026-02-16T17:01:16.035+05:30 DEBUG 5364 --- [arihant-grc-tool] [main] s.w.s.m.m.a.RequestMappingHandlerMapping : 40 mappings in 'requestMappingHandlerMapping'
2026-02-16T17:01:16.067+05:30 DEBUG 5364 --- [arihant-grc-tool] [main] o.s.w.s.handler.SimpleUrlHandlerMapping  : Patterns [/webjars/**, /**] in 'resourceHandlerMapping'
2026-02-16T17:01:16.103+05:30 DEBUG 5364 --- [arihant-grc-tool] [main] s.w.s.m.m.a.RequestMappingHandlerAdapter : ControllerAdvice beans: 0 @ModelAttribute, 0 @InitBinder, 2 RequestBodyAdvice, 1 ResponseBodyAdvice
2026-02-16T17:01:16.167+05:30 DEBUG 5364 --- [arihant-grc-tool] [main] .m.m.a.ExceptionHandlerExceptionResolver : ControllerAdvice beans: 1 @ExceptionHandler, 1 ResponseBodyAdvice
2026-02-16T17:01:16.352+05:30  INFO 5364 --- [arihant-grc-tool] [main] o.s.b.a.e.web.EndpointLinksResolver      : Exposing 1 endpoint beneath base path '/actuator'
2026-02-16T17:01:16.447+05:30  INFO 5364 --- [arihant-grc-tool] [main] o.s.boot.tomcat.TomcatWebServer          : Tomcat started on port 8085 (http) with context path '/'
2026-02-16T17:01:16.463+05:30  INFO 5364 --- [arihant-grc-tool] [main] com.grctool.ArihantGrcToolApplication    : Started ArihantGrcToolApplication in 8.681 seconds (process running for 9.233)
2026-02-16T17:01:28.752+05:30  INFO 5364 --- [arihant-grc-tool] [http-nio-8085-exec-1] o.a.c.c.C.[Tomcat].[localhost].[/]       : Initializing Spring DispatcherServlet 'dispatcherServlet'
2026-02-16T17:01:28.752+05:30  INFO 5364 --- [arihant-grc-tool] [http-nio-8085-exec-1] o.s.web.servlet.DispatcherServlet        : Initializing Servlet 'dispatcherServlet'
2026-02-16T17:01:28.752+05:30 DEBUG 5364 --- [arihant-grc-tool] [http-nio-8085-exec-1] o.s.web.servlet.DispatcherServlet        : Detected StandardServletMultipartResolver
2026-02-16T17:01:28.752+05:30 DEBUG 5364 --- [arihant-grc-tool] [http-nio-8085-exec-1] o.s.web.servlet.DispatcherServlet        : Detected AcceptHeaderLocaleResolver
2026-02-16T17:01:28.752+05:30 DEBUG 5364 --- [arihant-grc-tool] [http-nio-8085-exec-1] o.s.web.servlet.DispatcherServlet        : Detected org.springframework.web.servlet.view.DefaultRequestToViewNameTranslator@399fd2ab
2026-02-16T17:01:28.752+05:30 DEBUG 5364 --- [arihant-grc-tool] [http-nio-8085-exec-1] o.s.web.servlet.DispatcherServlet        : Detected org.springframework.web.servlet.support.SessionFlashMapManager@4d62b6da
2026-02-16T17:01:28.764+05:30 DEBUG 5364 --- [arihant-grc-tool] [http-nio-8085-exec-1] o.s.web.servlet.DispatcherServlet        : enableLoggingRequestDetails='false': request parameters and headers will be masked to prevent unsafe logging of potentially sensitive data
2026-02-16T17:01:28.766+05:30  INFO 5364 --- [arihant-grc-tool] [http-nio-8085-exec-1] o.s.web.servlet.DispatcherServlet        : Completed initialization in 14 ms
2026-02-16T17:01:33.296+05:30 DEBUG 5364 --- [arihant-grc-tool] [http-nio-8085-exec-2] o.s.web.client.DefaultRestClient         : Writing [{grant_type=[authorization_code], code=[4/0AfrIepCJVrKVvu-dLSSQKRkev5nfWNV613xu9W1a74tnQXe3WB6EPf1HdnTJO_Xd5mG5mw], redirect_uri=[http://localhost:8085/login/oauth2/code/google], code_verifier=[PTIWNgBt4iRYVuqJpl80DniQSv_2q_Haj0VY3X9DcRvIHd7ArR4eqow7IYBnr5PsO6pjPvFEopXgxcj99N8-XBw4wdpTB5wRHYgQgxqbx9BXLyLmD4aEvYuvntOUzwrR]}] as "application/x-www-form-urlencoded" with org.springframework.http.converter.FormHttpMessageConverter
2026-02-16T17:01:34.272+05:30 DEBUG 5364 --- [arihant-grc-tool] [http-nio-8085-exec-2] o.s.web.client.DefaultRestClient         : Reading to [org.springframework.security.oauth2.core.endpoint.OAuth2AccessTokenResponse] as "application/json;charset=utf-8"
2026-02-16T17:01:34.737+05:30 DEBUG 5364 --- [arihant-grc-tool] [http-nio-8085-exec-2] org.springframework.web.HttpLogging      : HTTP GET https://www.googleapis.com/oauth2/v3/certs
2026-02-16T17:01:34.753+05:30 DEBUG 5364 --- [arihant-grc-tool] [http-nio-8085-exec-2] org.springframework.web.HttpLogging      : Accept=[text/plain, application/json, application/*+json, */*]
2026-02-16T17:01:34.918+05:30 DEBUG 5364 --- [arihant-grc-tool] [http-nio-8085-exec-2] org.springframework.web.HttpLogging      : Response 200 OK
2026-02-16T17:01:34.919+05:30 DEBUG 5364 --- [arihant-grc-tool] [http-nio-8085-exec-2] org.springframework.web.HttpLogging      : Reading to [java.lang.String] as "application/json;charset=UTF-8"
2026-02-16T17:01:34.969+05:30 DEBUG 5364 --- [arihant-grc-tool] [http-nio-8085-exec-2] o.s.web.client.RestTemplate              : HTTP GET https://www.googleapis.com/oauth2/v3/userinfo
2026-02-16T17:01:34.969+05:30 DEBUG 5364 --- [arihant-grc-tool] [http-nio-8085-exec-2] o.s.web.client.RestTemplate              : Accept=[application/json, application/*+json]
2026-02-16T17:01:35.162+05:30 DEBUG 5364 --- [arihant-grc-tool] [http-nio-8085-exec-2] o.s.web.client.RestTemplate              : Response 200 OK
2026-02-16T17:01:35.162+05:30 DEBUG 5364 --- [arihant-grc-tool] [http-nio-8085-exec-2] o.s.web.client.RestTemplate              : Reading to [java.util.Map<java.lang.String, java.lang.Object>]
2026-02-16T17:01:35.519+05:30 ERROR 5364 --- [arihant-grc-tool] [task-1] .a.i.SimpleAsyncUncaughtExceptionHandler : Unexpected exception occurred invoking async method: public void com.grctool.service.auditService.AuditLogService.logAction(java.lang.String,java.util.UUID,java.lang.String,java.lang.String,com.grctool.model.User,java.lang.String,java.lang.String,java.lang.String)

org.springframework.dao.DataIntegrityViolationException: could not execute statement [ERROR: null value in column "entity_id" of relation "audit_log" violates not-null constraint
  Detail: Failing row contains (84e888ae-ea70-4773-ba32-49935e8e3653, SYSTEM, null, LOGIN_SUCCESS, New session established, null, 2026-02-16 17:01:35.402055, 2026-02-16 17:01:35.402055, 0:0:0:0:0:0:0:1, Mozilla/5.0 (Windows NT 10.0; Win64; x64) AppleWebKit/537.36 (KH..., D90D5BD38C38783DD76C2057A76C500E).] [insert into audit_log (action,change_details,created_at,entity_id,entity_name,ip_address,performed_by,session_id,updated_at,user_agent,id) values (?,?,?,?,?,?,?,?,?,?,?)]; SQL [insert into audit_log (action,change_details,created_at,entity_id,entity_name,ip_address,performed_by,session_id,updated_at,user_agent,id) values (?,?,?,?,?,?,?,?,?,?,?)]; constraint [entity_id]
	at org.springframework.orm.jpa.hibernate.HibernateExceptionTranslator.convertHibernateAccessException(HibernateExceptionTranslator.java:169) ~[spring-orm-7.0.5-SNAPSHOT.jar:7.0.5-SNAPSHOT]
	at org.springframework.orm.jpa.hibernate.HibernateExceptionTranslator.convertHibernateAccessException(HibernateExceptionTranslator.java:131) ~[spring-orm-7.0.5-SNAPSHOT.jar:7.0.5-SNAPSHOT]
	at org.springframework.orm.jpa.hibernate.HibernateExceptionTranslator.translateExceptionIfPossible(HibernateExceptionTranslator.java:105) ~[spring-orm-7.0.5-SNAPSHOT.jar:7.0.5-SNAPSHOT]
	at org.springframework.orm.jpa.vendor.HibernateJpaDialect.translateExceptionIfPossible(HibernateJpaDialect.java:223) ~[spring-orm-7.0.5-SNAPSHOT.jar:7.0.5-SNAPSHOT]
	at org.springframework.orm.jpa.JpaTransactionManager.doCommit(JpaTransactionManager.java:557) ~[spring-orm-7.0.5-SNAPSHOT.jar:7.0.5-SNAPSHOT]
	at org.springframework.transaction.support.AbstractPlatformTransactionManager.processCommit(AbstractPlatformTransactionManager.java:794) ~[spring-tx-7.0.5-SNAPSHOT.jar:7.0.5-SNAPSHOT]
	at org.springframework.transaction.support.AbstractPlatformTransactionManager.commit(AbstractPlatformTransactionManager.java:757) ~[spring-tx-7.0.5-SNAPSHOT.jar:7.0.5-SNAPSHOT]
	at org.springframework.transaction.interceptor.TransactionAspectSupport.commitTransactionAfterReturning(TransactionAspectSupport.java:687) ~[spring-tx-7.0.5-SNAPSHOT.jar:7.0.5-SNAPSHOT]
	at org.springframework.transaction.interceptor.TransactionAspectSupport.invokeWithinTransaction(TransactionAspectSupport.java:408) ~[spring-tx-7.0.5-SNAPSHOT.jar:7.0.5-SNAPSHOT]
	at org.springframework.transaction.interceptor.TransactionInterceptor.invoke(TransactionInterceptor.java:130) ~[spring-tx-7.0.5-SNAPSHOT.jar:7.0.5-SNAPSHOT]
	at org.springframework.aop.framework.ReflectiveMethodInvocation.proceed(ReflectiveMethodInvocation.java:179) ~[spring-aop-7.0.5-SNAPSHOT.jar:7.0.5-SNAPSHOT]
	at org.springframework.dao.support.PersistenceExceptionTranslationInterceptor.invoke(PersistenceExceptionTranslationInterceptor.java:135) ~[spring-tx-7.0.5-SNAPSHOT.jar:7.0.5-SNAPSHOT]
	at org.springframework.aop.framework.ReflectiveMethodInvocation.proceed(ReflectiveMethodInvocation.java:179) ~[spring-aop-7.0.5-SNAPSHOT.jar:7.0.5-SNAPSHOT]
	at org.springframework.data.jpa.repository.support.CrudMethodMetadataPostProcessor$CrudMethodMetadataPopulatingMethodInterceptor.invoke(CrudMethodMetadataPostProcessor.java:166) ~[spring-data-jpa-4.1.0-M1.jar:4.1.0-M1]
	at org.springframework.aop.framework.ReflectiveMethodInvocation.proceed(ReflectiveMethodInvocation.java:179) ~[spring-aop-7.0.5-SNAPSHOT.jar:7.0.5-SNAPSHOT]
	at org.springframework.aop.framework.JdkDynamicAopProxy.invoke(JdkDynamicAopProxy.java:222) ~[spring-aop-7.0.5-SNAPSHOT.jar:7.0.5-SNAPSHOT]
	at jdk.proxy2/jdk.proxy2.$Proxy172.save(Unknown Source) ~[na:na]
	at com.grctool.service.auditService.AuditLogService.logAction(AuditLogService.java:64) ~[classes/:na]
	at java.base/jdk.internal.reflect.DirectMethodHandleAccessor.invoke(DirectMethodHandleAccessor.java:103) ~[na:na]
	at java.base/java.lang.reflect.Method.invoke(Method.java:580) ~[na:na]
	at org.springframework.aop.support.AopUtils.invokeJoinpointUsingReflection(AopUtils.java:359) ~[spring-aop-7.0.5-SNAPSHOT.jar:7.0.5-SNAPSHOT]
	at org.springframework.aop.framework.ReflectiveMethodInvocation.invokeJoinpoint(ReflectiveMethodInvocation.java:190) ~[spring-aop-7.0.5-SNAPSHOT.jar:7.0.5-SNAPSHOT]
	at org.springframework.aop.framework.ReflectiveMethodInvocation.proceed(ReflectiveMethodInvocation.java:158) ~[spring-aop-7.0.5-SNAPSHOT.jar:7.0.5-SNAPSHOT]
	at org.springframework.aop.interceptor.AsyncExecutionInterceptor.lambda$invoke$0(AsyncExecutionInterceptor.java:112) ~[spring-aop-7.0.5-SNAPSHOT.jar:7.0.5-SNAPSHOT]
	at java.base/java.util.concurrent.FutureTask.run(FutureTask.java:317) ~[na:na]
	at java.base/java.util.concurrent.ThreadPoolExecutor.runWorker(ThreadPoolExecutor.java:1144) ~[na:na]
	at java.base/java.util.concurrent.ThreadPoolExecutor$Worker.run(ThreadPoolExecutor.java:642) ~[na:na]
	at java.base/java.lang.Thread.run(Thread.java:1583) ~[na:na]
Caused by: org.hibernate.exception.ConstraintViolationException: could not execute statement [ERROR: null value in column "entity_id" of relation "audit_log" violates not-null constraint
  Detail: Failing row contains (84e888ae-ea70-4773-ba32-49935e8e3653, SYSTEM, null, LOGIN_SUCCESS, New session established, null, 2026-02-16 17:01:35.402055, 2026-02-16 17:01:35.402055, 0:0:0:0:0:0:0:1, Mozilla/5.0 (Windows NT 10.0; Win64; x64) AppleWebKit/537.36 (KH..., D90D5BD38C38783DD76C2057A76C500E).] [insert into audit_log (action,change_details,created_at,entity_id,entity_name,ip_address,performed_by,session_id,updated_at,user_agent,id) values (?,?,?,?,?,?,?,?,?,?,?)]
	at org.hibernate.exception.internal.SQLStateConversionDelegate.convert(SQLStateConversionDelegate.java:73) ~[hibernate-core-7.2.4.Final.jar:7.2.4.Final]
	at org.hibernate.exception.internal.StandardSQLExceptionConverter.convert(StandardSQLExceptionConverter.java:34) ~[hibernate-core-7.2.4.Final.jar:7.2.4.Final]
	at org.hibernate.engine.jdbc.spi.SqlExceptionHelper.convert(SqlExceptionHelper.java:115) ~[hibernate-core-7.2.4.Final.jar:7.2.4.Final]
	at org.hibernate.engine.jdbc.internal.ResultSetReturnImpl.executeUpdate(ResultSetReturnImpl.java:184) ~[hibernate-core-7.2.4.Final.jar:7.2.4.Final]
	at org.hibernate.engine.jdbc.mutation.internal.AbstractMutationExecutor.performNonBatchedMutation(AbstractMutationExecutor.java:145) ~[hibernate-core-7.2.4.Final.jar:7.2.4.Final]
	at org.hibernate.engine.jdbc.mutation.internal.MutationExecutorSingleNonBatched.performNonBatchedOperations(MutationExecutorSingleNonBatched.java:53) ~[hibernate-core-7.2.4.Final.jar:7.2.4.Final]
	at org.hibernate.engine.jdbc.mutation.internal.AbstractMutationExecutor.execute(AbstractMutationExecutor.java:66) ~[hibernate-core-7.2.4.Final.jar:7.2.4.Final]
	at org.hibernate.engine.jdbc.mutation.internal.AbstractMutationExecutor.execute(AbstractMutationExecutor.java:55) ~[hibernate-core-7.2.4.Final.jar:7.2.4.Final]
	at org.hibernate.persister.entity.mutation.InsertCoordinatorStandard.doStaticInserts(InsertCoordinatorStandard.java:180) ~[hibernate-core-7.2.4.Final.jar:7.2.4.Final]
	at org.hibernate.persister.entity.mutation.InsertCoordinatorStandard.coordinateInsert(InsertCoordinatorStandard.java:120) ~[hibernate-core-7.2.4.Final.jar:7.2.4.Final]
	at org.hibernate.persister.entity.mutation.InsertCoordinatorStandard.insert(InsertCoordinatorStandard.java:93) ~[hibernate-core-7.2.4.Final.jar:7.2.4.Final]
	at org.hibernate.action.internal.EntityInsertAction.execute(EntityInsertAction.java:108) ~[hibernate-core-7.2.4.Final.jar:7.2.4.Final]
	at org.hibernate.engine.spi.ActionQueue.executeActions(ActionQueue.java:634) ~[hibernate-core-7.2.4.Final.jar:7.2.4.Final]
	at org.hibernate.engine.spi.ActionQueue.executeActions(ActionQueue.java:505) ~[hibernate-core-7.2.4.Final.jar:7.2.4.Final]
	at org.hibernate.event.internal.AbstractFlushingEventListener.performExecutions(AbstractFlushingEventListener.java:381) ~[hibernate-core-7.2.4.Final.jar:7.2.4.Final]
	at org.hibernate.event.internal.DefaultFlushEventListener.onFlush(DefaultFlushEventListener.java:40) ~[hibernate-core-7.2.4.Final.jar:7.2.4.Final]
	at org.hibernate.event.service.internal.EventListenerGroupImpl.fireEventOnEachListener(EventListenerGroupImpl.java:138) ~[hibernate-core-7.2.4.Final.jar:7.2.4.Final]
	at org.hibernate.internal.SessionImpl.fireFlush(SessionImpl.java:1489) ~[hibernate-core-7.2.4.Final.jar:7.2.4.Final]
	at org.hibernate.internal.SessionImpl.managedFlush(SessionImpl.java:481) ~[hibernate-core-7.2.4.Final.jar:7.2.4.Final]
	at org.hibernate.internal.SessionImpl.flushBeforeTransactionCompletion(SessionImpl.java:2116) ~[hibernate-core-7.2.4.Final.jar:7.2.4.Final]
	at org.hibernate.internal.SessionImpl.beforeTransactionCompletion(SessionImpl.java:2038) ~[hibernate-core-7.2.4.Final.jar:7.2.4.Final]
	at org.hibernate.engine.jdbc.internal.JdbcCoordinatorImpl.beforeTransactionCompletion(JdbcCoordinatorImpl.java:410) ~[hibernate-core-7.2.4.Final.jar:7.2.4.Final]
	at org.hibernate.resource.transaction.backend.jdbc.internal.JdbcResourceLocalTransactionCoordinatorImpl.beforeCompletionCallback(JdbcResourceLocalTransactionCoordinatorImpl.java:166) ~[hibernate-core-7.2.4.Final.jar:7.2.4.Final]
	at org.hibernate.resource.transaction.backend.jdbc.internal.JdbcResourceLocalTransactionCoordinatorImpl$TransactionDriverControlImpl.commitNoRollbackOnly(JdbcResourceLocalTransactionCoordinatorImpl.java:248) ~[hibernate-core-7.2.4.Final.jar:7.2.4.Final]
	at org.hibernate.resource.transaction.backend.jdbc.internal.JdbcResourceLocalTransactionCoordinatorImpl$TransactionDriverControlImpl.commit(JdbcResourceLocalTransactionCoordinatorImpl.java:242) ~[hibernate-core-7.2.4.Final.jar:7.2.4.Final]
	at org.hibernate.engine.transaction.internal.TransactionImpl.commit(TransactionImpl.java:89) ~[hibernate-core-7.2.4.Final.jar:7.2.4.Final]
	at org.springframework.orm.jpa.JpaTransactionManager.doCommit(JpaTransactionManager.java:553) ~[spring-orm-7.0.5-SNAPSHOT.jar:7.0.5-SNAPSHOT]
	... 23 common frames omitted
Caused by: org.postgresql.util.PSQLException: ERROR: null value in column "entity_id" of relation "audit_log" violates not-null constraint
  Detail: Failing row contains (84e888ae-ea70-4773-ba32-49935e8e3653, SYSTEM, null, LOGIN_SUCCESS, New session established, null, 2026-02-16 17:01:35.402055, 2026-02-16 17:01:35.402055, 0:0:0:0:0:0:0:1, Mozilla/5.0 (Windows NT 10.0; Win64; x64) AppleWebKit/537.36 (KH..., D90D5BD38C38783DD76C2057A76C500E).
	at org.postgresql.core.v3.QueryExecutorImpl.receiveErrorResponse(QueryExecutorImpl.java:2875) ~[postgresql-42.7.10.jar:42.7.10]
	at org.postgresql.core.v3.QueryExecutorImpl.processResults(QueryExecutorImpl.java:2560) ~[postgresql-42.7.10.jar:42.7.10]
	at org.postgresql.core.v3.QueryExecutorImpl.execute(QueryExecutorImpl.java:429) ~[postgresql-42.7.10.jar:42.7.10]
	at org.postgresql.jdbc.PgStatement.executeInternal(PgStatement.java:526) ~[postgresql-42.7.10.jar:42.7.10]
	at org.postgresql.jdbc.PgStatement.execute(PgStatement.java:436) ~[postgresql-42.7.10.jar:42.7.10]
	at org.postgresql.jdbc.PgPreparedStatement.executeWithFlags(PgPreparedStatement.java:196) ~[postgresql-42.7.10.jar:42.7.10]
	at org.postgresql.jdbc.PgPreparedStatement.executeUpdate(PgPreparedStatement.java:157) ~[postgresql-42.7.10.jar:42.7.10]
	at com.zaxxer.hikari.pool.ProxyPreparedStatement.executeUpdate(ProxyPreparedStatement.java:61) ~[HikariCP-7.0.2.jar:na]
	at com.zaxxer.hikari.pool.HikariProxyPreparedStatement.executeUpdate(HikariProxyPreparedStatement.java) ~[HikariCP-7.0.2.jar:na]
	at org.hibernate.engine.jdbc.internal.ResultSetReturnImpl.executeUpdate(ResultSetReturnImpl.java:181) ~[hibernate-core-7.2.4.Final.jar:7.2.4.Final]
	... 46 common frames omitted

2026-02-16T17:01:37.043+05:30 DEBUG 5364 --- [arihant-grc-tool] [http-nio-8085-exec-5] o.s.web.servlet.DispatcherServlet        : GET "/api/users/v1/auth/me", parameters={}
2026-02-16T17:01:37.075+05:30 DEBUG 5364 --- [arihant-grc-tool] [http-nio-8085-exec-5] s.w.s.m.m.a.RequestMappingHandlerMapping : Mapped to com.grctool.controller.UserController#getCurrentUser(OidcUser)
2026-02-16T17:01:37.158+05:30 DEBUG 5364 --- [arihant-grc-tool] [http-nio-8085-exec-5] o.s.w.s.m.m.a.HttpEntityMethodProcessor  : Using 'application/json', given [*/*] and supported [application/json, application/*+json]
2026-02-16T17:01:37.164+05:30 DEBUG 5364 --- [arihant-grc-tool] [http-nio-8085-exec-5] o.s.w.s.m.m.a.HttpEntityMethodProcessor  : Writing [{role=ADMIN, name=Prathmesh Pawar, email=prathmeshpawar4169@gmail.com, picture=https://lh3.googleuse (truncated)...]
2026-02-16T17:01:37.235+05:30 DEBUG 5364 --- [arihant-grc-tool] [http-nio-8085-exec-5] o.s.web.servlet.DispatcherServlet        : Completed 200 OK
2026-02-16T17:01:37.362+05:30 DEBUG 5364 --- [arihant-grc-tool] [http-nio-8085-exec-6] o.s.web.servlet.DispatcherServlet        : GET "/api/policies", parameters={}
2026-02-16T17:01:37.362+05:30 DEBUG 5364 --- [arihant-grc-tool] [http-nio-8085-exec-7] o.s.web.servlet.DispatcherServlet        : GET "/api/audits", parameters={}
2026-02-16T17:01:37.367+05:30 DEBUG 5364 --- [arihant-grc-tool] [http-nio-8085-exec-7] s.w.s.m.m.a.RequestMappingHandlerMapping : Mapped to com.grctool.controller.AuditController#getAllAudits()
2026-02-16T17:01:37.369+05:30 DEBUG 5364 --- [arihant-grc-tool] [http-nio-8085-exec-6] s.w.s.m.m.a.RequestMappingHandlerMapping : Mapped to com.grctool.controller.PolicyController#getAllPolicies()
2026-02-16T17:01:37.374+05:30 DEBUG 5364 --- [arihant-grc-tool] [http-nio-8085-exec-4] o.s.web.servlet.DispatcherServlet        : GET "/api/risks", parameters={}
2026-02-16T17:01:37.388+05:30 DEBUG 5364 --- [arihant-grc-tool] [http-nio-8085-exec-8] o.s.web.servlet.DispatcherServlet        : GET "/api/incidents", parameters={}
2026-02-16T17:01:37.388+05:30 DEBUG 5364 --- [arihant-grc-tool] [http-nio-8085-exec-4] s.w.s.m.m.a.RequestMappingHandlerMapping : Mapped to com.grctool.controller.RiskController#getAllRisk()
2026-02-16T17:01:37.392+05:30 DEBUG 5364 --- [arihant-grc-tool] [http-nio-8085-exec-8] s.w.s.m.m.a.RequestMappingHandlerMapping : Mapped to com.grctool.controller.IncidentController#getAllIncidents()
2026-02-16T17:01:37.721+05:30 DEBUG 5364 --- [arihant-grc-tool] [http-nio-8085-exec-7] m.m.a.RequestResponseBodyMethodProcessor : Using 'application/json', given [*/*] and supported [application/json, application/*+json]
2026-02-16T17:01:37.723+05:30 DEBUG 5364 --- [arihant-grc-tool] [http-nio-8085-exec-7] m.m.a.RequestResponseBodyMethodProcessor : Writing [[]]
2026-02-16T17:01:37.725+05:30 DEBUG 5364 --- [arihant-grc-tool] [http-nio-8085-exec-8] m.m.a.RequestResponseBodyMethodProcessor : Using 'application/json', given [*/*] and supported [application/json, application/*+json]
2026-02-16T17:01:37.727+05:30 DEBUG 5364 --- [arihant-grc-tool] [http-nio-8085-exec-8] m.m.a.RequestResponseBodyMethodProcessor : Writing [[]]
2026-02-16T17:01:37.766+05:30 DEBUG 5364 --- [arihant-grc-tool] [http-nio-8085-exec-4] m.m.a.RequestResponseBodyMethodProcessor : Using 'application/json', given [*/*] and supported [application/json, application/*+json]
2026-02-16T17:01:37.795+05:30 DEBUG 5364 --- [arihant-grc-tool] [http-nio-8085-exec-4] m.m.a.RequestResponseBodyMethodProcessor : Writing [[RiskResponseDTO[id=1c06cb47-2196-477e-bdb4-861765b627bb, title=Malware, description=Active Malware  (truncated)...]
2026-02-16T17:01:37.827+05:30 DEBUG 5364 --- [arihant-grc-tool] [http-nio-8085-exec-6] m.m.a.RequestResponseBodyMethodProcessor : Using 'application/json', given [*/*] and supported [application/json, application/*+json]
2026-02-16T17:01:37.850+05:30 DEBUG 5364 --- [arihant-grc-tool] [http-nio-8085-exec-6] m.m.a.RequestResponseBodyMethodProcessor : Writing [[PolicyResponseDTO[id=61b95ec4-dd7d-4b19-8b30-b0188b85baa6, title=Information Security Policy, versi (truncated)...]
2026-02-16T17:01:37.882+05:30 DEBUG 5364 --- [arihant-grc-tool] [http-nio-8085-exec-7] o.s.web.servlet.DispatcherServlet        : Completed 200 OK
2026-02-16T17:01:37.882+05:30 DEBUG 5364 --- [arihant-grc-tool] [http-nio-8085-exec-8] o.s.web.servlet.DispatcherServlet        : Completed 200 OK
2026-02-16T17:01:37.895+05:30 DEBUG 5364 --- [arihant-grc-tool] [http-nio-8085-exec-4] o.s.web.servlet.DispatcherServlet        : Completed 200 OK
2026-02-16T17:01:37.896+05:30 DEBUG 5364 --- [arihant-grc-tool] [http-nio-8085-exec-10] o.s.web.servlet.DispatcherServlet        : GET "/api/incidents", parameters={}
2026-02-16T17:01:37.896+05:30 DEBUG 5364 --- [arihant-grc-tool] [http-nio-8085-exec-10] s.w.s.m.m.a.RequestMappingHandlerMapping : Mapped to com.grctool.controller.IncidentController#getAllIncidents()
2026-02-16T17:01:37.896+05:30 DEBUG 5364 --- [arihant-grc-tool] [http-nio-8085-exec-9] o.s.web.servlet.DispatcherServlet        : GET "/api/audits", parameters={}
2026-02-16T17:01:37.900+05:30 DEBUG 5364 --- [arihant-grc-tool] [http-nio-8085-exec-1] o.s.web.servlet.DispatcherServlet        : GET "/api/risks", parameters={}
2026-02-16T17:01:37.900+05:30 DEBUG 5364 --- [arihant-grc-tool] [http-nio-8085-exec-9] s.w.s.m.m.a.RequestMappingHandlerMapping : Mapped to com.grctool.controller.AuditController#getAllAudits()
2026-02-16T17:01:37.900+05:30 DEBUG 5364 --- [arihant-grc-tool] [http-nio-8085-exec-1] s.w.s.m.m.a.RequestMappingHandlerMapping : Mapped to com.grctool.controller.RiskController#getAllRisk()
2026-02-16T17:01:37.900+05:30 DEBUG 5364 --- [arihant-grc-tool] [http-nio-8085-exec-6] o.s.web.servlet.DispatcherServlet        : Completed 200 OK
2026-02-16T17:01:37.907+05:30 DEBUG 5364 --- [arihant-grc-tool] [http-nio-8085-exec-10] m.m.a.RequestResponseBodyMethodProcessor : Using 'application/json', given [*/*] and supported [application/json, application/*+json]
2026-02-16T17:01:37.907+05:30 DEBUG 5364 --- [arihant-grc-tool] [http-nio-8085-exec-10] m.m.a.RequestResponseBodyMethodProcessor : Writing [[]]
2026-02-16T17:01:37.909+05:30 DEBUG 5364 --- [arihant-grc-tool] [http-nio-8085-exec-9] m.m.a.RequestResponseBodyMethodProcessor : Using 'application/json', given [*/*] and supported [application/json, application/*+json]
2026-02-16T17:01:37.909+05:30 DEBUG 5364 --- [arihant-grc-tool] [http-nio-8085-exec-10] o.s.web.servlet.DispatcherServlet        : Completed 200 OK
2026-02-16T17:01:37.911+05:30 DEBUG 5364 --- [arihant-grc-tool] [http-nio-8085-exec-1] m.m.a.RequestResponseBodyMethodProcessor : Using 'application/json', given [*/*] and supported [application/json, application/*+json]
2026-02-16T17:01:37.911+05:30 DEBUG 5364 --- [arihant-grc-tool] [http-nio-8085-exec-9] m.m.a.RequestResponseBodyMethodProcessor : Writing [[]]
2026-02-16T17:01:37.911+05:30 DEBUG 5364 --- [arihant-grc-tool] [http-nio-8085-exec-1] m.m.a.RequestResponseBodyMethodProcessor : Writing [[RiskResponseDTO[id=1c06cb47-2196-477e-bdb4-861765b627bb, title=Malware, description=Active Malware  (truncated)...]
2026-02-16T17:01:37.911+05:30 DEBUG 5364 --- [arihant-grc-tool] [http-nio-8085-exec-2] o.s.web.servlet.DispatcherServlet        : GET "/api/policies", parameters={}
2026-02-16T17:01:37.913+05:30 DEBUG 5364 --- [arihant-grc-tool] [http-nio-8085-exec-2] s.w.s.m.m.a.RequestMappingHandlerMapping : Mapped to com.grctool.controller.PolicyController#getAllPolicies()
2026-02-16T17:01:37.913+05:30 DEBUG 5364 --- [arihant-grc-tool] [http-nio-8085-exec-9] o.s.web.servlet.DispatcherServlet        : Completed 200 OK
2026-02-16T17:01:37.913+05:30 DEBUG 5364 --- [arihant-grc-tool] [http-nio-8085-exec-1] o.s.web.servlet.DispatcherServlet        : Completed 200 OK
2026-02-16T17:01:37.938+05:30 DEBUG 5364 --- [arihant-grc-tool] [http-nio-8085-exec-2] m.m.a.RequestResponseBodyMethodProcessor : Using 'application/json', given [*/*] and supported [application/json, application/*+json]
2026-02-16T17:01:37.938+05:30 DEBUG 5364 --- [arihant-grc-tool] [http-nio-8085-exec-2] m.m.a.RequestResponseBodyMethodProcessor : Writing [[PolicyResponseDTO[id=61b95ec4-dd7d-4b19-8b30-b0188b85baa6, title=Information Security Policy, versi (truncated)...]
2026-02-16T17:01:37.950+05:30 DEBUG 5364 --- [arihant-grc-tool] [http-nio-8085-exec-2] o.s.web.servlet.DispatcherServlet        : Completed 200 OK
2026-02-16T17:01:47.782+05:30 DEBUG 5364 --- [arihant-grc-tool] [http-nio-8085-exec-3] o.s.web.servlet.DispatcherServlet        : GET "/api/users/v1/auth/me", parameters={}
2026-02-16T17:01:47.782+05:30 DEBUG 5364 --- [arihant-grc-tool] [http-nio-8085-exec-3] s.w.s.m.m.a.RequestMappingHandlerMapping : Mapped to com.grctool.controller.UserController#getCurrentUser(OidcUser)
2026-02-16T17:01:47.782+05:30 DEBUG 5364 --- [arihant-grc-tool] [http-nio-8085-exec-3] o.s.w.s.m.m.a.HttpEntityMethodProcessor  : Using 'application/json', given [*/*] and supported [application/json, application/*+json]
2026-02-16T17:01:47.782+05:30 DEBUG 5364 --- [arihant-grc-tool] [http-nio-8085-exec-3] o.s.w.s.m.m.a.HttpEntityMethodProcessor  : Writing [{role=ADMIN, name=Prathmesh Pawar, email=prathmeshpawar4169@gmail.com, picture=https://lh3.googleuse (truncated)...]
2026-02-16T17:01:47.788+05:30 DEBUG 5364 --- [arihant-grc-tool] [http-nio-8085-exec-3] o.s.web.servlet.DispatcherServlet        : Completed 200 OK
2026-02-16T17:02:14.628+05:30  INFO 5364 --- [arihant-grc-tool] [SpringApplicationShutdownHook] o.s.boot.tomcat.GracefulShutdown         : Commencing graceful shutdown. Waiting for active requests to complete
2026-02-16T17:02:14.629+05:30  INFO 5364 --- [arihant-grc-tool] [tomcat-shutdown] o.s.boot.tomcat.GracefulShutdown         : Graceful shutdown complete
2026-02-16T17:02:14.641+05:30  INFO 5364 --- [arihant-grc-tool] [SpringApplicationShutdownHook] j.LocalContainerEntityManagerFactoryBean : Closing JPA EntityManagerFactory for persistence unit 'default'
2026-02-16T17:02:14.645+05:30  INFO 5364 --- [arihant-grc-tool] [SpringApplicationShutdownHook] com.zaxxer.hikari.HikariDataSource       : HikariPool-1 - Shutdown initiated...
2026-02-16T17:02:14.645+05:30  INFO 5364 --- [arihant-grc-tool] [SpringApplicationShutdownHook] com.zaxxer.hikari.HikariDataSource       : HikariPool-1 - Shutdown completed.
